allergen_count,allergens,barcode,brands,categories,has_allergens,ingredients,product_name,text
0,[],SYNTHETIC_NEG_0158,Classic,Condiment,0,,Lime Juice Natural,lime pure juice
0,[],SYNTHETIC_NEG_0014,Natural,Condiment,0,,Apple Cider Vinegar Natural,apple vinegar cider raw unfiltered
0,[],SYNTHETIC_NEG_0031,Classic,Sweetener,0,,Maple Syrup Natural,pure maple syrup grade a
0,[],SYNTHETIC_NEG_0098,Classic,Thickener,0,,Tapioca Starch Organic,flour tapioca root cassava
0,[],SYNTHETIC_NEG_0166,Pure,Grains,0,,Jasmine Rice Pure,jasmine fragrant rice
4,"['eggs', 'gluten', 'milk', 'soybeans']",00000227,Bijou,"Snacks, Snacks sucrés, Biscuits et gâteaux, Gâteaux, Pâtisseries, Gâteaux au chocolat, Gâteaux fourrés",1,,Bijou Caramel ChocoLait,bijou caramel chocolait snacks snacks sucr s biscuits et g teaux g teaux p tisseries g teaux au chocolat g teaux fourr s bijou
0,[],SYNTHETIC_NEG_0086,Essential,Grains,0,,Jasmine Rice,rice fragrant jasmine
0,[],SYNTHETIC_NEG_0164,Generic,Grains,0,,White Rice Premium,grain rice white long
2,"['Wheat', 'Dairy']",external_csv_oatmeal_raisin_cookies_4a4413d71572,External CSV,External food ingredients dataset,1,"Oats, Brown sugar, Butter, Raisins, cinnamon",Oatmeal Raisin Cookies,oatmeal raisin cookies external food ingredients dataset external csv oats brown sugar butter raisins cinnamon
1,['Dairy'],external_csv_banana_pudding_186038dc65d7,External CSV,External food ingredients dataset,1,"Bananas, Sugar, Milk, Vanilla pudding mix, cookies",Banana Pudding,banana pudding external food ingredients dataset external csv bananas sugar milk vanilla pudding mix cookies
0,[],external_csv_chicken_curry_7b96b4abc3e1,External CSV,External food ingredients dataset,0,"Chicken, Vegetable oil, Curry powder",Chicken Curry,chicken curry external food ingredients dataset external csv chicken vegetable oil curry powder
0,[],external_csv_gazpacho_42293a920b18,External CSV,External food ingredients dataset,0,"Tomatoes, Olive oil, Garlic, herbs",Gazpacho,gazpacho external food ingredients dataset external csv tomatoes olive oil garlic herbs
0,[],SYNTHETIC_NEG_0087,Essential,Grains,0,,Basmati Rice,basmati long grain rice
0,[],SYNTHETIC_NEG_0061,Generic,Beverages,0,,Sparkling Water Premium,carbonated water
1,['Dairy'],external_csv_rabri_d80f9154ab69,External CSV,External food ingredients dataset,1,"Milk, Sugar, Ghee, Cardamom, nuts",Rabri,rabri external food ingredients dataset external csv milk sugar ghee cardamom nuts
1,['Dairy'],external_csv_greek_yogurt_e01b9490608c,External CSV,External food ingredients dataset,1,"Yogurt (milk, cultures)",Greek Yogurt,greek yogurt external food ingredients dataset external csv yogurt milk cultures
1,['Dairy'],external_csv_caprese_sandwich_8b35f9eee382,External CSV,External food ingredients dataset,1,"Tomatoes, Olive oil, Mozzarella cheese, basil",Caprese Sandwich,caprese sandwich external food ingredients dataset external csv tomatoes olive oil mozzarella cheese basil
0,[],SYNTHETIC_NEG_0199,Simple,Beverages,0,,Coconut Water Organic,pure coconut water
0,[],SYNTHETIC_NEG_0110,Classic,Sweetener,0,,Pure Honey Pure,wildflower raw honey
1,['Wheat'],external_csv_chicken_pot_pie_67e0c86b5a8f,External CSV,External food ingredients dataset,1,"Chicken, Butter, Vegetables, pastry",Chicken Pot Pie,chicken pot pie external food ingredients dataset external csv chicken butter vegetables pastry
0,[],SYNTHETIC_NEG_0080,Generic,Seasoning,0,,Pure Sea Salt Pure,sea sodium chloride salt
1,['Dairy'],external_csv_strawberry_smoothie_251ef580634f,External CSV,External food ingredients dataset,1,"Strawberries, Sugar, Yogurt, Milk",Strawberry Smoothie,strawberry smoothie external food ingredients dataset external csv strawberries sugar yogurt milk
1,['Dairy'],external_csv_butternut_squash_soup_e1b885884962,External CSV,External food ingredients dataset,1,"Butternut squash, Butter, Vegetable broth",Butternut Squash Soup,butternut squash soup external food ingredients dataset external csv butternut squash butter vegetable broth
0,[],external_csv_chole_kulche_6e101a2819ac,External CSV,External food ingredients dataset,0,"Chickpeas, Ghee, Kulcha bread, spices",Chole Kulche,chole kulche external food ingredients dataset external csv chickpeas ghee kulcha bread spices
2,"['gluten', 'milk']",0000112407510,liebig,"Plats préparés,Soupes,Veloutés,soupe de cresson",1,,velouté de cresson.,velout de cresson plats pr par s soupes velout s soupe de cresson liebig
0,[],SYNTHETIC_NEG_0143,Generic,Beverages,0,,Tonic Water,carbonated water quinine sugar
0,[],external_csv_greek_lemon_chicken_2cf27091e907,External CSV,External food ingredients dataset,0,"Chicken, Olive oil, Lemon juice, herbs",Greek Lemon Chicken,greek lemon chicken external food ingredients dataset external csv chicken olive oil lemon juice herbs
2,"['Wheat', 'Dairy']",external_csv_banana_bread_df768338a057,External CSV,External food ingredients dataset,1,"Bananas, Sugar, Butter, Flour",Banana Bread,banana bread external food ingredients dataset external csv bananas sugar butter flour
0,[],SYNTHETIC_NEG_0045,Pure,Grains,0,,Brown Rice Organic,whole grain brown rice
0,[],SYNTHETIC_NEG_0057,Classic,Thickener,0,,Corn Starch Premium,pure corn starch
4,"['celery', 'gluten', 'milk', 'none']",0000112302754,liebig,"Plats préparés, Soupes, Soupes à réchauffer",1,,pur soup' mouliné de 5 légumes verts,pur soup moulin de 5 l gumes verts plats pr par s soupes soupes r chauffer liebig
1,['Dairy'],external_csv_baked_garlic_parmesan_chicken_7cca47d29f39,External CSV,External food ingredients dataset,1,"Chicken, Butter, Parmesan cheese, garlic",Baked Garlic Parmesan Chicken,baked garlic parmesan chicken external food ingredients dataset external csv chicken butter parmesan cheese garlic
2,"['Wheat', 'Dairy']",external_csv_jalebi_2f706fc2ce32,External CSV,External food ingredients dataset,1,"Flour, Sugar, Ghee, Saffron syrup",Jalebi,jalebi external food ingredients dataset external csv flour sugar ghee saffron syrup
1,['nuts'],00001941,Dattelmann,"Pflanzliche Lebensmittel und Getränke, Pflanzliche Lebensmittel, Nüsse und Nussprodukte, Nüsse, Mandeln, Ganze Mandeln",1,,Mandeln Naturbelassen,mandeln naturbelassen pflanzliche lebensmittel und getr nke pflanzliche lebensmittel n sse und nussprodukte n sse mandeln ganze mandeln dattelmann
1,['sulphur-dioxide-and-sulphites'],0000131327786,Sainsbury's,Lime Cordial,1,,Lime Cordial,lime cordial lime cordial sainsbury s
1,['Dairy'],external_csv_gulab_jamun_489728798e2e,External CSV,External food ingredients dataset,1,"Milk solids, Sugar, Ghee, Cardamom syrup",Gulab Jamun,gulab jamun external food ingredients dataset external csv milk solids sugar ghee cardamom syrup
0,[],SYNTHETIC_NEG_0150,Generic,Sweetener,0,,Pure Honey Premium Quality,raw wildflower honey
1,['Soybeans'],external_csv_tofu_stir_fry_e0f8d8c6b7d7,External CSV,External food ingredients dataset,1,"Tofu, Vegetable oil, Soy sauce",Tofu Stir-Fry,tofu stir fry external food ingredients dataset external csv tofu vegetable oil soy sauce
1,['Dairy'],external_csv_mushroom_soup_4c797924fb45,External CSV,External food ingredients dataset,1,"Mushrooms, Butter, Vegetable broth",Mushroom Soup,mushroom soup external food ingredients dataset external csv mushrooms butter vegetable broth
0,[],SYNTHETIC_NEG_0151,Simple,Sweetener,0,,Maple Syrup Pure,pure maple syrup grade a
2,"['Shellfish', 'Dairy']",external_csv_prawn_curry_fdd6b959cadd,External CSV,External food ingredients dataset,1,"Prawns, Coconut milk, Curry spices",Prawn Curry,prawn curry external food ingredients dataset external csv prawns coconut milk curry spices
0,[],SYNTHETIC_NEG_0034,Essential,Sweetener,0,,Date Sugar Pure,dried ground dates
2,"['fish', 'soybeans']",00000184,Optimum Nutrition,Compléments alimentaires,1,,Melody,melody compl ments alimentaires optimum nutrition
1,['Dairy'],external_csv_malai_chicken_tikka_09458d43358b,External CSV,External food ingredients dataset,1,"Chicken, Cream, Spices",Malai Chicken Tikka,malai chicken tikka external food ingredients dataset external csv chicken cream spices
1,['Milk'],external_csv_vanilla_ice_cream_f9f1ec40bd77,External CSV,External food ingredients dataset,1,"Milk, Sugar, Cream, Vanilla extract",Vanilla Ice Cream,vanilla ice cream external food ingredients dataset external csv milk sugar cream vanilla extract
4,"['gluten', 'nuts', 'peanuts', 'sesame-seeds']",00000321,Kazidomi,"Plant-based foods and beverages,Plant-based foods,Fruits and vegetables based foods,Fruits based foods,Nuts and their products,Dried products,Nuts,Dried plant-based foods,Dried fruits,Brazil nuts",1,,Noix du Brésil,noix du br sil plant based foods and beverages plant based foods fruits and vegetables based foods fruits based foods nuts and their products dried products nuts dried plant based foods dried fruits brazil nuts kazidomi
0,[],external_csv_fruit_salad_6a130e8dc050,External CSV,External food ingredients dataset,0,"Mixed fruits, Sugar, Lemon juice",Fruit Salad,fruit salad external food ingredients dataset external csv mixed fruits sugar lemon juice
1,['milk'],00001437,Herbalife,"Compléments alimentaires, Compléments pour le Bodybuilding",1,,Rebuild,rebuild compl ments alimentaires compl ments pour le bodybuilding herbalife
0,[],SYNTHETIC_NEG_0028,Natural,Spice,0,,Ground Black Pepper Premium,black peppercorns
0,[],SYNTHETIC_NEG_0147,Generic,Beverages,0,,Herbal Tea Natural,hibiscus peppermint chamomile
1,['Milk'],external_csv_vanilla_yogurt_bcb45a2f4e00,External CSV,External food ingredients dataset,1,"Yogurt (milk, cultures), Sugar, Vanilla extract",Vanilla Yogurt,vanilla yogurt external food ingredients dataset external csv yogurt milk cultures sugar vanilla extract
1,['sesame-seeds'],00002955,Kaoka,"Snacks, Snacks sucrés, Cacao et dérivés, Chocolats, Chocolats noirs, Chocolats noirs en tablette",1,,Chocolat noir sésame complet,chocolat noir s same complet snacks snacks sucr s cacao et d riv s chocolats chocolats noirs chocolats noirs en tablette kaoka
3,"['milk', 'peanuts', 'soybeans']",00000260,Herbalife,"Botanas, Snacks dulces, Barritas, Suplementos dietéticos, Suplementos de culturismo, Barritas de proteínas",1,,Barritas con proteínas,barritas con prote nas botanas snacks dulces barritas suplementos diet ticos suplementos de culturismo barritas de prote nas herbalife
2,"['Wheat', 'Dairy']",external_csv_pasta_carbonara_7c60988574c5,External CSV,External food ingredients dataset,1,"Pasta, Bacon, Egg, Parmesan cheese",Pasta Carbonara,pasta carbonara external food ingredients dataset external csv pasta bacon egg parmesan cheese
0,[],SYNTHETIC_NEG_0114,Pure,Sweetener,0,,Date Sugar Fine,dates ground dried
1,['Peanuts'],external_csv_chicken_satay_b9cc8b9d802b,External CSV,External food ingredients dataset,1,"Chicken, Peanut butter, Soy sauce",Chicken Satay,chicken satay external food ingredients dataset external csv chicken peanut butter soy sauce
0,[],SYNTHETIC_NEG_0116,Natural,Flavoring,0,,Vanilla Extract Premium,extract bean water vanilla alcohol
0,[],SYNTHETIC_NEG_0146,Classic,Beverages,0,,Black Tea Premium Quality,tea black leaves
0,[],SYNTHETIC_NEG_0181,Natural,Beverages,0,,Sparkling Water Premium,carbonated water
2,"['Wheat', 'Dairy']",external_csv_chicken_caesar_salad_86e1b2eae798,External CSV,External food ingredients dataset,1,"Chicken, Caesar dressing, Romaine lettuce, croutons",Chicken Caesar Salad,chicken caesar salad external food ingredients dataset external csv chicken caesar dressing romaine lettuce croutons
2,"['Pine nuts', 'Dairy']",external_csv_pesto_chicken_902dfb5b48c1,External CSV,External food ingredients dataset,1,"Chicken, Olive oil, Pesto sauce",Pesto Chicken,pesto chicken external food ingredients dataset external csv chicken olive oil pesto sauce
0,[],SYNTHETIC_NEG_0162,Generic,Sweetener,0,,Brown Sugar Natural,molasses sugar brown cane sugar
2,"['Shellfish', 'Soybeans']",external_csv_shrimp_fried_rice_30dcdf9ffbf5,External CSV,External food ingredients dataset,1,"Shrimp, Vegetable oil, Soy sauce",Shrimp Fried Rice,shrimp fried rice external food ingredients dataset external csv shrimp vegetable oil soy sauce
1,['Dairy'],external_csv_paneer_tikka_2971c945a478,External CSV,External food ingredients dataset,1,"Paneer, Oil, Tikka masala, spices",Paneer Tikka,paneer tikka external food ingredients dataset external csv paneer oil tikka masala spices
0,[],SYNTHETIC_NEG_0136,Basic,Baking,0,,Baking Powder Pure,monocalcium phosphate corn starch bicarbonate sodium
0,[],SYNTHETIC_NEG_0076,Basic,Flavoring,0,,Vanilla Extract Pure,vanilla bean extract alcohol water
1,['Peanuts'],external_csv_chicken_satay_26e65aef460b,External CSV,External food ingredients dataset,1,"Chicken, Peanut oil, Satay sauce, spices",Chicken Satay,chicken satay external food ingredients dataset external csv chicken peanut oil satay sauce spices
0,[],SYNTHETIC_NEG_0107,Generic,Beverages,0,,Herbal Tea Pure,chamomile peppermint hibiscus
2,"['Dairy', 'Fish']",external_csv_chicken_piccata_ab00e626bf1e,External CSV,External food ingredients dataset,1,"Chicken, Butter, Lemon, capers",Chicken Piccata,chicken piccata external food ingredients dataset external csv chicken butter lemon capers
1,['milk'],0000300000335,Unknown Brand,Baby foods,1,,Unknown Product,unknown product baby foods unknown brand
0,[],external_csv_orange_chicken_2819fcff380f,External CSV,External food ingredients dataset,0,"Chicken, Vegetable oil, Orange sauce",Orange Chicken,orange chicken external food ingredients dataset external csv chicken vegetable oil orange sauce
0,[],SYNTHETIC_NEG_0066,Natural,Beverages,0,,Black Tea Premium,black tea leaves
1,['Dairy'],external_csv_greek_salad_1130a6705c59,External CSV,External food ingredients dataset,1,"Cucumbers, Olive oil, Feta cheese, olives",Greek Salad,greek salad external food ingredients dataset external csv cucumbers olive oil feta cheese olives
0,[],SYNTHETIC_NEG_0130,Natural,Oils,0,,Canola Oil Premium Quality,vegetable canola oil
5,"['eggs', 'gluten', 'milk', 'nuts', 'soybeans']",00000055,Carbide Forte,"Snacks,Snacks sucrés,Biscuits et gâteaux,Gâteaux,Gâteaux au chocolat,Moelleux au chocolat",1,,Calcium,calcium snacks snacks sucr s biscuits et g teaux g teaux g teaux au chocolat moelleux au chocolat carbide forte
0,[],external_csv_tomato_bruschetta_64c3371b6140,External CSV,External food ingredients dataset,0,"Tomatoes, Olive oil, Garlic, basil",Tomato Bruschetta,tomato bruschetta external food ingredients dataset external csv tomatoes olive oil garlic basil
1,['milk'],00000536,Unknown Brand,"Petit-déjeuners,Produits à tartiner,Produits à tartiner sucrés,Produits de la ruche,Produits d'élevages,Édulcorants,Miels,Fromages à pâte pressée non cuite",1,,Natural Honey Wildflower,natural honey wildflower petit d jeuners produits tartiner produits tartiner sucr s produits de la ruche produits d levages dulcorants miels fromages p te press e non cuite unknown brand
0,[],SYNTHETIC_NEG_0042,Simple,Sweetener,0,,Brown Sugar Premium,brown sugar molasses cane sugar
2,"['Shellfish', 'Dairy']",external_csv_lobster_bisque_8e7df232d0ab,External CSV,External food ingredients dataset,1,"Lobster, Butter, Cream, brandy",Lobster Bisque,lobster bisque external food ingredients dataset external csv lobster butter cream brandy
0,[],external_csv_orange_juice_84d9c31f0c32,External CSV,External food ingredients dataset,0,"Oranges, Sugar",Orange Juice,orange juice external food ingredients dataset external csv oranges sugar
0,[],external_csv_minestrone_soup_6b73e64aa762,External CSV,External food ingredients dataset,0,"Vegetables, Olive oil, Tomato broth",Minestrone Soup,minestrone soup external food ingredients dataset external csv vegetables olive oil tomato broth
2,"['Fish', 'Soybeans']",external_csv_honey_soy_glazed_salmon_a199da5c1fc9,External CSV,External food ingredients dataset,1,"Salmon, Honey, Soy sauce, Garlic, ginger",Honey Soy Glazed Salmon,honey soy glazed salmon external food ingredients dataset external csv salmon honey soy sauce garlic ginger
2,"['celery', 'gluten']",0000112302619,liebig,"Plats préparés,Soupes,Soupes de nouilles instantanées",1,,soupe à la chinoise  légumes et vermicelles,soupe la chinoise l gumes et vermicelles plats pr par s soupes soupes de nouilles instantan es liebig
2,"['Wheat', 'Dairy']",external_csv_baked_apple_302809876daf,External CSV,External food ingredients dataset,1,"Apples, Sugar, Butter, Cinnamon, oats",Baked Apple,baked apple external food ingredients dataset external csv apples sugar butter cinnamon oats
0,[],SYNTHETIC_NEG_0185,Generic,Beverages,0,,Green Tea Premium,leaves tea green
0,[],SYNTHETIC_NEG_0094,Basic,Condiment,0,,Apple Cider Vinegar Premium,vinegar apple raw cider unfiltered
1,['peanuts'],0000200000015,Kazidomi,"Aliments et boissons à base de végétaux, Aliments d'origine végétale, Produits à tartiner, Fruits à coques et dérivés, Pâtes à tartiner végétales, Purées d'oléagineux, Beurres de fruits à coques, Purées d'amande, Pâte de noix",1,,Purée d'Amandes Blanches Grillées Bio,pur e d amandes blanches grill es bio aliments et boissons base de v g taux aliments d origine v g tale produits tartiner fruits coques et d riv s p tes tartiner v g tales pur es d ol agineux beurres de fruits coques pur es d amande p te de noix kazidomi
1,['Dairy'],external_csv_chicken_tikka_masala_ccda9fa4b987,External CSV,External food ingredients dataset,1,"Chicken, Sugar, Ghee, Tomato sauce, cream",Chicken Tikka Masala,chicken tikka masala external food ingredients dataset external csv chicken sugar ghee tomato sauce cream
0,[],external_csv_pancetta_pasta_5f5ca37a9b10,External CSV,External food ingredients dataset,0,"Pasta, Pancetta, Garlic, herbs",Pancetta Pasta,pancetta pasta external food ingredients dataset external csv pasta pancetta garlic herbs
1,['Fish'],external_csv_baked_salmon_e6842ca02c5d,External CSV,External food ingredients dataset,1,"Salmon, Olive oil, Lemon, herbs",Baked Salmon,baked salmon external food ingredients dataset external csv salmon olive oil lemon herbs
2,"['eggs', 'gluten']",00000721,bijou,"Snacks,Sweet snacks,Biscuits and cakes,Biscuits,Pastries,Dry biscuits,Sponge fingers biscuit",1,,biscuits cuillers,biscuits cuillers snacks sweet snacks biscuits and cakes biscuits pastries dry biscuits sponge fingers biscuit bijou
0,[],SYNTHETIC_NEG_0153,Natural,Sweetener,0,,Coconut Sugar Premium,palm sugar coconut
0,[],SYNTHETIC_NEG_0156,Simple,Flavoring,0,,Vanilla Extract Natural,vanilla bean extract alcohol water
0,[],external_csv_black_bean_soup_b30f30931989,External CSV,External food ingredients dataset,0,"Black beans, Olive oil, Vegetables",Black Bean Soup,black bean soup external food ingredients dataset external csv black beans olive oil vegetables
1,['soybeans'],00002775,"Herbalife,Balance","Meals, Dietary supplements, Meal replacements",1,,Formula 1,formula 1 meals dietary supplements meal replacements herbalife balance
1,['milk'],0000202330877,WHYsport,"Whey Protein, en:bodybuilding-supplements",1,,Hydro 90 BV 104 Whey Protein,hydro 90 bv 104 whey protein whey protein en bodybuilding supplements whysport
0,[],external_csv_cucumber_salad_8b2024e1db81,External CSV,External food ingredients dataset,0,"Cucumbers, Olive oil, Vinegar, herbs",Cucumber Salad,cucumber salad external food ingredients dataset external csv cucumbers olive oil vinegar herbs
0,[],external_csv_spinach_salad_f01496f1669f,External CSV,External food ingredients dataset,0,"Spinach, Olive oil, Balsamic vinegar",Spinach Salad,spinach salad external food ingredients dataset external csv spinach olive oil balsamic vinegar
0,[],SYNTHETIC_NEG_0050,Simple,Oils,0,,Canola Oil Organic,oil canola vegetable
1,['milk'],0000168178238,Mcvitie's,"Snacks, Sweet snacks, Biscuits and cakes, Biscuits",1,,"Mcvitie's, mini gingerbread men, milk chocolate",mcvitie s mini gingerbread men milk chocolate snacks sweet snacks biscuits and cakes biscuits mcvitie s
1,['crustaceans'],0000150484118,Unknown Brand,Cooked Prawns,1,,Honduran king prawns M&S,honduran king prawns m s cooked prawns unknown brand
1,['soybeans'],00001426,Herbalife,"Meals, Dietary supplements, Bodybuilding supplements, Protein powders",1,,Protein Drink Mix,protein drink mix meals dietary supplements bodybuilding supplements protein powders herbalife
1,['milk'],00002104,Tremblay,"Lácteos, Comidas fermentadas, Productos fermentados de la leche, Quesos, Quesos daneses, Queso Danbo",1,,Queso Danbo en fetas,queso danbo en fetas l cteos comidas fermentadas productos fermentados de la leche quesos quesos daneses queso danbo tremblay
0,[],SYNTHETIC_NEG_0180,Basic,Beverages,0,,Spring Water Pure,natural spring water
0,[],SYNTHETIC_NEG_0008,Simple,Oils,0,,Extra Virgin Olive Oil Premium Quality,cold pressed olive oil
0,[],external_csv_spinach_stuffed_chicken_bc31ce19daa5,External CSV,External food ingredients dataset,0,"Chicken, Olive oil, Spinach, garlic",Spinach Stuffed Chicken,spinach stuffed chicken external food ingredients dataset external csv chicken olive oil spinach garlic
0,[],external_csv_bbq_ribs_bd4b3ba418da,External CSV,External food ingredients dataset,1,"Pork ribs, Brown sugar, Vegetable oil, BBQ sauce",BBQ Ribs,bbq ribs external food ingredients dataset external csv pork ribs brown sugar vegetable oil bbq sauce
0,[],SYNTHETIC_NEG_0189,Generic,Spice,0,,Sea Salt Grinder,coarse sea salt
2,"['gluten', 'milk']",00002264,Crous resto,Unknown Category,1,,Baguette Poitevin,baguette poitevin unknown category crous resto
2,"['Fish', 'Soybeans']",external_csv_sushi_bowl_822bd3803336,External CSV,External food ingredients dataset,1,"Sushi rice, Soy sauce, Raw fish, vegetables",Sushi Bowl,sushi bowl external food ingredients dataset external csv sushi rice soy sauce raw fish vegetables
2,"['Wheat', 'Dairy']",external_csv_pancakes_e37824ba0252,External CSV,External food ingredients dataset,1,"Flour, Sugar, Butter, Baking powder",Pancakes,pancakes external food ingredients dataset external csv flour sugar butter baking powder
0,[],SYNTHETIC_NEG_0068,Basic,Spice,0,,Ground Black Pepper,black peppercorns
1,['milk'],00001422,Fleury Michon,"Snacks, Salty snacks, Appetizers, Chips and fries, Meals, Crisps",1,,Le Jambon de nos Régions,le jambon de nos r gions snacks salty snacks appetizers chips and fries meals crisps fleury michon
2,"['Dairy', 'Wheat']",external_csv_greek_gyro_16609c3a37e3,External CSV,External food ingredients dataset,1,"Lamb/Chicken, Tzatziki sauce, vegetables",Greek Gyro,greek gyro external food ingredients dataset external csv lamb chicken tzatziki sauce vegetables
3,"['gluten', 'milk', 'nuts']",00000739,Bijou,"Snacks,Sweet snacks,Cocoa and its products,Confectioneries,Chocolate candies,Bonbons,Chocolate covered nuts,Chocolate covered almonds",1,,Assortiment d'amandes cacaotés et croustilles,assortiment d amandes cacaot s et croustilles snacks sweet snacks cocoa and its products confectioneries chocolate candies bonbons chocolate covered nuts chocolate covered almonds bijou
2,"['Pine nuts', 'Dairy']",external_csv_zucchini_noodles_with_pesto_76391fc376b2,External CSV,External food ingredients dataset,1,"Zucchini, Olive oil, Pesto sauce",Zucchini Noodles with Pesto,zucchini noodles with pesto external food ingredients dataset external csv zucchini olive oil pesto sauce
2,"['milk', 'soybeans']",00001922,herbalife,Compléments alimentaires,1,,Boisson nutritionnelle vanille creme,boisson nutritionnelle vanille creme compl ments alimentaires herbalife
2,"['Eggs', 'Mustard']",external_csv_egg_salad_sandwich_c4b705e267e0,External CSV,External food ingredients dataset,1,"Eggs, Mayonnaise, Celery, mustard",Egg Salad Sandwich,egg salad sandwich external food ingredients dataset external csv eggs mayonnaise celery mustard
0,[],external_csv_caramel_apple_f079c48dd850,External CSV,External food ingredients dataset,0,"Apples, Caramel",Caramel Apple,caramel apple external food ingredients dataset external csv apples caramel
0,[],external_csv_chicken_teriyaki_f5f7234e5ed8,External CSV,External food ingredients dataset,0,"Chicken, Vegetable oil, Teriyaki sauce",Chicken Teriyaki,chicken teriyaki external food ingredients dataset external csv chicken vegetable oil teriyaki sauce
3,"['peanuts', 'Strontium-90', 'Uranuim-235']",00000833,st Michel,"Beverages and beverages preparations,Plant-based foods and beverages,Beverages,Plant-based beverages,Fruit-based beverages,Juices and nectars,Fruit juices,Unsweetened beverages,Apple juices,Edible,Laptop,Potato",1,,saint Michel galettes,saint michel galettes beverages and beverages preparations plant based foods and beverages beverages plant based beverages fruit based beverages juices and nectars fruit juices unsweetened beverages apple juices edible laptop potato st michel
0,[],external_csv_stuffed_bell_peppers_fcbfdca61b34,External CSV,External food ingredients dataset,0,"Bell peppers, Olive oil, Ground meat, rice",Stuffed Bell Peppers,stuffed bell peppers external food ingredients dataset external csv bell peppers olive oil ground meat rice
0,[],SYNTHETIC_NEG_0037,Generic,Condiment,0,,Lemon Juice Organic,juice lemon pure
0,[],SYNTHETIC_NEG_0117,Simple,Condiment,0,,Lemon Juice Premium,pure juice lemon
1,['Dairy'],external_csv_mashed_potatoes_7ee84c217eab,External CSV,External food ingredients dataset,1,"Potatoes, Butter, Salt, Pepper",Mashed Potatoes,mashed potatoes external food ingredients dataset external csv potatoes butter salt pepper
1,['Dairy'],external_csv_chicken_korma_ab9a2534c0ab,External CSV,External food ingredients dataset,1,"Chicken, Ghee, Creamy sauce, spices",Chicken Korma,chicken korma external food ingredients dataset external csv chicken ghee creamy sauce spices
2,"['Wheat', 'Dairy']",external_csv_cinnamon_rolls_5801beb1f591,External CSV,External food ingredients dataset,1,"Flour, Sugar, Butter, Cinnamon",Cinnamon Rolls,cinnamon rolls external food ingredients dataset external csv flour sugar butter cinnamon
1,['Eggs'],external_csv_egg_salad_a08b1fcfad60,External CSV,External food ingredients dataset,1,"Eggs, Mayonnaise, Celery, onion",Egg Salad,egg salad external food ingredients dataset external csv eggs mayonnaise celery onion
1,['Shellfish'],external_csv_prawn_biryani_915d38473df7,External CSV,External food ingredients dataset,1,"Prawns, Ghee, Basmati rice, spices",Prawn Biryani,prawn biryani external food ingredients dataset external csv prawns ghee basmati rice spices
3,"['gluten', 'milk', 'soybeans']",0000146050146,HERBALIFE,"Compléments alimentaires, Compléments pour le Bodybuilding",1,,FORMULA1 SAVEUR COOKIES ET CRÈME,formula1 saveur cookies et cr me compl ments alimentaires compl ments pour le bodybuilding herbalife
0,[],external_csv_beef_kabobs_9ad61c3997c9,External CSV,External food ingredients dataset,0,"Beef, Olive oil, Seasonings",Beef Kabobs,beef kabobs external food ingredients dataset external csv beef olive oil seasonings
0,[],SYNTHETIC_NEG_0109,Simple,Spice,0,,Sea Salt Grinder Fine,sea coarse salt
0,[],SYNTHETIC_NEG_0009,Pure,Oils,0,,Coconut Oil Premium,oil coconut virgin
0,[],SYNTHETIC_NEG_0049,Basic,Oils,0,,Coconut Oil Organic,virgin oil coconut
0,[],SYNTHETIC_NEG_0140,Simple,Beverages,0,,Spring Water Premium Quality,natural spring water
0,[],external_csv_beef_and_mushroom_stir_fry_1a2921a72f02,External CSV,External food ingredients dataset,0,"Beef, Vegetable oil, Soy sauce",Beef and Mushroom Stir-Fry,beef and mushroom stir fry external food ingredients dataset external csv beef vegetable oil soy sauce
0,[],external_csv_french_fries_a69f62aec605,External CSV,External food ingredients dataset,0,"Potatoes, Vegetable oil, Salt",French Fries,french fries external food ingredients dataset external csv potatoes vegetable oil salt
2,"['Soybeans', 'Fish']",external_csv_sushi_rolls_637d2fac4949,External CSV,External food ingredients dataset,1,"Sushi rice, Soy sauce, Nori (seaweed), fish",Sushi Rolls,sushi rolls external food ingredients dataset external csv sushi rice soy sauce nori seaweed fish
2,"['Fish', 'Eggs']",external_csv_tuna_sandwich_d05451267a00,External CSV,External food ingredients dataset,1,"Tuna, Mayonnaise, Salt, Pepper",Tuna Sandwich,tuna sandwich external food ingredients dataset external csv tuna mayonnaise salt pepper
2,"['Wheat', 'Dairy']",external_csv_mixed_berry_pie_aaaa6380fa33,External CSV,External food ingredients dataset,1,"Mixed berries, Sugar, Butter, Flour",Mixed Berry Pie,mixed berry pie external food ingredients dataset external csv mixed berries sugar butter flour
1,['Dairy'],external_csv_berry_parfait_6c8824abda97,External CSV,External food ingredients dataset,1,"Berries, Honey, Yogurt, Granola",Berry Parfait,berry parfait external food ingredients dataset external csv berries honey yogurt granola
0,[],external_csv_quinoa_stuffed_peppers_aca7ab0d77b5,External CSV,External food ingredients dataset,0,"Quinoa, Olive oil, Vegetables, spices",Quinoa Stuffed Peppers,quinoa stuffed peppers external food ingredients dataset external csv quinoa olive oil vegetables spices
0,[],SYNTHETIC_NEG_0025,Essential,Beverages,0,,Green Tea Fine,green tea leaves
0,[],SYNTHETIC_NEG_0058,Basic,Thickener,0,,Tapioca Starch Pure,flour cassava tapioca root
0,[],SYNTHETIC_NEG_0055,Generic,Baking,0,,Baking Soda Pure,sodium bicarbonate pure
0,[],SYNTHETIC_NEG_0070,Simple,Sweetener,0,,Pure Honey Fine,raw wildflower honey
0,[],external_csv_chicken_shawarma_fb5a6bf5fee0,External CSV,External food ingredients dataset,0,"Chicken, Olive oil, Shawarma seasoning",Chicken Shawarma,chicken shawarma external food ingredients dataset external csv chicken olive oil shawarma seasoning
2,"['Wheat', 'Dairy']",external_csv_blueberry_muffins_b24e19ee9ab2,External CSV,External food ingredients dataset,1,"Flour, Sugar, Butter, Blueberries",Blueberry Muffins,blueberry muffins external food ingredients dataset external csv flour sugar butter blueberries
0,[],external_csv_baked_chicken_wings_f30aaf2f34e1,External CSV,External food ingredients dataset,0,"Chicken wings, Olive oil, Seasonings",Baked Chicken Wings,baked chicken wings external food ingredients dataset external csv chicken wings olive oil seasonings
1,['peanuts'],0000200000002,Kazidomi,"Aliments et boissons à base de végétaux, Aliments d'origine végétale, Légumineuses et dérivés, Petit-déjeuners, Produits à tartiner, Fruits à coques et dérivés, Pâtes à tartiner végétales, Produits à tartiner sucrés, Purées d'oléagineux, Beurres de légumineuses, Pâtes à tartiner, Beurres de fruits à coques, Beurres de cacahuètes, Pâte de noix",1,,Beurre de Cacahuètes Bio,beurre de cacahu tes bio aliments et boissons base de v g taux aliments d origine v g tale l gumineuses et d riv s petit d jeuners produits tartiner fruits coques et d riv s p tes tartiner v g tales produits tartiner sucr s pur es d ol agineux beurres de l gumineuses p tes tartiner beurres de fruits coques beurres de cacahu tes p te de noix kazidomi
0,[],external_csv_mango_salsa_dbab68e71ca8,External CSV,External food ingredients dataset,0,"Mango, Red onion, lime",Mango Salsa,mango salsa external food ingredients dataset external csv mango red onion lime
2,"['Wheat', 'Dairy']",external_csv_chicken_parmesan_c17990f09b87,External CSV,External food ingredients dataset,1,"Chicken, Olive oil, Tomato sauce, cheese",Chicken Parmesan,chicken parmesan external food ingredients dataset external csv chicken olive oil tomato sauce cheese
1,['Dairy'],external_csv_palak_paneer_a624931fcf96,External CSV,External food ingredients dataset,1,"Spinach, Ghee, Paneer, spices",Palak Paneer,palak paneer external food ingredients dataset external csv spinach ghee paneer spices
0,[],external_csv_sweet_potato_fries_1cf4f8554e68,External CSV,External food ingredients dataset,0,"Sweet potatoes, Vegetable oil, Salt, paprika",Sweet Potato Fries,sweet potato fries external food ingredients dataset external csv sweet potatoes vegetable oil salt paprika
1,['Dairy'],external_csv_berry_smoothie_c44b67bec6c0,External CSV,External food ingredients dataset,1,"Mixed berries, Sugar, Yogurt (milk, cultures)",Berry Smoothie,berry smoothie external food ingredients dataset external csv mixed berries sugar yogurt milk cultures
1,['Dairy'],external_csv_dal_makhani_c0c3f0edecaf,External CSV,External food ingredients dataset,1,"Lentils, Ghee, Cream, spices",Dal Makhani,dal makhani external food ingredients dataset external csv lentils ghee cream spices
2,"['milk', 'soybeans']",00001242,GOMAN AS,Compléments alimentaires,1,,Formula 1 Ciocolat boisson nutritionnelle,formula 1 ciocolat boisson nutritionnelle compl ments alimentaires goman as
0,[],external_csv_apple_cider_ca55fdbfaef4,External CSV,External food ingredients dataset,0,"Apples, Sugar, Cinnamon",Apple Cider,apple cider external food ingredients dataset external csv apples sugar cinnamon
0,[],SYNTHETIC_NEG_0108,Generic,Spice,0,,Ground Black Pepper Premium Quality,black peppercorns
0,[],SYNTHETIC_NEG_0183,Basic,Beverages,0,,Tonic Water Pure,quinine water sugar carbonated
3,"['Wheat', 'Dairy', 'Nuts']",external_csv_banana_bread_ea5652b83b79,External CSV,External food ingredients dataset,1,"Bananas, Sugar, Butter, Cinnamon, nuts",Banana Bread,banana bread external food ingredients dataset external csv bananas sugar butter cinnamon nuts
0,[],external_csv_chicken_noodle_soup_d41cf01242b6,External CSV,External food ingredients dataset,0,"Chicken, Vegetable oil, Noodles, vegetables",Chicken Noodle Soup,chicken noodle soup external food ingredients dataset external csv chicken vegetable oil noodles vegetables
2,"['Fish', 'Dairy']",external_csv_baked_cod_a21f79e5f7a8,External CSV,External food ingredients dataset,1,"Cod, Butter, Lemon, herbs",Baked Cod,baked cod external food ingredients dataset external csv cod butter lemon herbs
0,[],SYNTHETIC_NEG_0067,Generic,Beverages,0,,Herbal Tea Organic,chamomile peppermint hibiscus
0,[],SYNTHETIC_NEG_0141,Essential,Beverages,0,,Sparkling Water Fine,carbonated water
1,['milk'],00000452,Unknown Brand,Unknown Category,1,,Unknown Product,unknown product unknown category unknown brand
0,[],external_csv_honey_glazed_carrots_14e88dfb5665,External CSV,External food ingredients dataset,0,"Carrots, Honey, Butter",Honey Glazed Carrots,honey glazed carrots external food ingredients dataset external csv carrots honey butter
0,[],SYNTHETIC_NEG_0007,Natural,Grains,0,,Basmati Rice Pure,grain long basmati rice
0,[],SYNTHETIC_NEG_0011,Classic,Oils,0,,Sunflower Oil Pure,oil sunflower high oleic
0,[],SYNTHETIC_NEG_0029,Natural,Spice,0,,Sea Salt Grinder,coarse sea salt
1,['Dairy'],external_csv_cheddar_cheese_5f558449137c,External CSV,External food ingredients dataset,1,"Cheese, Salt",Cheddar Cheese,cheddar cheese external food ingredients dataset external csv cheese salt
2,"['Wheat', 'Dairy']",external_csv_chocolate_chip_cookies_e961f7655db2,External CSV,External food ingredients dataset,1,"Flour, Sugar, Butter, Chocolate chips",Chocolate Chip Cookies,chocolate chip cookies external food ingredients dataset external csv flour sugar butter chocolate chips
0,[],SYNTHETIC_NEG_0054,Simple,Condiment,0,,Apple Cider Vinegar Premium Quality,vinegar apple raw cider unfiltered
1,['gluten'],0000112407489,Liebig,"Aliments et boissons à base de végétaux, Aliments d'origine végétale, Aliments à base de fruits et de légumes, Conserves, Plats préparés, Soupes, Soupes de légumes, Plats préparés en conserve, Soupes en conserve, Soupes de légumes en conserve",1,,Mouliné de 10 légumes,moulin de 10 l gumes aliments et boissons base de v g taux aliments d origine v g tale aliments base de fruits et de l gumes conserves plats pr par s soupes soupes de l gumes plats pr par s en conserve soupes en conserve soupes de l gumes en conserve liebig
1,['Dairy'],external_csv_kheer_323f51e7e605,External CSV,External food ingredients dataset,1,"Rice, Sugar, Ghee, Cardamom, nuts",Kheer,kheer external food ingredients dataset external csv rice sugar ghee cardamom nuts
0,[],SYNTHETIC_NEG_0195,Classic,Baking,0,,Cocoa Powder Organic,powder cocoa unsweetened
0,[],external_csv_stuffed_mushrooms_0e20e2f61909,External CSV,External food ingredients dataset,0,"Mushrooms, Garlic, herbs",Stuffed Mushrooms,stuffed mushrooms external food ingredients dataset external csv mushrooms garlic herbs
0,[],external_csv_vegetable_curry_8c79a396cd11,External CSV,External food ingredients dataset,0,"Mixed vegetables, Coconut milk, Curry paste",Vegetable Curry,vegetable curry external food ingredients dataset external csv mixed vegetables coconut milk curry paste
1,['gluten'],0000112307267,Liebig,"Aliments et boissons à base de végétaux, Aliments d'origine végétale, Aliments à base de fruits et de légumes, Plats préparés, Soupes, Soupes de légumes",1,,Mouliné de Légumes Verts,moulin de l gumes verts aliments et boissons base de v g taux aliments d origine v g tale aliments base de fruits et de l gumes plats pr par s soupes soupes de l gumes liebig
0,[],SYNTHETIC_NEG_0018,Generic,Thickener,0,,Tapioca Starch Premium Quality,flour root tapioca cassava
0,[],SYNTHETIC_NEG_0084,Classic,Grains,0,,White Rice Organic,long grain white rice
0,[],SYNTHETIC_NEG_0096,Pure,Baking,0,,Baking Powder Premium Quality,monocalcium corn starch phosphate sodium bicarbonate
0,[],external_csv_mutton_biryani_b5b50e5b4383,External CSV,External food ingredients dataset,0,"Mutton, Ghee, Basmati rice, spices",Mutton Biryani,mutton biryani external food ingredients dataset external csv mutton ghee basmati rice spices
1,['Wheat'],external_csv_chicken_noodle_casserole_e7c335cf717d,External CSV,External food ingredients dataset,1,"Chicken, Butter, Noodles, vegetables",Chicken Noodle Casserole,chicken noodle casserole external food ingredients dataset external csv chicken butter noodles vegetables
0,[],SYNTHETIC_NEG_0035,Natural,Baking,0,,Cocoa Powder,cocoa unsweetened powder
1,['Dairy'],external_csv_pumpkin_soup_fa51a3adae1f,External CSV,External food ingredients dataset,1,"Pumpkin, Butter, Nutmeg, cream",Pumpkin Soup,pumpkin soup external food ingredients dataset external csv pumpkin butter nutmeg cream
2,"['Wheat', 'Dairy']",external_csv_vegetable_lasagna_ab98a03504a9,External CSV,External food ingredients dataset,1,"Vegetables, Olive oil, Tomato sauce, cheese",Vegetable Lasagna,vegetable lasagna external food ingredients dataset external csv vegetables olive oil tomato sauce cheese
2,"['Wheat', 'Dairy']",external_csv_chicken_alfredo_pizza_103aa80998f4,External CSV,External food ingredients dataset,1,"Pizza dough, Chicken, Alfredo sauce",Chicken Alfredo Pizza,chicken alfredo pizza external food ingredients dataset external csv pizza dough chicken alfredo sauce
3,"['Wheat', 'Dairy', 'Cocoa']",external_csv_chocolate_chip_pancakes_a8c83b60d6aa,External CSV,External food ingredients dataset,1,"Flour, Sugar, Butter, Chocolate chips",Chocolate Chip Pancakes,chocolate chip pancakes external food ingredients dataset external csv flour sugar butter chocolate chips
1,['Soybeans'],external_csv_miso_soup_8d2c307c07b2,External CSV,External food ingredients dataset,1,"Miso paste, Tofu, seaweed",Miso Soup,miso soup external food ingredients dataset external csv miso paste tofu seaweed
1,['Soybeans'],external_csv_chicken_teriyaki_d5bcd358c952,External CSV,External food ingredients dataset,1,"Chicken, Soy sauce, Honey, ginger",Chicken Teriyaki,chicken teriyaki external food ingredients dataset external csv chicken soy sauce honey ginger
0,[],external_csv_salsa_6ae6203823c3,External CSV,External food ingredients dataset,0,"Tomatoes, Onion, cilantro",Salsa,salsa external food ingredients dataset external csv tomatoes onion cilantro
0,[],SYNTHETIC_NEG_0179,Simple,Thickener,0,,Potato Starch Premium,potato starch
1,['milk'],00002251,Hoosier Hill Farm,Cheese sauce mix,1,,Easy Daddy Mac,easy daddy mac cheese sauce mix hoosier hill farm
2,"['eggs', 'gluten']",0000112302676,Liebig,"Aliments et boissons à base de végétaux, Aliments d'origine végétale, Aliments à base de fruits et de légumes, Conserves, Plats préparés, Soupes, Veloutés, Soupes de légumes, Plats préparés en conserve, Veloutés de légumes, Soupes en conserve, Soupes de légumes en conserve",1,,Velouté de légumes du soleil,velout de l gumes du soleil aliments et boissons base de v g taux aliments d origine v g tale aliments base de fruits et de l gumes conserves plats pr par s soupes velout s soupes de l gumes plats pr par s en conserve velout s de l gumes soupes en conserve soupes de l gumes en conserve liebig
1,['Dairy'],external_csv_margherita_pizza_23ef366e5571,External CSV,External food ingredients dataset,1,"Cheese, Tomato sauce, basil",Margherita Pizza,margherita pizza external food ingredients dataset external csv cheese tomato sauce basil
1,['gluten'],0000112407493,liebig,"Plant-based foods and beverages, Plant-based foods, Fruits and vegetables based foods, Meals, Soups, Vegetable soups, Pumpkin soups, en:cream-of-pumpkin-soups",1,,velouté de potiron,velout de potiron plant based foods and beverages plant based foods fruits and vegetables based foods meals soups vegetable soups pumpkin soups en cream of pumpkin soups liebig
2,"['milk', 'soybeans']",0000111301201,Canola Harvest,Dairy,1,,Canola Harvest® Original Vegetable Oil Spread Tub,canola harvest original vegetable oil spread tub dairy canola harvest
0,[],SYNTHETIC_NEG_0005,Generic,Grains,0,,Brown Rice Premium Quality,whole grain brown rice
1,['Dairy'],external_csv_caesar_salad_6d5af95a4d43,External CSV,External food ingredients dataset,1,"Romaine lettuce, Olive oil, Parmesan cheese",Caesar Salad,caesar salad external food ingredients dataset external csv romaine lettuce olive oil parmesan cheese
0,[],SYNTHETIC_NEG_0074,Generic,Sweetener,0,,Date Sugar Fine,dried ground dates
0,[],SYNTHETIC_NEG_0165,Pure,Grains,0,,Brown Rice Fine,whole grain brown rice
0,[],external_csv_chicken_curry_68ed864578a2,External CSV,External food ingredients dataset,0,"Chicken, Oil, Curry spices",Chicken Curry,chicken curry external food ingredients dataset external csv chicken oil curry spices
1,['sesame-seeds'],0000200000007,Kazidomi,"Aliments et boissons à base de végétaux, Aliments d'origine végétale, Petit-déjeuners, Céréales et pommes de terre, Produits à tartiner, Céréales et dérivés, Pâtes à tartiner végétales, Produits à tartiner sucrés, Purées d'oléagineux, Pâtes à tartiner, Purées de céréales, Purées de sésame, Pâte de noix",1,,Purée de Sésame Tahini Bio,pur e de s same tahini bio aliments et boissons base de v g taux aliments d origine v g tale petit d jeuners c r ales et pommes de terre produits tartiner c r ales et d riv s p tes tartiner v g tales produits tartiner sucr s pur es d ol agineux p tes tartiner pur es de c r ales pur es de s same p te de noix kazidomi
2,"['gluten', 'soybeans']",00000897,Unknown Brand,Unknown Category,1,,Unknown Product,unknown product unknown category unknown brand
1,['Dairy'],external_csv_chicken_alfredo_5fda31bf8202,External CSV,External food ingredients dataset,1,"Chicken, Butter, Cream, Parmesan cheese",Chicken Alfredo,chicken alfredo external food ingredients dataset external csv chicken butter cream parmesan cheese
1,['milk'],00001148,Unknown Brand,Unknown Category,1,,Unknown Product,unknown product unknown category unknown brand
1,['Dairy'],external_csv_chicken_caesar_wrap_69809871b8e5,External CSV,External food ingredients dataset,1,"Chicken, Caesar dressing, Romaine lettuce, Parmesan cheese",Chicken Caesar Wrap,chicken caesar wrap external food ingredients dataset external csv chicken caesar dressing romaine lettuce parmesan cheese
2,"['Eggs', 'Dairy']",external_csv_quiche_23f8c60240b9,External CSV,External food ingredients dataset,1,"Eggs, Cheese, Vegetables",Quiche,quiche external food ingredients dataset external csv eggs cheese vegetables
0,[],SYNTHETIC_NEG_0072,Generic,Sweetener,0,,Agave Nectar Natural,blue agave syrup
0,[],external_csv_vada_pav_e8282eda02b4,External CSV,External food ingredients dataset,0,"Potato, Oil, Pav bun, chutney",Vada Pav,vada pav external food ingredients dataset external csv potato oil pav bun chutney
0,[],SYNTHETIC_NEG_0184,Essential,Beverages,0,,Black Coffee Organic,coffee beans arabica
0,[],external_csv_greek_salad_8d66346b7fe6,External CSV,External food ingredients dataset,0,"Cucumber, Olive oil, Lemon juice",Greek Salad,greek salad external food ingredients dataset external csv cucumber olive oil lemon juice
0,[],SYNTHETIC_NEG_0060,Natural,Beverages,0,,Spring Water Natural,spring natural water
0,[],external_csv_vegetable_stir_fry_de88a8a690b8,External CSV,External food ingredients dataset,0,"Mixed vegetables, Vegetable oil, Soy sauce",Vegetable Stir-Fry,vegetable stir fry external food ingredients dataset external csv mixed vegetables vegetable oil soy sauce
0,[],external_csv_veggie_omelette_3c100eb695ba,External CSV,External food ingredients dataset,0,"Mixed vegetables, Olive oil, Salt, pepper",Veggie Omelette,veggie omelette external food ingredients dataset external csv mixed vegetables olive oil salt pepper
5,"['milk', 'soybeans', 'Hühnereiweiss', 'Weizenprotein', 'Wheyprotein']",0000250632969,allfitnessfactory.de,"Nahrungsergänzungsmittel, Nahrungsergänzungen für Bodybuilder, Proteinpulver",1,,Mehrkomponeneten Protein 90 C6 Banane,mehrkomponeneten protein 90 c6 banane nahrungserg nzungsmittel nahrungserg nzungen f r bodybuilder proteinpulver allfitnessfactory de
1,['Soybeans'],external_csv_soy_milk_1729f620b466,External CSV,External food ingredients dataset,1,"Soybeans, Sugar, Emulsifiers",Soy Milk,soy milk external food ingredients dataset external csv soybeans sugar emulsifiers
0,[],SYNTHETIC_NEG_0048,Essential,Oils,0,,Extra Virgin Olive Oil Pure,cold pressed olive oil
2,"['Wheat', 'Dairy']",external_csv_blueberry_muffins_76a77a2f3670,External CSV,External food ingredients dataset,1,"Blueberries, Sugar, Butter, Flour",Blueberry Muffins,blueberry muffins external food ingredients dataset external csv blueberries sugar butter flour
0,[],SYNTHETIC_NEG_0168,Basic,Oils,0,,Extra Virgin Olive Oil Organic,oil cold pressed olive
1,['Dairy'],external_csv_greek_yogurt_parfait_056046d8f284,External CSV,External food ingredients dataset,1,"Greek yogurt, Honey, Granola, mixed berries",Greek Yogurt Parfait,greek yogurt parfait external food ingredients dataset external csv greek yogurt honey granola mixed berries
0,[],SYNTHETIC_NEG_0131,Basic,Oils,0,,Sunflower Oil Pure,oil sunflower oleic high
0,[],external_csv_apple_b8787aa2821d,External CSV,External food ingredients dataset,0,Apples,Apple,apple external food ingredients dataset external csv apples
0,[],external_csv_gobi_manchurian_e2356af645fb,External CSV,External food ingredients dataset,0,"Cauliflower, Oil, Manchurian sauce",Gobi Manchurian,gobi manchurian external food ingredients dataset external csv cauliflower oil manchurian sauce
1,['Dairy'],external_csv_chicken_fettuccine_alfredo_eb7f7f19619c,External CSV,External food ingredients dataset,1,"Chicken, Butter, Cream, Parmesan cheese",Chicken Fettuccine Alfredo,chicken fettuccine alfredo external food ingredients dataset external csv chicken butter cream parmesan cheese
1,['gluten'],00000636,Sigmature select,"Plant-based foods and beverages, Plant-based foods, Breakfasts, Cereals and potatoes, Cereals and their products, Breakfast cereals, Flakes, Cereal flakes, Rolled flakes, Blend of rolled cereal flakes, Frozen pizza",1,,Ultra thin crust chicken bacon ranch pizza,ultra thin crust chicken bacon ranch pizza plant based foods and beverages plant based foods breakfasts cereals and potatoes cereals and their products breakfast cereals flakes cereal flakes rolled flakes blend of rolled cereal flakes frozen pizza sigmature select
2,"['gluten', 'soybeans']",00000987,Unknown Brand,"Aliments pour bébé, Plats principaux pour bébé, Assiettes pour bébé",1,,Unknown Product,unknown product aliments pour b b plats principaux pour b b assiettes pour b b unknown brand
4,"['eggs', 'gluten', 'milk', 'soybeans']",00000020,Nestlé,"Snacks, Snacks sucrés, Biscuits et gâteaux, Gâteaux, Quatre-quarts, Gâteaux au chocolat, Madeleines, Madeleines au chocolat",1,,Nesquik moins de sucre,nesquik moins de sucre snacks snacks sucr s biscuits et g teaux g teaux quatre quarts g teaux au chocolat madeleines madeleines au chocolat nestl
2,"['Wheat', 'Dairy']",external_csv_beef_wellington_662659192de8,External CSV,External food ingredients dataset,1,"Beef, Butter, Mushrooms, puff pastry",Beef Wellington,beef wellington external food ingredients dataset external csv beef butter mushrooms puff pastry
2,"['Shellfish', 'Dairy']",external_csv_shrimp_scampi_981841ca2668,External CSV,External food ingredients dataset,1,"Shrimp, Butter, Garlic, lemon",Shrimp Scampi,shrimp scampi external food ingredients dataset external csv shrimp butter garlic lemon
3,"['Chicken', 'Wheat', 'Celery']",external_csv_chicken_noodle_soup_6929f715241d,External CSV,External food ingredients dataset,1,"Chicken broth, Salt",Chicken Noodle Soup,chicken noodle soup external food ingredients dataset external csv chicken broth salt
0,[],SYNTHETIC_NEG_0104,Pure,Beverages,0,,Black Coffee Premium,beans arabica coffee
1,['eggs'],0000260814065,Trader Joe's,"Plant-based foods and beverages,Plant-based foods,Cereals and potatoes,Cereals and their products,Specific products,Products for specific diets,Breads,Products without gluten,Gluten-free breads",1,,Gluten free multigrain bread,gluten free multigrain bread plant based foods and beverages plant based foods cereals and potatoes cereals and their products specific products products for specific diets breads products without gluten gluten free breads trader joe s
0,[],SYNTHETIC_NEG_0088,Classic,Oils,0,,Extra Virgin Olive Oil Organic,pressed cold oil olive
1,['Soybeans'],external_csv_tofu_scramble_77df3f5c217d,External CSV,External food ingredients dataset,1,"Tofu, Vegetable oil, Turmeric, spices",Tofu Scramble,tofu scramble external food ingredients dataset external csv tofu vegetable oil turmeric spices
0,[],SYNTHETIC_NEG_0064,Classic,Beverages,0,,Black Coffee Natural,coffee arabica beans
0,[],SYNTHETIC_NEG_0097,Simple,Thickener,0,,Corn Starch Fine,pure corn starch
1,['milk'],0000103529964,Unknown Brand,Unknown Category,1,,impact protein whey,impact protein whey unknown category unknown brand
1,['Dairy'],external_csv_dahi_vada_27644cc77080,External CSV,External food ingredients dataset,1,"Lentil dumplings, Yogurt, Tamarind chutney, spices",Dahi Vada,dahi vada external food ingredients dataset external csv lentil dumplings yogurt tamarind chutney spices
0,[],external_csv_chole_bhature_a695fe124248,External CSV,External food ingredients dataset,0,"Chickpeas, Sugar, Ghee, Chole masala, spices",Chole Bhature,chole bhature external food ingredients dataset external csv chickpeas sugar ghee chole masala spices
0,[],SYNTHETIC_NEG_0051,Essential,Oils,0,,Sunflower Oil Premium Quality,oleic sunflower oil high
0,[],SYNTHETIC_NEG_0090,Pure,Oils,0,,Canola Oil Organic,vegetable canola oil
1,['milk'],0000137007224,Unknown Brand,"Snacks, Snacks sucrés, Viennoiseries, Croissants, Croissants au beurre",1,,Croissant pure beurre X2,croissant pure beurre x2 snacks snacks sucr s viennoiseries croissants croissants au beurre unknown brand
1,['Dairy'],external_csv_greek_yogurt_f329e9908a47,External CSV,External food ingredients dataset,1,"Yogurt (milk, cultures), Honey",Greek Yogurt,greek yogurt external food ingredients dataset external csv yogurt milk cultures honey
0,[],SYNTHETIC_NEG_0016,Essential,Baking,0,,Baking Powder Premium Quality,bicarbonate monocalcium corn starch sodium phosphate
1,['Dairy'],external_csv_caesar_wrap_98b1efe4d477,External CSV,External food ingredients dataset,1,"Grilled chicken, Caesar dressing, Lettuce, Parmesan cheese",Caesar Wrap,caesar wrap external food ingredients dataset external csv grilled chicken caesar dressing lettuce parmesan cheese
2,"['eggs', 'fish']",00000751,NutriVein,"Dietary supplements,Supplement",1,,Multi Collagen Protein,multi collagen protein dietary supplements supplement nutrivein
2,"['milk', 'soybeans']",00000259,Herbalife,"Botanas,Snacks dulces,Suplementos dietéticos",1,,Barrette cioccolato e arachidi 1 barretta 35g.,barrette cioccolato e arachidi 1 barretta 35g botanas snacks dulces suplementos diet ticos herbalife
0,[],external_csv_caramelized_onions_abbbb281dc0f,External CSV,External food ingredients dataset,0,"Onions, Sugar, Butter",Caramelized Onions,caramelized onions external food ingredients dataset external csv onions sugar butter
0,[],external_csv_chicken_and_rice_soup_ade48e7e00e3,External CSV,External food ingredients dataset,0,"Chicken, Vegetable oil, Rice, vegetables",Chicken and Rice Soup,chicken and rice soup external food ingredients dataset external csv chicken vegetable oil rice vegetables
0,[],SYNTHETIC_NEG_0002,Essential,Sweetener,0,,Brown Sugar Premium,cane sugar molasses brown sugar
0,[],SYNTHETIC_NEG_0026,Generic,Beverages,0,,Black Tea Pure,black tea leaves
0,[],SYNTHETIC_NEG_0077,Basic,Condiment,0,,Lemon Juice Natural,juice lemon pure
2,"['Dairy', 'Nuts']",external_csv_baked_brie_3f5a80ca86fc,External CSV,External food ingredients dataset,1,"Brie cheese, Herbs, nuts",Baked Brie,baked brie external food ingredients dataset external csv brie cheese herbs nuts
0,[],SYNTHETIC_NEG_0182,Generic,Beverages,0,,Club Soda Natural,carbonated water sodium bicarbonate
0,[],external_csv_ratatouille_597c5f07e18d,External CSV,External food ingredients dataset,0,"Eggplant, Olive oil, Tomatoes",Ratatouille,ratatouille external food ingredients dataset external csv eggplant olive oil tomatoes
0,[],SYNTHETIC_NEG_0135,Classic,Baking,0,,Baking Soda,bicarbonate pure sodium
1,['soybeans'],0000236555909,Wise Woodworks,"Plant-based foods and beverages, Plant-based foods, Cereals and potatoes, Breads",1,,"Bakers Best, White Bread",bakers best white bread plant based foods and beverages plant based foods cereals and potatoes breads wise woodworks
2,"['Wheat', 'Dairy']",external_csv_berry_cobbler_7c6c12bc26cc,External CSV,External food ingredients dataset,1,"Mixed berries, Sugar, Butter, Flour",Berry Cobbler,berry cobbler external food ingredients dataset external csv mixed berries sugar butter flour
1,['Dairy'],external_csv_banana_smoothie_ca5cc845d906,External CSV,External food ingredients dataset,1,"Bananas, Honey, Yogurt (milk, cultures)",Banana Smoothie,banana smoothie external food ingredients dataset external csv bananas honey yogurt milk cultures
0,[],external_csv_cucumber_salad_ad8952ae5831,External CSV,External food ingredients dataset,0,"Cucumber, Olive oil, Lemon juice, dill",Cucumber Salad,cucumber salad external food ingredients dataset external csv cucumber olive oil lemon juice dill
0,[],SYNTHETIC_NEG_0069,Natural,Spice,0,,Sea Salt Grinder Organic,coarse sea salt
3,"['celery', 'eggs', 'gluten']",0000112407490,Liebig,"Plant-based foods and beverages, Plant-based foods, Canned foods, Fruits and vegetables based foods, Meals, Soups, Vegetable soups, Canned meals, Canned soups, Canned vegetable soups",1,,Unknown Product,unknown product plant based foods and beverages plant based foods canned foods fruits and vegetables based foods meals soups vegetable soups canned meals canned soups canned vegetable soups liebig
2,"['Wheat', 'Dairy']",external_csv_sausage_and_pepper_pizza_ad5b9d046a27,External CSV,External food ingredients dataset,1,"Pizza dough, Sausage, bell peppers",Sausage and Pepper Pizza,sausage and pepper pizza external food ingredients dataset external csv pizza dough sausage bell peppers
1,['gluten'],0000127534563,Unknown Brand,"Plant-based foods and beverages, Plant-based foods, Cereals and potatoes, Breads",1,,German fine bread,german fine bread plant based foods and beverages plant based foods cereals and potatoes breads unknown brand
1,['gluten'],0000112302755,Liebig,Unknown Category,1,,velouté de tomates,velout de tomates unknown category liebig
0,[],SYNTHETIC_NEG_0118,Generic,Condiment,0,,Lime Juice Premium Quality,pure lime juice
1,['Dairy'],external_csv_spinach_artichoke_dip_0bbd7e48bfde,External CSV,External food ingredients dataset,1,"Spinach, Cream cheese, sour cream, Parmesan cheese, garlic",Spinach Artichoke Dip,spinach artichoke dip external food ingredients dataset external csv spinach cream cheese sour cream parmesan cheese garlic
1,['Dairy'],external_csv_butternut_squash_soup_6a95c6c033ea,External CSV,External food ingredients dataset,1,"Butternut squash, Butter, Nutmeg, cream",Butternut Squash Soup,butternut squash soup external food ingredients dataset external csv butternut squash butter nutmeg cream
0,[],SYNTHETIC_NEG_0065,Essential,Beverages,0,,Green Tea Natural,leaves green tea
0,[],external_csv_avocado_toast_72fa07c506db,External CSV,External food ingredients dataset,0,"Avocado, Olive oil, Salt, pepper",Avocado Toast,avocado toast external food ingredients dataset external csv avocado olive oil salt pepper
2,"['Wheat', 'Dairy']",external_csv_berry_crumble_8b7889a0dcf7,External CSV,External food ingredients dataset,1,"Mixed berries, Sugar, Butter, Oats, cinnamon",Berry Crumble,berry crumble external food ingredients dataset external csv mixed berries sugar butter oats cinnamon
2,"['Dairy', 'Ghee']",external_csv_chicken_tikka_masala_3bc2ef4d1b47,External CSV,External food ingredients dataset,1,"Chicken, Ghee, Tikka masala sauce",Chicken Tikka Masala,chicken tikka masala external food ingredients dataset external csv chicken ghee tikka masala sauce
2,"['Wheat', 'Dairy']",external_csv_apple_pie_386cf4ce4c4a,External CSV,External food ingredients dataset,1,"Apples, Sugar, Butter, Cinnamon",Apple Pie,apple pie external food ingredients dataset external csv apples sugar butter cinnamon
1,['Wheat'],external_csv_zucchini_bread_f50456b3a7c5,External CSV,External food ingredients dataset,1,"Zucchini, Sugar, Vegetable oil, Flour",Zucchini Bread,zucchini bread external food ingredients dataset external csv zucchini sugar vegetable oil flour
1,['Dairy'],external_csv_chicken_malai_tikka_0b234f526be5,External CSV,External food ingredients dataset,1,"Chicken, Cream, Spices",Chicken Malai Tikka,chicken malai tikka external food ingredients dataset external csv chicken cream spices
0,[],SYNTHETIC_NEG_0036,Classic,Flavoring,0,,Vanilla Extract Premium Quality,vanilla bean extract alcohol water
0,[],external_csv_ratatouille_651559220935,External CSV,External food ingredients dataset,0,"Vegetables, Olive oil, Herbs",Ratatouille,ratatouille external food ingredients dataset external csv vegetables olive oil herbs
0,[],SYNTHETIC_NEG_0063,Classic,Beverages,0,,Tonic Water Pure,quinine carbonated sugar water
0,[],external_csv_chicken_shawarma_4e1ae51da8c0,External CSV,External food ingredients dataset,0,"Chicken, Olive oil, Shawarma spices",Chicken Shawarma,chicken shawarma external food ingredients dataset external csv chicken olive oil shawarma spices
1,['Dairy'],external_csv_rogan_josh_c3b0c057acde,External CSV,External food ingredients dataset,1,"Lamb, Ghee, Yogurt, Kashmiri red chili",Rogan Josh,rogan josh external food ingredients dataset external csv lamb ghee yogurt kashmiri red chili
2,"['Wheat', 'Dairy']",external_csv_strawberry_shortcake_a7e895579344,External CSV,External food ingredients dataset,1,"Strawberries, Sugar, Whipped cream, Shortcake",Strawberry Shortcake,strawberry shortcake external food ingredients dataset external csv strawberries sugar whipped cream shortcake
1,['gluten'],0000112302711,Liebig,"Aliments et boissons à base de végétaux, Aliments d'origine végétale, Aliments à base de fruits et de légumes, Plats préparés, Soupes, Soupes de légumes, Soupes de tomate",1,,Velouté de tomates,velout de tomates aliments et boissons base de v g taux aliments d origine v g tale aliments base de fruits et de l gumes plats pr par s soupes soupes de l gumes soupes de tomate liebig
1,['Dairy'],external_csv_strawberry_smoothie_d4b9283c44d4,External CSV,External food ingredients dataset,1,"Strawberries, Honey, Yogurt (milk, cultures)",Strawberry Smoothie,strawberry smoothie external food ingredients dataset external csv strawberries honey yogurt milk cultures
4,"['eggs', 'gluten', 'milk', 'nuts']",00000051,Lindt,Confitures,1,,Fondants Citron,fondants citron confitures lindt
1,['milk'],0000111103201,Unknown Brand,Unknown Category,1,,Isalean,isalean unknown category unknown brand
1,['Soybeans'],external_csv_teriyaki_beef_68dcb35d3151,External CSV,External food ingredients dataset,1,"Beef, Soy sauce, Teriyaki sauce, vegetables",Teriyaki Beef,teriyaki beef external food ingredients dataset external csv beef soy sauce teriyaki sauce vegetables
0,[],SYNTHETIC_NEG_0125,Essential,Grains,0,,Brown Rice Premium,grain brown rice whole
2,"['Wheat', 'Dairy']",external_csv_butter_naan_d8246fb87362,External CSV,External food ingredients dataset,1,"Flour, Butter",Butter Naan,butter naan external food ingredients dataset external csv flour butter
0,[],external_csv_ratatouille_pasta_875a52c52536,External CSV,External food ingredients dataset,0,"Pasta, Olive oil, Ratatouille vegetables",Ratatouille Pasta,ratatouille pasta external food ingredients dataset external csv pasta olive oil ratatouille vegetables
1,['Dairy'],external_csv_eggplant_parmesan_12e52f848a88,External CSV,External food ingredients dataset,1,"Eggplant, Olive oil, Marinara sauce, cheese",Eggplant Parmesan,eggplant parmesan external food ingredients dataset external csv eggplant olive oil marinara sauce cheese
0,[],external_csv_chicken_biryani_ab07ace74f1a,External CSV,External food ingredients dataset,0,"Chicken, Ghee, Basmati rice, spices",Chicken Biryani,chicken biryani external food ingredients dataset external csv chicken ghee basmati rice spices
0,[],SYNTHETIC_NEG_0040,Natural,Seasoning,0,,Pure Sea Salt Premium,sea salt sodium chloride
0,[],external_csv_beef_chili_4e43f7e0abd5,External CSV,External food ingredients dataset,0,"Ground beef, Chili powder",Beef Chili,beef chili external food ingredients dataset external csv ground beef chili powder
0,[],SYNTHETIC_NEG_0169,Pure,Oils,0,,Coconut Oil Natural,virgin coconut oil
1,['Fish'],external_csv_baked_salmon_fb2b00bfb4f5,External CSV,External food ingredients dataset,1,"Salmon fillet, Olive oil, Lemon, herbs",Baked Salmon,baked salmon external food ingredients dataset external csv salmon fillet olive oil lemon herbs
2,"['Shellfish', 'Dairy']",external_csv_caesar_shrimp_skewers_135f513f1df8,External CSV,External food ingredients dataset,1,"Shrimp, Olive oil, Caesar dressing",Caesar Shrimp Skewers,caesar shrimp skewers external food ingredients dataset external csv shrimp olive oil caesar dressing
2,"['Dairy', 'Eggs']",external_csv_quiche_lorraine_93cd433d116a,External CSV,External food ingredients dataset,1,"Bacon, Heavy cream, Cheese, eggs",Quiche Lorraine,quiche lorraine external food ingredients dataset external csv bacon heavy cream cheese eggs
2,"['Milk', 'Strawberries']",external_csv_strawberry_yogurt_aee41b244a51,External CSV,External food ingredients dataset,1,"Yogurt (milk, cultures), Sugar, Pectin",Strawberry Yogurt,strawberry yogurt external food ingredients dataset external csv yogurt milk cultures sugar pectin
1,['Fish'],external_csv_teriyaki_salmon_073b54de0a9a,External CSV,External food ingredients dataset,1,"Salmon, Vegetable oil, Teriyaki sauce",Teriyaki Salmon,teriyaki salmon external food ingredients dataset external csv salmon vegetable oil teriyaki sauce
0,[],SYNTHETIC_NEG_0138,Natural,Thickener,0,,Tapioca Starch Premium Quality,flour tapioca cassava root
0,[],external_csv_aloo_gobi_249be06d86d1,External CSV,External food ingredients dataset,0,"Potatoes, Oil, Cauliflower, spices",Aloo Gobi,aloo gobi external food ingredients dataset external csv potatoes oil cauliflower spices
2,"['gluten', 'soybeans']",00000680,kaban,"Meats and their products, Meats, Pork and its products, Pork, Pork loin, Cured pork loin, Lomo Ibérico, Lomo Ibérico bellota",1,,Lomo ibérico de bellota,lomo ib rico de bellota meats and their products meats pork and its products pork pork loin cured pork loin lomo ib rico lomo ib rico bellota kaban
3,"['Wheat', 'Dairy', 'Nuts']",external_csv_zucchini_bread_3695fcd13098,External CSV,External food ingredients dataset,1,"Zucchini, Sugar, Butter, Cinnamon, nuts",Zucchini Bread,zucchini bread external food ingredients dataset external csv zucchini sugar butter cinnamon nuts
0,[],external_csv_beef_tacos_9b57226f7852,External CSV,External food ingredients dataset,0,"Ground beef, Vegetable oil, Taco seasoning",Beef Tacos,beef tacos external food ingredients dataset external csv ground beef vegetable oil taco seasoning
0,[],SYNTHETIC_NEG_0000,Classic,Seasoning,0,,Pure Sea Salt Premium Quality,sea salt sodium chloride
1,['Dairy'],external_csv_stuffed_portobello_mushrooms_f40ce556760e,External CSV,External food ingredients dataset,1,"Portobello mushrooms, Cheese, breadcrumbs",Stuffed Portobello Mushrooms,stuffed portobello mushrooms external food ingredients dataset external csv portobello mushrooms cheese breadcrumbs
0,[],SYNTHETIC_NEG_0001,Pure,Sweetener,0,,White Sugar Pure,sugar cane sucrose sweetener
0,[],external_csv_lentil_soup_e61efffdc487,External CSV,External food ingredients dataset,0,"Lentils, Olive oil, Vegetables",Lentil Soup,lentil soup external food ingredients dataset external csv lentils olive oil vegetables
1,['milk'],0000300300152,Unknown Brand,"Snacks, Sweet snacks, Cocoa and its products, Confectioneries, Chocolate candies",1,,"Nestle, dark truffles grand chocolate",nestle dark truffles grand chocolate snacks sweet snacks cocoa and its products confectioneries chocolate candies unknown brand
0,[],SYNTHETIC_NEG_0122,Natural,Sweetener,0,,Brown Sugar Pure,molasses brown cane sugar sugar
2,"['Fish', 'Eggs']",external_csv_tuna_salad_78462f04efe8,External CSV,External food ingredients dataset,1,"Tuna, Mayonnaise, Celery, onion",Tuna Salad,tuna salad external food ingredients dataset external csv tuna mayonnaise celery onion
0,[],SYNTHETIC_NEG_0030,Basic,Sweetener,0,,Pure Honey Premium,raw wildflower honey
0,[],SYNTHETIC_NEG_0190,Simple,Sweetener,0,,Pure Honey,raw wildflower honey
2,"['celery', 'milk']",0000112302546,Liebig,"Aliments et boissons à base de végétaux, Aliments d'origine végétale, Aliments à base de fruits et de légumes, Plats préparés, Soupes, Veloutés, Soupes de légumes, Veloutés de légumes",1,,velouté de 10 légumes,velout de 10 l gumes aliments et boissons base de v g taux aliments d origine v g tale aliments base de fruits et de l gumes plats pr par s soupes velout s soupes de l gumes velout s de l gumes liebig
2,"['Wheat', 'Dairy']",external_csv_pineapple_upside_down_cake_cde74ff208e7,External CSV,External food ingredients dataset,1,"Pineapple, Sugar, Butter, Flour",Pineapple Upside-Down Cake,pineapple upside down cake external food ingredients dataset external csv pineapple sugar butter flour
0,[],external_csv_beef_burritos_acd44ab84a9e,External CSV,External food ingredients dataset,0,"Beef, Vegetable oil, Burrito seasoning",Beef Burritos,beef burritos external food ingredients dataset external csv beef vegetable oil burrito seasoning
0,[],SYNTHETIC_NEG_0083,Classic,Sweetener,0,,Powdered Sugar Organic,corn sugar starch confectioners
0,[],SYNTHETIC_NEG_0092,Essential,Oils,0,,Avocado Oil Pure,pure avocado oil
0,[],SYNTHETIC_NEG_0187,Essential,Beverages,0,,Herbal Tea Premium,chamomile peppermint hibiscus
1,['Dairy'],external_csv_mushroom_risotto_e78be9c4af59,External CSV,External food ingredients dataset,1,"Mushrooms, Butter, Arborio rice, Parmesan cheese",Mushroom Risotto,mushroom risotto external food ingredients dataset external csv mushrooms butter arborio rice parmesan cheese
2,"['Fish', 'Soybeans']",external_csv_teriyaki_salmon_9b335799c1c4,External CSV,External food ingredients dataset,1,"Salmon fillet, Sugar, Soy sauce, Ginger, garlic",Teriyaki Salmon,teriyaki salmon external food ingredients dataset external csv salmon fillet sugar soy sauce ginger garlic
0,[],external_csv_dosa_6f7af15a4f0e,External CSV,External food ingredients dataset,0,"Rice, Oil, Potato masala, chutney",Dosa,dosa external food ingredients dataset external csv rice oil potato masala chutney
0,[],external_csv_beef_tacos_ad7ed202fd60,External CSV,External food ingredients dataset,0,"Beef, Vegetable oil, Taco seasoning",Beef Tacos,beef tacos external food ingredients dataset external csv beef vegetable oil taco seasoning
1,['Dairy'],external_csv_caesar_salad_wrap_404a2a9a8d29,External CSV,External food ingredients dataset,1,"Grilled chicken, Caesar dressing, Lettuce, Parmesan cheese",Caesar Salad Wrap,caesar salad wrap external food ingredients dataset external csv grilled chicken caesar dressing lettuce parmesan cheese
0,[],external_csv_mango_coconut_popsicles_cea2a1600237,External CSV,External food ingredients dataset,0,"Mango, Sugar, Coconut milk",Mango Coconut Popsicles,mango coconut popsicles external food ingredients dataset external csv mango sugar coconut milk
0,[],external_csv_samosa_5706bcc46f69,External CSV,External food ingredients dataset,1,"Potatoes, Ghee, Spices",Samosa,samosa external food ingredients dataset external csv potatoes ghee spices
0,[],SYNTHETIC_NEG_0149,Simple,Spice,0,,Sea Salt Grinder Organic,coarse sea salt
0,[],SYNTHETIC_NEG_0039,Generic,Beverages,0,,Coconut Water,pure coconut water
2,"['milk', 'soybeans']",00002600,Herbalife,"Dietary supplements,Bodybuilding supplements,Protein powders,Protein shakes",1,,Protein Drink Mix,protein drink mix dietary supplements bodybuilding supplements protein powders protein shakes herbalife
2,"['Wheat', 'Dairy']",external_csv_blueberry_pancakes_a6581496130e,External CSV,External food ingredients dataset,1,"Flour, Sugar, Butter, Blueberries",Blueberry Pancakes,blueberry pancakes external food ingredients dataset external csv flour sugar butter blueberries
0,[],SYNTHETIC_NEG_0102,Generic,Beverages,0,,Club Soda Organic,carbonated water sodium bicarbonate
1,['gluten'],00001526,Trader Joe’s,"Plant-based foods and beverages, Plant-based foods, Cereals and potatoes, Breads, Sliced breads",1,,Sourdough Bread sliced,sourdough bread sliced plant based foods and beverages plant based foods cereals and potatoes breads sliced breads trader joe s
1,['Eggs'],external_csv_omelette_055020d43ef1,External CSV,External food ingredients dataset,1,"Eggs, Butter, Salt, pepper",Omelette,omelette external food ingredients dataset external csv eggs butter salt pepper
0,[],SYNTHETIC_NEG_0144,Natural,Beverages,0,,Black Coffee Fine,coffee arabica beans
0,[],SYNTHETIC_NEG_0010,Essential,Oils,0,,Canola Oil Premium Quality,vegetable canola oil
0,[],SYNTHETIC_NEG_0113,Generic,Sweetener,0,,Coconut Sugar,coconut palm sugar
0,[],SYNTHETIC_NEG_0082,Basic,Sweetener,0,,Brown Sugar Pure,brown sugar molasses cane sugar
0,[],SYNTHETIC_NEG_0020,Essential,Beverages,0,,Spring Water Pure,natural water spring
2,"['Eggs', 'Soybeans']",external_csv_egg_fried_rice_a5fe7ecc2129,External CSV,External food ingredients dataset,1,"Eggs, Sesame oil, Soy sauce",Egg Fried Rice,egg fried rice external food ingredients dataset external csv eggs sesame oil soy sauce
0,[],SYNTHETIC_NEG_0081,Basic,Sweetener,0,,White Sugar Organic,sugar cane sucrose sweetener
2,"['Dairy', 'Cocoa']",external_csv_chocolate_mousse_8d79af417b27,External CSV,External food ingredients dataset,1,"Chocolate, Sugar, Heavy cream, Vanilla extract",Chocolate Mousse,chocolate mousse external food ingredients dataset external csv chocolate sugar heavy cream vanilla extract
0,[],SYNTHETIC_NEG_0021,Generic,Beverages,0,,Sparkling Water Organic,carbonated water
0,[],external_csv_stuffed_tomatoes_a6bfbbe963e4,External CSV,External food ingredients dataset,0,"Tomatoes, Herbs, breadcrumbs",Stuffed Tomatoes,stuffed tomatoes external food ingredients dataset external csv tomatoes herbs breadcrumbs
2,"['Wheat', 'Dairy']",external_csv_garlic_bread_9b3238947998,External CSV,External food ingredients dataset,1,"Bread, Butter, Garlic",Garlic Bread,garlic bread external food ingredients dataset external csv bread butter garlic
0,[],external_csv_ratatouille_tart_3e91dbe58dd9,External CSV,External food ingredients dataset,0,"Vegetables, Olive oil, Puff pastry, herbs",Ratatouille Tart,ratatouille tart external food ingredients dataset external csv vegetables olive oil puff pastry herbs
2,"['Oats', 'Dairy']",external_csv_oatmeal_e5e44c955ad9,External CSV,External food ingredients dataset,1,"Oats, Sugar, Milk, Cinnamon",Oatmeal,oatmeal external food ingredients dataset external csv oats sugar milk cinnamon
0,[],external_csv_roasted_brussels_sprouts_956306d49c28,External CSV,External food ingredients dataset,0,"Brussels sprouts, Olive oil, Balsamic glaze",Roasted Brussels Sprouts,roasted brussels sprouts external food ingredients dataset external csv brussels sprouts olive oil balsamic glaze
0,[],SYNTHETIC_NEG_0027,Natural,Beverages,0,,Herbal Tea Fine,chamomile peppermint hibiscus
6,"['eggs', 'gluten', 'milk', 'nuts', 'soybeans', 'Arroz']",0000182602460,Isagenix,"Botanas, Snacks dulces, Barritas, Barritas de cereales",1,,Isabar,isabar botanas snacks dulces barritas barritas de cereales isagenix
0,[],SYNTHETIC_NEG_0115,Pure,Baking,0,,Cocoa Powder Fine,unsweetened cocoa powder
1,['gluten'],0000112302688,Liebig,Unknown Category,1,,Unknown Product,unknown product unknown category liebig
3,"['gluten', 'milk', 'soybeans']",00000146,Herbalife,"Suplementos dietéticos,Suplementos de culturismo,en:Groceries,en:Supplement",1,,Batido nutricional / Nutricional Shake,batido nutricional nutricional shake suplementos diet ticos suplementos de culturismo en groceries en supplement herbalife
0,[],external_csv_ratatouille_pizza_9e3df45d2a5e,External CSV,External food ingredients dataset,0,"Pizza dough, Olive oil, Ratatouille vegetables",Ratatouille Pizza,ratatouille pizza external food ingredients dataset external csv pizza dough olive oil ratatouille vegetables
0,[],external_csv_buffalo_wings_dbcddb95bddd,External CSV,External food ingredients dataset,0,"Chicken wings, Vegetable oil, Buffalo sauce",Buffalo Wings,buffalo wings external food ingredients dataset external csv chicken wings vegetable oil buffalo sauce
0,[],SYNTHETIC_NEG_0202,Basic,Sweetener,0,,Brown Sugar Pure,molasses brown sugar sugar cane
0,[],external_csv_mango_salsa_adf3b4f27036,External CSV,External food ingredients dataset,0,"Mango, Lime juice, cilantro",Mango Salsa,mango salsa external food ingredients dataset external csv mango lime juice cilantro
0,[],SYNTHETIC_NEG_0078,Classic,Condiment,0,,Lime Juice Premium Quality,lime juice pure
2,"['Wheat', 'Dairy']",external_csv_lemon_poppy_seed_muffins_786736606986,External CSV,External food ingredients dataset,1,"Flour, Sugar, Butter, Lemon zest, poppy seeds",Lemon Poppy Seed Muffins,lemon poppy seed muffins external food ingredients dataset external csv flour sugar butter lemon zest poppy seeds
2,"['gluten', 'soybeans']",0000111111231,More,"Plant-based foods and beverages,Plant-based foods,Cereals and potatoes,Breads",1,,More Fresh 100% whole wheat bread,more fresh 100 whole wheat bread plant based foods and beverages plant based foods cereals and potatoes breads more
0,[],external_csv_lemon_pepper_chicken_aabc1a1033cb,External CSV,External food ingredients dataset,0,"Chicken, Olive oil, Lemon pepper seasoning",Lemon Pepper Chicken,lemon pepper chicken external food ingredients dataset external csv chicken olive oil lemon pepper seasoning
1,['Dairy'],external_csv_margherita_pizza_c8f6fc5c491d,External CSV,External food ingredients dataset,1,"Pizza dough, Olive oil, Mozzarella cheese, tomatoes, basil",Margherita Pizza,margherita pizza external food ingredients dataset external csv pizza dough olive oil mozzarella cheese tomatoes basil
0,[],external_csv_sausage_pizza_62ea239e2725,External CSV,External food ingredients dataset,0,"Sausage, Mozzarella cheese",Sausage Pizza,sausage pizza external food ingredients dataset external csv sausage mozzarella cheese
0,[],SYNTHETIC_NEG_0101,Generic,Beverages,0,,Sparkling Water Premium,carbonated water
0,[],external_csv_pani_puri_95cb9a66c79b,External CSV,External food ingredients dataset,0,"Semolina, Tamarind, Spiced water, chutney",Pani Puri,pani puri external food ingredients dataset external csv semolina tamarind spiced water chutney
0,[],SYNTHETIC_NEG_0152,Simple,Sweetener,0,,Agave Nectar,blue agave syrup
2,"['Fish', 'Coconut']",external_csv_malabar_fish_curry_96c5e676c977,External CSV,External food ingredients dataset,1,"Fish, Coconut oil, Tamarind, spices",Malabar Fish Curry,malabar fish curry external food ingredients dataset external csv fish coconut oil tamarind spices
0,[],SYNTHETIC_NEG_0121,Classic,Sweetener,0,,White Sugar Pure,sweetener cane sugar sucrose
0,[],external_csv_quinoa_salad_12cc5269c172,External CSV,External food ingredients dataset,0,"Quinoa, Olive oil, Lemon juice, herbs",Quinoa Salad,quinoa salad external food ingredients dataset external csv quinoa olive oil lemon juice herbs
5,"['milk', 'soybeans', 'Hühnereiweiss', 'Weizenprotein', 'Wheyprotein']",0000204286484,allfitnessfactory.de,"Nahrungsergänzungsmittel, Nahrungsergänzungen für Bodybuilder, Proteinpulver",1,,Mehrkomponeneten Protein 90 C6 Haselnuß,mehrkomponeneten protein 90 c6 haselnu nahrungserg nzungsmittel nahrungserg nzungen f r bodybuilder proteinpulver allfitnessfactory de
0,[],SYNTHETIC_NEG_0159,Pure,Beverages,0,,Coconut Water Natural,pure coconut water
1,['gluten'],0000112307261,Liebig,"Aliments et boissons à base de végétaux, Aliments d'origine végétale, Aliments à base de fruits et de légumes, Plats préparés, Soupes, Veloutés, Soupes de légumes, Veloutés de légumes",1,,Velouté de 10 légumes,velout de 10 l gumes aliments et boissons base de v g taux aliments d origine v g tale aliments base de fruits et de l gumes plats pr par s soupes velout s soupes de l gumes velout s de l gumes liebig
0,[],external_csv_veggie_burger_1dd743863145,External CSV,External food ingredients dataset,0,"Mixed vegetables, Vegetable oil, Seasonings",Veggie Burger,veggie burger external food ingredients dataset external csv mixed vegetables vegetable oil seasonings
0,[],external_csv_lemonade_5fe899c396b1,External CSV,External food ingredients dataset,0,"Lemon juice, Sugar, Water",Lemonade,lemonade external food ingredients dataset external csv lemon juice sugar water
1,['Shellfish'],external_csv_garlic_shrimp_4bb57b1cbee9,External CSV,External food ingredients dataset,1,"Shrimp, Olive oil, Garlic",Garlic Shrimp,garlic shrimp external food ingredients dataset external csv shrimp olive oil garlic
1,['milk'],0000103224110,4life,"Plant-based foods and beverages, Beverages, Plant-based beverages, Fruit-based beverages, Juices and nectars, Fruit juices, Multifruit juices",1,,Riovida Burst,riovida burst plant based foods and beverages beverages plant based beverages fruit based beverages juices and nectars fruit juices multifruit juices 4life
2,"['celery', 'milk']",0000112302708,Liebig,"Aliments et boissons à base de végétaux, Aliments d'origine végétale, Aliments à base de fruits et de légumes, Plats préparés, Soupes, Veloutés, Soupes de légumes, Veloutés de légumes",1,,Velouté de 10 Légumes,velout de 10 l gumes aliments et boissons base de v g taux aliments d origine v g tale aliments base de fruits et de l gumes plats pr par s soupes velout s soupes de l gumes velout s de l gumes liebig
0,[],external_csv_biryani_0126f87ae606,External CSV,External food ingredients dataset,0,"Rice, Ghee, Biryani masala, spices",Biryani,biryani external food ingredients dataset external csv rice ghee biryani masala spices
0,[],external_csv_cabbage_rolls_fe05e9b6f466,External CSV,External food ingredients dataset,0,"Cabbage, Olive oil, Ground meat, rice",Cabbage Rolls,cabbage rolls external food ingredients dataset external csv cabbage olive oil ground meat rice
0,[],SYNTHETIC_NEG_0170,Essential,Oils,0,,Canola Oil Natural,vegetable canola oil
0,[],SYNTHETIC_NEG_0186,Simple,Beverages,0,,Black Tea Premium Quality,black tea leaves
0,[],SYNTHETIC_NEG_0013,Natural,Condiment,0,,Distilled White Vinegar Premium,white vinegar acetic acid water
1,['Milk'],external_csv_milk_chocolate_c7d4643ad28b,External CSV,External food ingredients dataset,1,"Sugar, Cocoa butter, Milk powder, Vanilla extract",Milk Chocolate,milk chocolate external food ingredients dataset external csv sugar cocoa butter milk powder vanilla extract
1,['Dairy'],external_csv_greek_spanakopita_0485b2727bfb,External CSV,External food ingredients dataset,1,"Spinach, Olive oil, Feta cheese, phyllo dough",Greek Spanakopita,greek spanakopita external food ingredients dataset external csv spinach olive oil feta cheese phyllo dough
0,[],SYNTHETIC_NEG_0017,Generic,Thickener,0,,Corn Starch Organic,corn pure starch
1,['Dairy'],external_csv_chicken_parmesan_9c7629dd27e4,External CSV,External food ingredients dataset,1,"Chicken, Bread crumbs, Parmesan cheese, Marinara sauce",Chicken Parmesan,chicken parmesan external food ingredients dataset external csv chicken bread crumbs parmesan cheese marinara sauce
0,[],SYNTHETIC_NEG_0171,Generic,Oils,0,,Sunflower Oil Organic,high oleic sunflower oil
0,[],SYNTHETIC_NEG_0024,Essential,Beverages,0,,Black Coffee Pure,arabica coffee beans
1,['celery'],0000112302705,Liebig,"Aliments et boissons à base de végétaux, Aliments d'origine végétale, Aliments à base de fruits et de légumes, Plats préparés, Soupes, Soupes de légumes, Soupes de tomate",1,,velouté de tomates et pointe d'origan,velout de tomates et pointe d origan aliments et boissons base de v g taux aliments d origine v g tale aliments base de fruits et de l gumes plats pr par s soupes soupes de l gumes soupes de tomate liebig
0,[],SYNTHETIC_NEG_0100,Classic,Beverages,0,,Spring Water Organic,natural spring water
1,['gluten'],0000203320874,Lidl,"plant-based-foods-and-beverages, plant-based-foods, cereals-and-potatoes, breads, hr:buns, it:panini-al-cioccolato",1,,Unknown Product,unknown product plant based foods and beverages plant based foods cereals and potatoes breads hr buns it panini al cioccolato lidl
1,['Dairy'],external_csv_greek_gyro_wrap_538910200364,External CSV,External food ingredients dataset,1,"Lamb, Tzatziki sauce, tomatoes, onions",Greek Gyro Wrap,greek gyro wrap external food ingredients dataset external csv lamb tzatziki sauce tomatoes onions
0,[],external_csv_ratatouille_38ef50bcb409,External CSV,External food ingredients dataset,0,"Vegetables, Olive oil, Herbs, garlic",Ratatouille,ratatouille external food ingredients dataset external csv vegetables olive oil herbs garlic
2,"['Wheat', 'Dairy']",external_csv_apple_crisp_9816f247aa7c,External CSV,External food ingredients dataset,1,"Apples, Sugar, Butter, Cinnamon, oats",Apple Crisp,apple crisp external food ingredients dataset external csv apples sugar butter cinnamon oats
1,['Dairy'],external_csv_mushroom_and_goat_cheese_flatbread_a0b04c1be71e,External CSV,External food ingredients dataset,1,"Mushrooms, Olive oil, Goat cheese, herbs",Mushroom and Goat Cheese Flatbread,mushroom and goat cheese flatbread external food ingredients dataset external csv mushrooms olive oil goat cheese herbs
2,"['Dairy', 'Nuts']",external_csv_sweet_potato_casserole_eb714bd12350,External CSV,External food ingredients dataset,1,"Sweet potatoes, Brown sugar, Butter, Cinnamon, nutmeg",Sweet Potato Casserole,sweet potato casserole external food ingredients dataset external csv sweet potatoes brown sugar butter cinnamon nutmeg
2,"['Fish', 'Soybeans']",external_csv_sushi_27aa06df8aa6,External CSV,External food ingredients dataset,1,"Fish (salmon, tuna), Rice vinegar, Sesame oil, Soy sauce",Sushi,sushi external food ingredients dataset external csv fish salmon tuna rice vinegar sesame oil soy sauce
0,[],SYNTHETIC_NEG_0106,Classic,Beverages,0,,Black Tea Premium Quality,black tea leaves
0,[],SYNTHETIC_NEG_0134,Simple,Condiment,0,,Apple Cider Vinegar,raw vinegar apple unfiltered cider
0,[],SYNTHETIC_NEG_0015,Natural,Baking,0,,Baking Soda Fine,bicarbonate sodium pure
1,['milk'],0000243969909,Unknown Brand,Unknown Category,1,,animal bar,animal bar unknown category unknown brand
0,[],SYNTHETIC_NEG_0032,Generic,Sweetener,0,,Agave Nectar Natural,blue agave syrup
0,[],external_csv_chicken_curry_e3015c6a90f5,External CSV,External food ingredients dataset,0,"Chicken, Coconut milk, Curry powder",Chicken Curry,chicken curry external food ingredients dataset external csv chicken coconut milk curry powder
0,[],SYNTHETIC_NEG_0111,Natural,Sweetener,0,,Maple Syrup Fine,a syrup maple pure grade
3,"['Almonds', 'Wheat', 'Dairy']",external_csv_almond_cookies_323ecfb64d5b,External CSV,External food ingredients dataset,1,"Almonds, Sugar, Butter, Flour",Almond Cookies,almond cookies external food ingredients dataset external csv almonds sugar butter flour
2,"['Wheat', 'Dairy']",external_csv_pumpkin_pie_460b7a726121,External CSV,External food ingredients dataset,1,"Pumpkin, Sugar, Butter, Pumpkin spice, pastry",Pumpkin Pie,pumpkin pie external food ingredients dataset external csv pumpkin sugar butter pumpkin spice pastry
0,[],external_csv_tofu_curry_bada18d721a5,External CSV,External food ingredients dataset,0,"Tofu, Coconut milk, Curry paste",Tofu Curry,tofu curry external food ingredients dataset external csv tofu coconut milk curry paste
1,['Dairy'],external_csv_cheese_pizza_bfd9619cf026,External CSV,External food ingredients dataset,1,"Cheese, Tomato sauce",Cheese Pizza,cheese pizza external food ingredients dataset external csv cheese tomato sauce
1,['sulphur-dioxide-and-sulphites'],00000383,Sainsburys,"Meat alternatives, Meat analogues, Breaded products, Chicken kievs substitutes",1,,No chicken kiyvs,no chicken kiyvs meat alternatives meat analogues breaded products chicken kievs substitutes sainsburys
1,['milk'],0000105753078,Unknown Brand,"Plant-based foods and beverages, Plant-based foods, Cereals and potatoes, Breads",1,,Bread,bread plant based foods and beverages plant based foods cereals and potatoes breads unknown brand
0,[],external_csv_vegetable_biryani_b4a31157fbec,External CSV,External food ingredients dataset,0,"Mixed vegetables, Ghee, Basmati rice, spices",Vegetable Biryani,vegetable biryani external food ingredients dataset external csv mixed vegetables ghee basmati rice spices
0,[],SYNTHETIC_NEG_0191,Basic,Sweetener,0,,Maple Syrup Premium,pure maple syrup grade a
0,[],SYNTHETIC_NEG_0160,Generic,Seasoning,0,,Pure Sea Salt Premium,sea salt sodium chloride
0,[],external_csv_greek_lemon_potatoes_fcdb908c83c5,External CSV,External food ingredients dataset,0,"Potatoes, Olive oil, Lemon juice, herbs",Greek Lemon Potatoes,greek lemon potatoes external food ingredients dataset external csv potatoes olive oil lemon juice herbs
4,"['gluten', 'milk', 'nuts', 'soybeans']",00001100,BIJOU,"Snacks, Sweet snacks, Biscuits and cakes, Biscuits, fr:Biscuit-patissier-fourres-chocolat-noisette, en:cigarettes",1,,Cigarettes Fourrées Chocolat Noisettes,cigarettes fourr es chocolat noisettes snacks sweet snacks biscuits and cakes biscuits fr biscuit patissier fourres chocolat noisette en cigarettes bijou
1,['celery'],00000050,Bulk Supplements,Compléments alimentaires,1,,Thermo complete,thermo complete compl ments alimentaires bulk supplements
0,[],SYNTHETIC_NEG_0099,Basic,Thickener,0,,Potato Starch Fine,potato starch
0,[],external_csv_vegetable_soup_8f76f7e128b9,External CSV,External food ingredients dataset,0,"Mixed vegetables, Olive oil, Seasonings",Vegetable Soup,vegetable soup external food ingredients dataset external csv mixed vegetables olive oil seasonings
0,[],SYNTHETIC_NEG_0089,Natural,Oils,0,,Coconut Oil Premium Quality,virgin coconut oil
0,[],external_csv_spaghetti_bolognese_8c41ed0e5aa1,External CSV,External food ingredients dataset,1,"Ground beef, Sugar, Olive oil, Tomato sauce",Spaghetti Bolognese,spaghetti bolognese external food ingredients dataset external csv ground beef sugar olive oil tomato sauce
3,"['Wheat', 'Dairy', 'Alcohol']",external_csv_tiramisu_827bd9816b3b,External CSV,External food ingredients dataset,1,"Ladyfingers, Sugar, Mascarpone cheese, coffee liqueur, Cocoa powder",Tiramisu,tiramisu external food ingredients dataset external csv ladyfingers sugar mascarpone cheese coffee liqueur cocoa powder
1,['soybeans'],00000195,Pro Fuel,"Compléments alimentaires,Compléments pour le Bodybuilding,Protéines en poudre",1,,Unknown Product,unknown product compl ments alimentaires compl ments pour le bodybuilding prot ines en poudre pro fuel
2,"['Dairy', 'Anchovies']",external_csv_chicken_caesar_salad_e0813aeaffb5,External CSV,External food ingredients dataset,1,"Chicken breast, Olive oil, Parmesan cheese",Chicken Caesar Salad,chicken caesar salad external food ingredients dataset external csv chicken breast olive oil parmesan cheese
0,[],SYNTHETIC_NEG_0124,Simple,Grains,0,,White Rice Premium,long grain white rice
3,"['eggs', 'gluten', 'milk']",00002716,mamie Nova,"Produits laitiers, Snacks, Desserts, Snacks sucrés, Desserts lactés, Biscuits et gâteaux, Pâtisseries, Tiramisu, Tiramisu au café",1,,Tiramisu cappuccino,tiramisu cappuccino produits laitiers snacks desserts snacks sucr s desserts lact s biscuits et g teaux p tisseries tiramisu tiramisu au caf mamie nova
2,"['Wheat', 'Dairy']",external_csv_apple_pie_828d423d471e,External CSV,External food ingredients dataset,1,"Apples, Sugar, Butter, Cinnamon, pastry",Apple Pie,apple pie external food ingredients dataset external csv apples sugar butter cinnamon pastry
1,['gluten'],0000112407504,Liebig,Unknown Category,1,,mouliné  légumes d'autrefois,moulin l gumes d autrefois unknown category liebig
1,['Dairy'],external_csv_malai_kofta_01b91453c2ee,External CSV,External food ingredients dataset,1,"Cottage cheese, Ghee, Creamy tomato sauce",Malai Kofta,malai kofta external food ingredients dataset external csv cottage cheese ghee creamy tomato sauce
2,"['Wheat', 'Dairy']",external_csv_pumpkin_pie_dc399f97ad3f,External CSV,External food ingredients dataset,1,"Pumpkin, Sugar, Butter, Cinnamon, nutmeg",Pumpkin Pie,pumpkin pie external food ingredients dataset external csv pumpkin sugar butter cinnamon nutmeg
0,[],SYNTHETIC_NEG_0105,Essential,Beverages,0,,Green Tea Premium Quality,tea green leaves
0,[],SYNTHETIC_NEG_0059,Basic,Thickener,0,,Potato Starch Pure,potato starch
0,[],SYNTHETIC_NEG_0127,Pure,Grains,0,,Basmati Rice Organic,basmati long grain rice
0,[],external_csv_chicken_enchiladas_774e0b9b6943,External CSV,External food ingredients dataset,0,"Chicken, Vegetable oil, Enchilada sauce",Chicken Enchiladas,chicken enchiladas external food ingredients dataset external csv chicken vegetable oil enchilada sauce
2,"['Dairy', 'Wheat']",external_csv_french_onion_soup_1d4839f31a48,External CSV,External food ingredients dataset,1,"Onions, Butter, Beef broth, cheese, bread",French Onion Soup,french onion soup external food ingredients dataset external csv onions butter beef broth cheese bread
0,[],SYNTHETIC_NEG_0172,Basic,Oils,0,,Avocado Oil Premium Quality,pure avocado oil
0,[],external_csv_green_smoothie_880e9c6dfe6b,External CSV,External food ingredients dataset,0,"Spinach, Honey, Avocado, Almond milk",Green Smoothie,green smoothie external food ingredients dataset external csv spinach honey avocado almond milk
5,"['eggs', 'gluten', 'milk', 'nuts', 'soybeans']",00002155,Bijou,"Snacks, Snacks sucrés, Biscuits et gâteaux, Gâteaux, Gâteaux au chocolat, Madeleines, Madeleines au chocolat, Madeleines chocolat noisette",1,,Madeleines Bijou,madeleines bijou snacks snacks sucr s biscuits et g teaux g teaux g teaux au chocolat madeleines madeleines au chocolat madeleines chocolat noisette bijou
0,[],external_csv_coconut_curry_4137fd42f1b2,External CSV,External food ingredients dataset,0,"Chicken, Coconut milk, Curry paste",Coconut Curry,coconut curry external food ingredients dataset external csv chicken coconut milk curry paste
0,[],SYNTHETIC_NEG_0142,Natural,Beverages,0,,Club Soda Premium,sodium water bicarbonate carbonated
0,[],external_csv_paniyaram_6077391ac7b6,External CSV,External food ingredients dataset,0,"Fermented batter, Oil, Mustard seeds, curry leaves",Paniyaram,paniyaram external food ingredients dataset external csv fermented batter oil mustard seeds curry leaves
0,[],SYNTHETIC_NEG_0056,Natural,Baking,0,,Baking Powder Natural,corn bicarbonate phosphate monocalcium starch sodium
3,"['eggs', 'gluten', 'milk']",0000242305404,Mondamin,"Pflanzliche Lebensmittel und Getränke,Pflanzliche Lebensmittel,Getreide und Kartoffeln,Getreideprodukte,Kochhelfer,Nachtischmischungen,en:Pancake mixes",1,,Teig-Mix Pfannkuchen,teig mix pfannkuchen pflanzliche lebensmittel und getr nke pflanzliche lebensmittel getreide und kartoffeln getreideprodukte kochhelfer nachtischmischungen en pancake mixes mondamin
0,[],SYNTHETIC_NEG_0119,Simple,Beverages,0,,Coconut Water Premium,water pure coconut
1,['Dairy'],external_csv_watermelon_salad_fd0a6da3e1df,External CSV,External food ingredients dataset,1,"Watermelon, Feta cheese, mint",Watermelon Salad,watermelon salad external food ingredients dataset external csv watermelon feta cheese mint
0,[],SYNTHETIC_NEG_0163,Basic,Sweetener,0,,Powdered Sugar Premium Quality,corn starch confectioners sugar
2,"['Wheat', 'Dairy']",external_csv_baked_ziti_d9794f527eb8,External CSV,External food ingredients dataset,1,"Pasta, Cheese, Tomato sauce",Baked Ziti,baked ziti external food ingredients dataset external csv pasta cheese tomato sauce
2,"['milk', 'soybeans']",0000170330815,Hershey Company,Unknown Category,1,,Milk Duds,milk duds unknown category hershey company
0,[],SYNTHETIC_NEG_0201,Pure,Sweetener,0,,White Sugar,sugar cane sucrose sweetener
2,"['Wheat', 'Dairy']",external_csv_mushroom_risotto_316a06d2e03b,External CSV,External food ingredients dataset,1,"Arborio rice, Butter, Mushroom",Mushroom Risotto,mushroom risotto external food ingredients dataset external csv arborio rice butter mushroom
0,[],external_csv_chana_masala_2cd9a09ca24a,External CSV,External food ingredients dataset,0,"Chickpeas, Oil, Masala spices",Chana Masala,chana masala external food ingredients dataset external csv chickpeas oil masala spices
0,[],SYNTHETIC_NEG_0103,Pure,Beverages,0,,Tonic Water Premium Quality,carbonated water quinine sugar
3,"['gluten', 'milk', 'soybeans']",00001171,Herbalife,"Boissons,Produits laitiers,Conserves,Plats préparés,Boissons lactées,Laits aromatisés,Compléments alimentaires,Milkshakes",1,,Formula 1 healthy meal,formula 1 healthy meal boissons produits laitiers conserves plats pr par s boissons lact es laits aromatis s compl ments alimentaires milkshakes herbalife
0,[],external_csv_quinoa_salad_1d63d0291f25,External CSV,External food ingredients dataset,0,"Quinoa, Olive oil, Lemon juice, vegetables",Quinoa Salad,quinoa salad external food ingredients dataset external csv quinoa olive oil lemon juice vegetables
1,['Dairy'],external_csv_rasmalai_94271cfc861e,External CSV,External food ingredients dataset,1,"Paneer, Sugar, Milk, Ghee, Cardamom, nuts",Rasmalai,rasmalai external food ingredients dataset external csv paneer sugar milk ghee cardamom nuts
0,[],SYNTHETIC_NEG_0145,Generic,Beverages,0,,Green Tea Pure,green tea leaves
1,['Aloe'],00001065,Herbalife,"Alimentos y bebidas de origen vegetal, Bebidas, Comidas preparadas, Bebidas de origen vegetal, Bebidas a base de frutas, Suplementos dietéticos, Suplementos de culturismo, en:Supplement, en:groceries",1,,boisson à l'aloe vera,boisson l aloe vera alimentos y bebidas de origen vegetal bebidas comidas preparadas bebidas de origen vegetal bebidas a base de frutas suplementos diet ticos suplementos de culturismo en supplement en groceries herbalife
0,[],external_csv_tomato_soup_e7db95442b38,External CSV,External food ingredients dataset,0,"Tomatoes, Salt, Sugar",Tomato Soup,tomato soup external food ingredients dataset external csv tomatoes salt sugar
2,"['Wheat', 'Dairy']",external_csv_oatmeal_raisin_cookies_b27a77424870,External CSV,External food ingredients dataset,1,"Oats, Sugar, Butter, Flour",Oatmeal Raisin Cookies,oatmeal raisin cookies external food ingredients dataset external csv oats sugar butter flour
0,[],external_csv_lentil_salad_398873a56d39,External CSV,External food ingredients dataset,0,"Lentils, Olive oil, Lemon juice, vegetables",Lentil Salad,lentil salad external food ingredients dataset external csv lentils olive oil lemon juice vegetables
3,"['eggs', 'gluten', 'milk']",0000112302621,Liebig,"Aliments et boissons à base de végétaux, Aliments d'origine végétale, Aliments à base de fruits et de légumes, Légumes et dérivés, Plats préparés, Aliments et boissons à base de légumes, Produits de la plante de courge, Soupes, Veloutés, Courges et dérivés, Soupes de légumes, Veloutés de légumes, Soupes de potiron, Veloutés de potiron",1,,Potiron et vermicelles,potiron et vermicelles aliments et boissons base de v g taux aliments d origine v g tale aliments base de fruits et de l gumes l gumes et d riv s plats pr par s aliments et boissons base de l gumes produits de la plante de courge soupes velout s courges et d riv s soupes de l gumes velout s de l gumes soupes de potiron velout s de potiron liebig
1,['milk'],0000111301263,Canola Harvest,Fats,1,,"Canola harvest, buttery spread, with flaxseed oil",canola harvest buttery spread with flaxseed oil fats canola harvest
1,['Dairy'],external_csv_stuffed_mushrooms_292838239702,External CSV,External food ingredients dataset,1,"Mushrooms, Cheese, breadcrumbs",Stuffed Mushrooms,stuffed mushrooms external food ingredients dataset external csv mushrooms cheese breadcrumbs
0,[],SYNTHETIC_NEG_0052,Simple,Oils,0,,Avocado Oil Fine,pure avocado oil
2,"['Wheat', 'Dairy']",external_csv_apple_crisp_735623707590,External CSV,External food ingredients dataset,1,"Apples, Sugar, Butter, Cinnamon",Apple Crisp,apple crisp external food ingredients dataset external csv apples sugar butter cinnamon
2,"['eggs', 'gluten']",00000996,La Quinta,"Botanas, Snacks dulces, Dulces, Alimentos festivos, Gastronomía navideña, Dulces de Navidad, Alfajores",1,,Alfajor Dulce de leche,alfajor dulce de leche botanas snacks dulces dulces alimentos festivos gastronom a navide a dulces de navidad alfajores la quinta
1,['Wheat'],external_csv_aloo_paratha_b7c524a88aa1,External CSV,External food ingredients dataset,1,"Potatoes, Ghee, Wheat flour, spices",Aloo Paratha,aloo paratha external food ingredients dataset external csv potatoes ghee wheat flour spices
1,['Dairy'],external_csv_caesar_salad_21a2473e28bd,External CSV,External food ingredients dataset,1,"Romaine lettuce, Olive oil, Caesar dressing",Caesar Salad,caesar salad external food ingredients dataset external csv romaine lettuce olive oil caesar dressing
0,[],external_csv_sweet_and_sour_chicken_136f7cdf81a1,External CSV,External food ingredients dataset,0,"Chicken, Sugar, Vegetable oil, Pineapple, bell peppers",Sweet and Sour Chicken,sweet and sour chicken external food ingredients dataset external csv chicken sugar vegetable oil pineapple bell peppers
0,[],external_csv_zucchini_noodles_ac1669ebbd42,External CSV,External food ingredients dataset,0,"Zucchini, Olive oil, Garlic, herbs",Zucchini Noodles,zucchini noodles external food ingredients dataset external csv zucchini olive oil garlic herbs
0,[],SYNTHETIC_NEG_0023,Basic,Beverages,0,,Tonic Water Pure,sugar quinine water carbonated
2,"['Wheat', 'Dairy']",external_csv_chicken_quesadilla_97759e711c98,External CSV,External food ingredients dataset,1,"Chicken, Butter, Cheese",Chicken Quesadilla,chicken quesadilla external food ingredients dataset external csv chicken butter cheese
0,[],SYNTHETIC_NEG_0126,Simple,Grains,0,,Jasmine Rice Fine,fragrant jasmine rice
1,['nuts'],00000194,Biojoy,"Plant-based foods and beverages, Plant-based foods, Nuts and their products, Nuts, Shelled nuts, Walnuts, Walnut kernels",1,,Bio Walnusskerne Achtel kerne,bio walnusskerne achtel kerne plant based foods and beverages plant based foods nuts and their products nuts shelled nuts walnuts walnut kernels biojoy
0,[],SYNTHETIC_NEG_0133,Pure,Condiment,0,,Distilled White Vinegar Organic,acid acetic water white vinegar
1,['Dairy'],external_csv_caprese_skewers_5579ae7e1133,External CSV,External food ingredients dataset,1,"Tomatoes, Olive oil, Mozzarella cheese, basil",Caprese Skewers,caprese skewers external food ingredients dataset external csv tomatoes olive oil mozzarella cheese basil
2,"['Wheat', 'Dairy']",external_csv_vanilla_cupcakes_fedcb81aeba8,External CSV,External food ingredients dataset,1,"Flour, Sugar, Butter, Vanilla extract",Vanilla Cupcakes,vanilla cupcakes external food ingredients dataset external csv flour sugar butter vanilla extract
3,"['eggs', 'gluten', 'milk']",00000010,xxx,"Beverages and beverages preparations, Beverages, Snacks, Desserts, Sweet snacks, Biscuits and cakes, Biscuits and crackers, Biscuits, Cakes, Pound Cake, Madeleines, Plain madeleines",1,,xxx,xxx beverages and beverages preparations beverages snacks desserts sweet snacks biscuits and cakes biscuits and crackers biscuits cakes pound cake madeleines plain madeleines xxx
0,[],SYNTHETIC_NEG_0161,Generic,Sweetener,0,,White Sugar Premium Quality,cane sugar sucrose sweetener
0,[],SYNTHETIC_NEG_0112,Essential,Sweetener,0,,Agave Nectar Pure,syrup agave blue
0,[],SYNTHETIC_NEG_0046,Simple,Grains,0,,Jasmine Rice,jasmine fragrant rice
0,[],external_csv_ratatouille_675cb33586a3,External CSV,External food ingredients dataset,0,"Eggplant, Olive oil, Tomatoes, zucchini",Ratatouille,ratatouille external food ingredients dataset external csv eggplant olive oil tomatoes zucchini
0,[],SYNTHETIC_NEG_0129,Essential,Oils,0,,Coconut Oil Organic,virgin coconut oil
1,['milk'],0000168175589,Mcvitie's,"Snacks, Sweet snacks, Biscuits and cakes, Biscuits",1,,"Mcvitie's, digestives cheesecake, lemon",mcvitie s digestives cheesecake lemon snacks sweet snacks biscuits and cakes biscuits mcvitie s
0,[],SYNTHETIC_NEG_0073,Pure,Sweetener,0,,Coconut Sugar,coconut palm sugar
3,"['Wheat', 'Dairy', 'Cocoa']",external_csv_chocolate_cake_7cc8098408ee,External CSV,External food ingredients dataset,1,"Flour, Sugar, Butter, Cocoa powder",Chocolate Cake,chocolate cake external food ingredients dataset external csv flour sugar butter cocoa powder
1,['gluten'],00001522,Hacendado,"Alimentos y bebidas de origen vegetal, Alimentos de origen vegetal, Cereales y patatas, Cereales y derivados, en:Meat alternatives, Carnes vegetales, Seitanes",1,,Seitán a la plancha,seit n a la plancha alimentos y bebidas de origen vegetal alimentos de origen vegetal cereales y patatas cereales y derivados en meat alternatives carnes vegetales seitanes hacendado
1,['soybeans'],00002119,Bijou,en:biscuits,1,,Unknown Product,unknown product en biscuits bijou
1,['Wheat'],external_csv_wheat_bread_8949a4a10bee,External CSV,External food ingredients dataset,1,"Wheat flour, Salt",Wheat Bread,wheat bread external food ingredients dataset external csv wheat flour salt
0,[],SYNTHETIC_NEG_0075,Simple,Baking,0,,Cocoa Powder,unsweetened cocoa powder
0,[],external_csv_beef_stir_fry_2097d610c950,External CSV,External food ingredients dataset,0,"Beef, Vegetable oil, Soy sauce",Beef Stir-Fry,beef stir fry external food ingredients dataset external csv beef vegetable oil soy sauce
0,[],SYNTHETIC_NEG_0004,Simple,Grains,0,,White Rice Organic,long grain white rice
1,['Dairy'],external_csv_butter_chicken_da9177c6b477,External CSV,External food ingredients dataset,1,"Chicken, Sugar, Butter, Tomato sauce, cream",Butter Chicken,butter chicken external food ingredients dataset external csv chicken sugar butter tomato sauce cream
0,[],external_csv_beef_and_broccoli_4046f8152eb6,External CSV,External food ingredients dataset,0,"Beef, Vegetable oil, Soy sauce",Beef and Broccoli,beef and broccoli external food ingredients dataset external csv beef vegetable oil soy sauce
0,[],SYNTHETIC_NEG_0019,Natural,Thickener,0,,Potato Starch Pure,potato starch
1,['gluten'],0000112307254,Liebig,Potage,1,,cèpes & Bolets à la crème fraîche,c pes bolets la cr me fra che potage liebig
0,[],SYNTHETIC_NEG_0041,Classic,Sweetener,0,,White Sugar Natural,sugar sweetener cane sucrose
1,['Dairy'],external_csv_pesto_pizza_5bcafa5bc330,External CSV,External food ingredients dataset,1,"Pesto sauce, Mozzarella cheese, basil",Pesto Pizza,pesto pizza external food ingredients dataset external csv pesto sauce mozzarella cheese basil
1,['nuts'],0000200000008,Kazidomi,"Aliments et boissons à base de végétaux, Aliments d'origine végétale, Matières grasses, Produits à tartiner, Fruits à coques et dérivés, Pâtes à tartiner végétales, Purées d'oléagineux, Beurres de fruits à coques, Purées de noisette, Pâte de noix",1,,Purée de Noisettes Sans Sel Bio,pur e de noisettes sans sel bio aliments et boissons base de v g taux aliments d origine v g tale mati res grasses produits tartiner fruits coques et d riv s p tes tartiner v g tales pur es d ol agineux beurres de fruits coques pur es de noisette p te de noix kazidomi
0,[],SYNTHETIC_NEG_0093,Essential,Condiment,0,,Distilled White Vinegar Premium Quality,water acid vinegar acetic white
1,['Peanuts'],external_csv_peanut_butter_ed78d1164dde,External CSV,External food ingredients dataset,1,"Peanuts, Sugar, Vegetable oil, Salt",Peanut Butter,peanut butter external food ingredients dataset external csv peanuts sugar vegetable oil salt
0,[],SYNTHETIC_NEG_0071,Classic,Sweetener,0,,Maple Syrup Pure,grade maple a syrup pure
2,"['Wheat', 'Dairy']",external_csv_baked_ziti_0e5ba89ad14f,External CSV,External food ingredients dataset,1,"Pasta, Tomato sauce, cheese",Baked Ziti,baked ziti external food ingredients dataset external csv pasta tomato sauce cheese
0,[],external_csv_hyderabadi_biryani_24a9143d93fe,External CSV,External food ingredients dataset,0,"Basmati rice, Ghee, Meat/vegetables, spices",Hyderabadi Biryani,hyderabadi biryani external food ingredients dataset external csv basmati rice ghee meat vegetables spices
0,[],SYNTHETIC_NEG_0022,Pure,Beverages,0,,Club Soda Natural,carbonated water sodium bicarbonate
0,[],external_csv_lemon_garlic_chicken_b15b8ba6176d,External CSV,External food ingredients dataset,0,"Chicken, Olive oil, Lemon juice, garlic",Lemon Garlic Chicken,lemon garlic chicken external food ingredients dataset external csv chicken olive oil lemon juice garlic
0,[],SYNTHETIC_NEG_0062,Basic,Beverages,0,,Club Soda Organic,carbonated water sodium bicarbonate
1,['milk'],00000012,Toneop,"Dietary supplements,Bodybuilding supplements,Groceries,Supplement",1,,Besan chilla with stuffed chciken,besan chilla with stuffed chciken dietary supplements bodybuilding supplements groceries supplement toneop
1,['Dairy'],external_csv_mango_lassi_48623b4e9c44,External CSV,External food ingredients dataset,1,"Mango, Sugar, Yogurt (milk, cultures), Cardamom",Mango Lassi,mango lassi external food ingredients dataset external csv mango sugar yogurt milk cultures cardamom
0,[],SYNTHETIC_NEG_0157,Generic,Condiment,0,,Lemon Juice Fine,juice lemon pure
3,"['Wheat', 'Dairy', 'Eggs']",external_csv_lemon_bars_64fce0033feb,External CSV,External food ingredients dataset,1,"Lemon juice, Sugar, Butter, Flour, eggs",Lemon Bars,lemon bars external food ingredients dataset external csv lemon juice sugar butter flour eggs
0,[],SYNTHETIC_NEG_0155,Basic,Baking,0,,Cocoa Powder Premium Quality,powder unsweetened cocoa
0,[],SYNTHETIC_NEG_0203,Pure,Sweetener,0,,Powdered Sugar Organic,confectioners sugar corn starch
0,[],SYNTHETIC_NEG_0174,Basic,Condiment,0,,Apple Cider Vinegar Natural,raw unfiltered apple cider vinegar
0,[],SYNTHETIC_NEG_0137,Natural,Thickener,0,,Corn Starch Premium Quality,pure corn starch
1,['milk'],0000290153097,Bofrost,Pasti,1,,Risto piatti fusilli alla Sorrentina senza glutine,risto piatti fusilli alla sorrentina senza glutine pasti bofrost
1,['soybeans'],00000225,bijou,Unknown Category,1,,bijou cacao,bijou cacao unknown category bijou
3,"['Wheat', 'Dairy', 'Nuts']",external_csv_pecan_pie_9eeaf31379c2,External CSV,External food ingredients dataset,1,"Pecans, Sugar, Butter, Corn syrup",Pecan Pie,pecan pie external food ingredients dataset external csv pecans sugar butter corn syrup
0,[],SYNTHETIC_NEG_0053,Pure,Condiment,0,,Distilled White Vinegar Natural,water acetic vinegar acid white
0,[],external_csv_pesto_pasta_salad_b5a32f4aa32d,External CSV,External food ingredients dataset,0,"Pasta, Pesto sauce, Tomatoes, vegetables",Pesto Pasta Salad,pesto pasta salad external food ingredients dataset external csv pasta pesto sauce tomatoes vegetables
0,[],external_csv_raspberry_spinach_salad_8da0d247cafa,External CSV,External food ingredients dataset,0,"Spinach, Raspberries, vinaigrette",Raspberry Spinach Salad,raspberry spinach salad external food ingredients dataset external csv spinach raspberries vinaigrette
2,"['eggs', 'mustard']",00001199,CROUS,Unknown Category,1,,Solène céréales poulet,sol ne c r ales poulet unknown category crous
0,[],SYNTHETIC_NEG_0175,Pure,Baking,0,,Baking Soda Fine,sodium bicarbonate pure
0,[],SYNTHETIC_NEG_0176,Essential,Baking,0,,Baking Powder Natural,monocalcium phosphate sodium bicarbonate corn starch
2,"['Wheat', 'Dairy']",external_csv_caesar_pasta_salad_5d92bc166581,External CSV,External food ingredients dataset,1,"Pasta, Caesar dressing, Romaine lettuce, Parmesan cheese",Caesar Pasta Salad,caesar pasta salad external food ingredients dataset external csv pasta caesar dressing romaine lettuce parmesan cheese
3,"['eggs', 'milk', 'soybeans']",00002601,Herbalife,"en:Snacks,en:Canned foods,en:Sweet snacks,en:Bars,Kosttilskudd,en:Bodybuilding supplements,en:Protein bars",1,,Proteinbar with lemon flavour,proteinbar with lemon flavour en snacks en canned foods en sweet snacks en bars kosttilskudd en bodybuilding supplements en protein bars herbalife
1,['milk'],0000112302694,Liebig,"Plats préparés,Soupes,Soupes de potiron",1,,velouté de potiron et graines de courge bio,velout de potiron et graines de courge bio plats pr par s soupes soupes de potiron liebig
1,['nuts'],0000200000016,Kazidomi,"Aliments et boissons à base de végétaux, Aliments d'origine végétale, Produits à tartiner, Fruits à coques et dérivés, Pâtes à tartiner végétales, Purées d'oléagineux, Beurres de fruits à coques, Purées de noix de cajou, Pâte de noix",1,,Purée de Noix de Cajou Crues Bio,pur e de noix de cajou crues bio aliments et boissons base de v g taux aliments d origine v g tale produits tartiner fruits coques et d riv s p tes tartiner v g tales pur es d ol agineux beurres de fruits coques pur es de noix de cajou p te de noix kazidomi
0,[],SYNTHETIC_NEG_0079,Basic,Beverages,0,,Coconut Water Pure,pure water coconut
0,[],SYNTHETIC_NEG_0095,Generic,Baking,0,,Baking Soda Premium,sodium bicarbonate pure
1,['Dairy'],external_csv_beef_stroganoff_4fe0989fe899,External CSV,External food ingredients dataset,1,"Beef, Sour cream, Mushroom, onion",Beef Stroganoff,beef stroganoff external food ingredients dataset external csv beef sour cream mushroom onion
0,[],SYNTHETIC_NEG_0128,Classic,Oils,0,,Extra Virgin Olive Oil,cold pressed olive oil
0,[],SYNTHETIC_NEG_0154,Essential,Sweetener,0,,Date Sugar Pure,dried ground dates
0,[],external_csv_strawberry_spinach_salad_3e0dca23fcb3,External CSV,External food ingredients dataset,0,"Spinach, Strawberries, vinaigrette",Strawberry Spinach Salad,strawberry spinach salad external food ingredients dataset external csv spinach strawberries vinaigrette
0,[],SYNTHETIC_NEG_0012,Simple,Oils,0,,Avocado Oil Pure,avocado oil pure
0,[],external_csv_rajma_chawal_87093ec34e85,External CSV,External food ingredients dataset,1,"Kidney beans, Ghee, Spices",Rajma Chawal,rajma chawal external food ingredients dataset external csv kidney beans ghee spices
2,"['Wheat', 'Dairy']",external_csv_pancake_stack_f4725cfe4941,External CSV,External food ingredients dataset,1,"Flour, Sugar, Butter, Maple syrup",Pancake Stack,pancake stack external food ingredients dataset external csv flour sugar butter maple syrup
0,[],SYNTHETIC_NEG_0198,Classic,Condiment,0,,Lime Juice Organic,pure lime juice
1,['Dairy'],external_csv_rasgulla_b518d41a19ba,External CSV,External food ingredients dataset,1,"Paneer, Sugar, Rose water, syrup",Rasgulla,rasgulla external food ingredients dataset external csv paneer sugar rose water syrup
1,['Dairy'],external_csv_berry_parfait_08ce789c09e8,External CSV,External food ingredients dataset,1,"Mixed berries, Sugar, Yogurt (milk, cultures), Granola",Berry Parfait,berry parfait external food ingredients dataset external csv mixed berries sugar yogurt milk cultures granola
0,[],SYNTHETIC_NEG_0043,Basic,Sweetener,0,,Powdered Sugar Organic,confectioners sugar corn starch
0,[],external_csv_spinach_salad_81fe119bf9f9,External CSV,External food ingredients dataset,0,"Spinach, Olive oil, Balsamic vinaigrette",Spinach Salad,spinach salad external food ingredients dataset external csv spinach olive oil balsamic vinaigrette
0,[],SYNTHETIC_NEG_0085,Basic,Grains,0,,Brown Rice Premium Quality,whole grain brown rice
0,[],external_csv_honey_mustard_chicken_a45673d0d79a,External CSV,External food ingredients dataset,1,"Chicken breast, Honey, Mustard, Vegetable oil",Honey Mustard Chicken,honey mustard chicken external food ingredients dataset external csv chicken breast honey mustard vegetable oil
0,[],external_csv_beef_burger_6b58a78ba3bd,External CSV,External food ingredients dataset,0,"Ground beef, Vegetable oil, Salt, Pepper",Beef Burger,beef burger external food ingredients dataset external csv ground beef vegetable oil salt pepper
3,"['Wheat', 'Pork', 'Dairy']",external_csv_hawaiian_pizza_d635ae556594,External CSV,External food ingredients dataset,1,"Pizza dough, Pineapple, ham",Hawaiian Pizza,hawaiian pizza external food ingredients dataset external csv pizza dough pineapple ham
1,['eggs'],00001249,Coop,"Conservas,Comidas preparadas,Suplementos dietéticos,Suplementos de culturismo,en:Groceries,en:Supplement",1,,Croissant Naturel 60g,croissant naturel 60g conservas comidas preparadas suplementos diet ticos suplementos de culturismo en groceries en supplement coop
2,"['Rice', 'Dairy']",external_csv_rice_pudding_2e9e34cbc0fc,External CSV,External food ingredients dataset,1,"Rice, Sugar, Milk, Cinnamon, raisins",Rice Pudding,rice pudding external food ingredients dataset external csv rice sugar milk cinnamon raisins
0,[],external_csv_stuffed_cabbage_rolls_a24d3e6e96f6,External CSV,External food ingredients dataset,0,"Cabbage, Olive oil, Ground meat, rice",Stuffed Cabbage Rolls,stuffed cabbage rolls external food ingredients dataset external csv cabbage olive oil ground meat rice
0,[],external_csv_beef_burritos_677fe5490958,External CSV,External food ingredients dataset,0,"Ground beef, Vegetable oil, Taco seasoning",Beef Burritos,beef burritos external food ingredients dataset external csv ground beef vegetable oil taco seasoning
0,[],SYNTHETIC_NEG_0192,Generic,Sweetener,0,,Agave Nectar Premium Quality,blue agave syrup
1,['Dairy'],external_csv_margherita_pasta_75738243c377,External CSV,External food ingredients dataset,1,"Pasta, Olive oil, Mozzarella cheese, tomatoes, basil",Margherita Pasta,margherita pasta external food ingredients dataset external csv pasta olive oil mozzarella cheese tomatoes basil
1,['milk'],0000112407374,Saint Eloi,"Plats préparés, Soupes",1,,Velouté Carotte Potiron Patate douce,velout carotte potiron patate douce plats pr par s soupes saint eloi
0,[],external_csv_brussels_sprouts_f7681a62f0c4,External CSV,External food ingredients dataset,0,"Brussels sprouts, Olive oil, Balsamic glaze",Brussels Sprouts,brussels sprouts external food ingredients dataset external csv brussels sprouts olive oil balsamic glaze
1,['Fish'],external_csv_lemon_dill_salmon_e0d094d8cb9f,External CSV,External food ingredients dataset,1,"Salmon, Olive oil, Lemon, dill",Lemon Dill Salmon,lemon dill salmon external food ingredients dataset external csv salmon olive oil lemon dill
2,"['Wheat', 'Dairy']",external_csv_s_mores_75dcd50c9a4f,External CSV,External food ingredients dataset,1,"Graham crackers, Marshmallows, Chocolate",S'mores,s mores external food ingredients dataset external csv graham crackers marshmallows chocolate
0,[],external_csv_pesto_chicken_3508598cc15e,External CSV,External food ingredients dataset,0,"Chicken, Pesto sauce",Pesto Chicken,pesto chicken external food ingredients dataset external csv chicken pesto sauce
0,[],SYNTHETIC_NEG_0047,Essential,Grains,0,,Basmati Rice Organic,basmati long grain rice
2,"['Wheat', 'Dairy']",external_csv_carrot_cake_8ec98ab122a0,External CSV,External food ingredients dataset,1,"Carrots, Sugar, Vegetable oil, Cinnamon",Carrot Cake,carrot cake external food ingredients dataset external csv carrots sugar vegetable oil cinnamon
0,[],SYNTHETIC_NEG_0200,Natural,Seasoning,0,,Pure Sea Salt Organic,sea salt sodium chloride
0,[],SYNTHETIC_NEG_0120,Basic,Seasoning,0,,Pure Sea Salt Premium,sea salt sodium chloride
2,"['Wheat', 'Dairy']",external_csv_chicken_enchiladas_fa7b776ae698,External CSV,External food ingredients dataset,1,"Chicken, Enchilada sauce, Cheese, tortillas",Chicken Enchiladas,chicken enchiladas external food ingredients dataset external csv chicken enchilada sauce cheese tortillas
1,['banana'],00001425,Wyldsson,"Dietary supplements,Bodybuilding supplements,Protein powders",1,,Earth Champ Nutritional Vegan Protein,earth champ nutritional vegan protein dietary supplements bodybuilding supplements protein powders wyldsson
2,"['Wheat', 'Dairy']",external_csv_raspberry_cheesecake_a255adfca8c6,External CSV,External food ingredients dataset,1,"Cream cheese, Sugar, Butter, Graham cracker crust, raspberries",Raspberry Cheesecake,raspberry cheesecake external food ingredients dataset external csv cream cheese sugar butter graham cracker crust raspberries
1,['Wheat'],external_csv_grilled_portobello_mushroom_burger_9a227872d88a,External CSV,External food ingredients dataset,1,"Portobello mushrooms, Burger bun, vegetables",Grilled Portobello Mushroom Burger,grilled portobello mushroom burger external food ingredients dataset external csv portobello mushrooms burger bun vegetables
0,[],external_csv_greek_moussaka_14f7e7076445,External CSV,External food ingredients dataset,0,"Eggplant, Olive oil, Ground meat, potatoes",Greek Moussaka,greek moussaka external food ingredients dataset external csv eggplant olive oil ground meat potatoes
0,[],external_csv_masala_dosa_015ed62d1bf1,External CSV,External food ingredients dataset,0,"Rice, Oil, Potato masala, spices",Masala Dosa,masala dosa external food ingredients dataset external csv rice oil potato masala spices
1,['Dairy'],external_csv_caramel_popcorn_f1a3f2bb93bb,External CSV,External food ingredients dataset,1,"Popcorn, Sugar, Butter, Salt",Caramel Popcorn,caramel popcorn external food ingredients dataset external csv popcorn sugar butter salt
0,[],external_csv_lentil_curry_a97a6d573f3d,External CSV,External food ingredients dataset,0,"Lentils, Coconut milk, Curry powder",Lentil Curry,lentil curry external food ingredients dataset external csv lentils coconut milk curry powder
0,[],SYNTHETIC_NEG_0038,Pure,Condiment,0,,Lime Juice Premium,lime juice pure
0,[],SYNTHETIC_NEG_0173,Essential,Condiment,0,,Distilled White Vinegar Premium,white water acid acetic vinegar
0,[],SYNTHETIC_NEG_0167,Essential,Grains,0,,Basmati Rice Pure,basmati long rice grain
1,['soybeans'],0000217122198,Juice Plus,"Plats préparés,Substituts de repas",1,,Complete,complete plats pr par s substituts de repas juice plus
0,[],SYNTHETIC_NEG_0188,Simple,Spice,0,,Ground Black Pepper Natural,black peppercorns
3,"['gluten', 'milk', 'soybeans']",00001664,Bijou,"Snacks, Snacks sucrés, Biscuits et gâteaux, Biscuits, Biscuits au chocolat, Biscuits au chocolat au lait, Biscuits au caramel",1,,Brins de ChocoCaramel,brins de chococaramel snacks snacks sucr s biscuits et g teaux biscuits biscuits au chocolat biscuits au chocolat au lait biscuits au caramel bijou
1,['Dairy'],external_csv_tandoori_chicken_c815a0811f02,External CSV,External food ingredients dataset,1,"Chicken, Yogurt, Tandoori spices",Tandoori Chicken,tandoori chicken external food ingredients dataset external csv chicken yogurt tandoori spices
1,['Dairy'],external_csv_margherita_pasta_14b02b97f7ec,External CSV,External food ingredients dataset,1,"Pasta, Olive oil, Fresh tomatoes, mozzarella",Margherita Pasta,margherita pasta external food ingredients dataset external csv pasta olive oil fresh tomatoes mozzarella
1,['gluten'],0000112302683,Unknown Brand,Unknown Category,1,,Unknown Product,unknown product unknown category unknown brand
1,['milk'],00001417,"Herbalife Nutrition,Herbalife","Dietary supplements, Bodybuilding supplements, Protein shakes",1,,Rebuild 24,rebuild 24 dietary supplements bodybuilding supplements protein shakes herbalife nutrition herbalife
2,"['Wheat', 'Dairy']",external_csv_cinnamon_rolls_58ae90eea5be,External CSV,External food ingredients dataset,1,"Dough, Sugar, Butter, Cinnamon, icing",Cinnamon Rolls,cinnamon rolls external food ingredients dataset external csv dough sugar butter cinnamon icing
0,[],external_csv_lemon_herb_roasted_chicken_3aafb1cb04c7,External CSV,External food ingredients dataset,0,"Chicken, Olive oil, Lemon, herbs",Lemon Herb Roasted Chicken,lemon herb roasted chicken external food ingredients dataset external csv chicken olive oil lemon herbs
2,"['Wheat', 'Dairy']",external_csv_tiramisu_0b5e0ecfd580,External CSV,External food ingredients dataset,1,"Ladyfingers, Sugar, Mascarpone cheese, Coffee, cocoa",Tiramisu,tiramisu external food ingredients dataset external csv ladyfingers sugar mascarpone cheese coffee cocoa
0,[],SYNTHETIC_NEG_0139,Natural,Thickener,0,,Potato Starch Fine,potato starch
2,"['gluten', 'milk']",0000155011159,Intermarché,"Snacks,Snacks sucrés,Viennoiseries,Chaussons aux pommes",1,,Mini chaussons à la compote de pomme,mini chaussons la compote de pomme snacks snacks sucr s viennoiseries chaussons aux pommes intermarch
0,[],external_csv_pav_bhaji_277932fa5730,External CSV,External food ingredients dataset,0,"Mixed vegetables, Butter, Pav bread, spices",Pav Bhaji,pav bhaji external food ingredients dataset external csv mixed vegetables butter pav bread spices
2,"['Shellfish', 'Pork']",external_csv_bacon_wrapped_shrimp_959757b1cd03,External CSV,External food ingredients dataset,1,"Shrimp, Bacon, Seasonings",Bacon-Wrapped Shrimp,bacon wrapped shrimp external food ingredients dataset external csv shrimp bacon seasonings
0,[],SYNTHETIC_NEG_0123,Simple,Sweetener,0,,Powdered Sugar,confectioners sugar corn starch
0,[],SYNTHETIC_NEG_0044,Generic,Grains,0,,White Rice,long grain white rice
1,['gluten'],0000112302669,Liebig,"Plats préparés, Soupes, Soupes froides",1,,Gaspacho à l'andalouse,gaspacho l andalouse plats pr par s soupes soupes froides liebig
1,['Dairy'],external_csv_ranch_dressing_a129d59bf497,External CSV,External food ingredients dataset,1,"Buttermilk, Sugar, Vegetable oil, Garlic, herbs",Ranch Dressing,ranch dressing external food ingredients dataset external csv buttermilk sugar vegetable oil garlic herbs
0,[],external_csv_cilantro_lime_chicken_c5a85b625e25,External CSV,External food ingredients dataset,0,"Chicken, Olive oil, Cilantro, lime",Cilantro Lime Chicken,cilantro lime chicken external food ingredients dataset external csv chicken olive oil cilantro lime
0,[],external_csv_honey_mustard_chicken_c7e0e25fdd3e,External CSV,External food ingredients dataset,0,"Chicken, Honey, Olive oil, Mustard, herbs",Honey Mustard Chicken,honey mustard chicken external food ingredients dataset external csv chicken honey olive oil mustard herbs
1,['milk'],0000210003280,Unknown Brand,"Dairies, Fermented foods, Fermented milk products, Cheeses",1,,Whipped Cream Cheese,whipped cream cheese dairies fermented foods fermented milk products cheeses unknown brand
0,[],external_csv_pesto_pasta_c029631033a5,External CSV,External food ingredients dataset,0,"Pasta, Olive oil, Basil, garlic",Pesto Pasta,pesto pasta external food ingredients dataset external csv pasta olive oil basil garlic
1,['nuts'],0000200000020,Kazidomi,Unknown Category,1,,Unknown Product,unknown product unknown category kazidomi
0,[],SYNTHETIC_NEG_0197,Natural,Condiment,0,,Lemon Juice Premium,pure lemon juice
0,[],external_csv_chicken_fajitas_4ae5b263a07f,External CSV,External food ingredients dataset,0,"Chicken, Vegetable oil, Fajita seasoning",Chicken Fajitas,chicken fajitas external food ingredients dataset external csv chicken vegetable oil fajita seasoning
2,"['Wheat', 'Dairy']",external_csv_key_lime_pie_657c5b1ffb36,External CSV,External food ingredients dataset,1,"Lime juice, Sugar, Butter, Graham cracker crust",Key Lime Pie,key lime pie external food ingredients dataset external csv lime juice sugar butter graham cracker crust
2,"['Wheat', 'Dairy']",external_csv_caesar_salad_wrap_28f51b898aeb,External CSV,External food ingredients dataset,1,"Romaine lettuce, Caesar dressing, Parmesan cheese, croutons",Caesar Salad Wrap,caesar salad wrap external food ingredients dataset external csv romaine lettuce caesar dressing parmesan cheese croutons
0,[],SYNTHETIC_NEG_0194,Basic,Sweetener,0,,Date Sugar Premium Quality,dried ground dates
0,[],external_csv_chicken_stir_fry_f74741c08116,External CSV,External food ingredients dataset,0,"Chicken, Vegetable oil, Soy sauce",Chicken Stir-Fry,chicken stir fry external food ingredients dataset external csv chicken vegetable oil soy sauce
0,[],SYNTHETIC_NEG_0193,Generic,Sweetener,0,,Coconut Sugar Premium,coconut palm sugar
1,['Dairy'],external_csv_caprese_salad_98dd57810ade,External CSV,External food ingredients dataset,1,"Tomatoes, Olive oil, Mozzarella cheese, basil",Caprese Salad,caprese salad external food ingredients dataset external csv tomatoes olive oil mozzarella cheese basil
1,['mustard'],00000100,Healthy Home,"Condiments, Sauces, Moutardes, en:groceries",1,,Unknown Product,unknown product condiments sauces moutardes en groceries healthy home
1,['Dairy'],external_csv_spinach_and_feta_stuffed_chicken_498c6d5714fb,External CSV,External food ingredients dataset,1,"Chicken, Olive oil, Spinach, feta cheese",Spinach and Feta Stuffed Chicken,spinach and feta stuffed chicken external food ingredients dataset external csv chicken olive oil spinach feta cheese
0,[],SYNTHETIC_NEG_0177,Natural,Thickener,0,,Corn Starch Pure,pure corn starch
0,[],SYNTHETIC_NEG_0033,Pure,Sweetener,0,,Coconut Sugar Pure,coconut sugar palm
1,['Shellfish'],external_csv_lemon_garlic_shrimp_587ba860c468,External CSV,External food ingredients dataset,1,"Shrimp, Olive oil, Lemon juice, garlic",Lemon Garlic Shrimp,lemon garlic shrimp external food ingredients dataset external csv shrimp olive oil lemon juice garlic
0,[],SYNTHETIC_NEG_0003,Essential,Sweetener,0,,Powdered Sugar Premium,confectioners sugar corn starch
0,[],SYNTHETIC_NEG_0196,Generic,Flavoring,0,,Vanilla Extract Pure,extract bean alcohol water vanilla
1,['Fish'],external_csv_fish_sticks_cb011543f45c,External CSV,External food ingredients dataset,1,"Fish fillets, Vegetable oil, Salt",Fish Sticks,fish sticks external food ingredients dataset external csv fish fillets vegetable oil salt
0,[],SYNTHETIC_NEG_0148,Classic,Spice,0,,Ground Black Pepper Natural,black peppercorns
3,"['fish', 'milk', 'soybeans']",00000953,Herbalife,"Produtos não alimentares, Controle de peso",1,,Herbalife,herbalife produtos n o alimentares controle de peso herbalife
0,[],SYNTHETIC_NEG_0091,Simple,Oils,0,,Sunflower Oil Fine,oil high oleic sunflower
1,['Dairy'],external_csv_matar_paneer_869633a9f87a,External CSV,External food ingredients dataset,1,"Paneer, Ghee, Peas, spices",Matar Paneer,matar paneer external food ingredients dataset external csv paneer ghee peas spices
2,"['Wheat', 'Dairy']",external_csv_lemon_bars_a909c325dd82,External CSV,External food ingredients dataset,1,"Flour, Sugar, Butter, Lemon juice",Lemon Bars,lemon bars external food ingredients dataset external csv flour sugar butter lemon juice
2,"['gluten', 'soybeans']",0000200008321,Doritos,Unknown Category,1,,Chilli Heatwave,chilli heatwave unknown category doritos
1,['nuts'],0000101209159,Bovetti,"Petit-déjeuners,Produits à tartiner,Produits à tartiner sucrés,Pâtes à tartiner,Pâtes à tartiner aux noisettes,Pâtes à tartiner au chocolat,Pâtes à tartiner aux noisettes et au cacao",1,,Véritable pâte à tartiner noisettes chocolat noir,v ritable p te tartiner noisettes chocolat noir petit d jeuners produits tartiner produits tartiner sucr s p tes tartiner p tes tartiner aux noisettes p tes tartiner au chocolat p tes tartiner aux noisettes et au cacao bovetti
3,"['eggs', 'milk', 'soybeans']",0000103227577,4life,"Dietary supplements, Bodybuilding supplements, Protein powders",1,,PRO-TF Chocolate,pro tf chocolate dietary supplements bodybuilding supplements protein powders 4life
0,[],SYNTHETIC_NEG_0006,Natural,Grains,0,,Jasmine Rice Pure,fragrant rice jasmine
0,[],SYNTHETIC_NEG_0178,Generic,Thickener,0,,Tapioca Starch Premium Quality,cassava root tapioca flour
1,['nuts'],0000200000005,Kazidomi,"Aliments et boissons à base de végétaux, Aliments d'origine végétale, Produits à tartiner, Fruits à coques et dérivés, Pâtes à tartiner végétales, Fruits à coques, Purées d'oléagineux, Beurres de fruits à coques, Purées de noix de cajou, Noix de cajou, Pâte de noix",1,,Purée de Noix de Cajou grillées Bio,pur e de noix de cajou grill es bio aliments et boissons base de v g taux aliments d origine v g tale produits tartiner fruits coques et d riv s p tes tartiner v g tales fruits coques pur es d ol agineux beurres de fruits coques pur es de noix de cajou noix de cajou p te de noix kazidomi
0,[],SYNTHETIC_NEG_0132,Essential,Oils,0,,Avocado Oil Organic,pure avocado oil
2,"['milk', 'sulphur-dioxide-and-sulphites']",0000221608851,Unknown Brand,Unknown Category,1,,Mr Kipling 6 chocolate and caramel Bakewell tarts,mr kipling 6 chocolate and caramel bakewell tarts unknown category unknown brand
1,['Dairy'],external_csv_beef_stroganoff_b032be299dcc,External CSV,External food ingredients dataset,1,"Beef, Sour cream, Mushrooms, onions",Beef Stroganoff,beef stroganoff external food ingredients dataset external csv beef sour cream mushrooms onions
2,"['Shellfish', 'Eggs']",external_csv_lobster_roll_f65e8d100161,External CSV,External food ingredients dataset,1,"Lobster, Mayonnaise, Celery, lemon juice",Lobster Roll,lobster roll external food ingredients dataset external csv lobster mayonnaise celery lemon juice
1,['Wheat'],external_csv_onion_rings_6dcbff8d8cb6,External CSV,External food ingredients dataset,1,"Onions, Vegetable oil, Flour",Onion Rings,onion rings external food ingredients dataset external csv onions vegetable oil flour
1,['Shellfish'],external_csv_shrimp_scampi_pasta_a9f347d61e33,External CSV,External food ingredients dataset,1,"Shrimp, Butter, Garlic, lemon",Shrimp Scampi Pasta,shrimp scampi pasta external food ingredients dataset external csv shrimp butter garlic lemon
3,"['gluten', 'nuts', 'soybeans']",00000839,Amazon solimo,"Plant-based foods and beverages,Plant-based foods,Breakfasts,Cereals and potatoes,Cereals and their products,Breakfast cereals,Mueslis",1,,Muesli,muesli plant based foods and beverages plant based foods breakfasts cereals and potatoes cereals and their products breakfast cereals mueslis amazon solimo
2,"['peanuts', 'soybeans']",00002669,Herbalife,"Botanas, Snacks dulces, Barritas, Suplementos dietéticos",1,,Comida equilibrada en barritas sabor chocolate,comida equilibrada en barritas sabor chocolate botanas snacks dulces barritas suplementos diet ticos herbalife
