allergen_count,allergens,barcode,brands,categories,has_allergens,ingredients,product_name,text
2,"['Dairy', 'Cocoa']",external_csv_chocolate_mousse_8d79af417b27,External CSV,External food ingredients dataset,1,"Chocolate, Sugar, Heavy cream, Vanilla extract",Chocolate Mousse,chocolate mousse external food ingredients dataset external csv chocolate sugar heavy cream vanilla extract
2,"['fish', 'tree_nuts']",ENHANCED_SEAFOOD_6,Enhanced Training,Seafood Training Data,1,trout almondine,trout almondine,trout almondine
2,"['celery', 'gluten']",0000112302619,liebig,"Plats préparés,Soupes,Soupes de nouilles instantanées",1,,soupe à la chinoise  légumes et vermicelles,soupe la chinoise l gumes et vermicelles plats pr par s soupes soupes de nouilles instantan es liebig
0,[],SYNTHETIC_NEG_0003,Essential,Sweetener,0,,Powdered Sugar Natural,starch confectioners corn sugar
0,[],external_csv_chicken_teriyaki_f5f7234e5ed8,External CSV,External food ingredients dataset,0,"Chicken, Vegetable oil, Teriyaki sauce",Chicken Teriyaki,chicken teriyaki external food ingredients dataset external csv chicken vegetable oil teriyaki sauce
1,['gluten'],0000127534563,Unknown Brand,"Plant-based foods and beverages, Plant-based foods, Cereals and potatoes, Breads",1,,German fine bread,german fine bread plant based foods and beverages plant based foods cereals and potatoes breads unknown brand
3,"['Wheat', 'Dairy', 'Alcohol']",external_csv_tiramisu_827bd9816b3b,External CSV,External food ingredients dataset,1,"Ladyfingers, Sugar, Mascarpone cheese, coffee liqueur, Cocoa powder",Tiramisu,tiramisu external food ingredients dataset external csv ladyfingers sugar mascarpone cheese coffee liqueur cocoa powder
1,['Soybeans'],external_csv_teriyaki_beef_68dcb35d3151,External CSV,External food ingredients dataset,1,"Beef, Soy sauce, Teriyaki sauce, vegetables",Teriyaki Beef,teriyaki beef external food ingredients dataset external csv beef soy sauce teriyaki sauce vegetables
0,[],external_csv_buffalo_wings_dbcddb95bddd,External CSV,External food ingredients dataset,0,"Chicken wings, Vegetable oil, Buffalo sauce",Buffalo Wings,buffalo wings external food ingredients dataset external csv chicken wings vegetable oil buffalo sauce
2,"['Eggs', 'Mustard']",external_csv_egg_salad_sandwich_c4b705e267e0,External CSV,External food ingredients dataset,1,"Eggs, Mayonnaise, Celery, mustard",Egg Salad Sandwich,egg salad sandwich external food ingredients dataset external csv eggs mayonnaise celery mustard
1,['fish'],ENHANCED_SEAFOOD_4,Enhanced Training,Seafood Training Data,1,mackerel fillets,mackerel fillets,mackerel fillets
0,[],external_csv_pesto_pasta_salad_b5a32f4aa32d,External CSV,External food ingredients dataset,0,"Pasta, Pesto sauce, Tomatoes, vegetables",Pesto Pasta Salad,pesto pasta salad external food ingredients dataset external csv pasta pesto sauce tomatoes vegetables
0,[],external_csv_cilantro_lime_chicken_c5a85b625e25,External CSV,External food ingredients dataset,0,"Chicken, Olive oil, Cilantro, lime",Cilantro Lime Chicken,cilantro lime chicken external food ingredients dataset external csv chicken olive oil cilantro lime
0,[],SYNTHETIC_NEG_0062,Generic,Beverages,0,,Club Soda Fine,carbonated water bicarbonate sodium
0,[],SYNTHETIC_NEG_0195,Natural,Baking,0,,Cocoa Powder Fine,powder unsweetened cocoa
0,[],external_csv_masala_dosa_015ed62d1bf1,External CSV,External food ingredients dataset,0,"Rice, Oil, Potato masala, spices",Masala Dosa,masala dosa external food ingredients dataset external csv rice oil potato masala spices
1,['Dairy'],external_csv_greek_yogurt_f329e9908a47,External CSV,External food ingredients dataset,1,"Yogurt (milk, cultures), Honey",Greek Yogurt,greek yogurt external food ingredients dataset external csv yogurt milk cultures honey
2,"['fish', 'wheat']",ENHANCED_SEAFOOD_23,Enhanced Training,Seafood Training Data,1,fish tacos,fish tacos,fish tacos
0,[],external_csv_strawberry_spinach_salad_3e0dca23fcb3,External CSV,External food ingredients dataset,0,"Spinach, Strawberries, vinaigrette",Strawberry Spinach Salad,strawberry spinach salad external food ingredients dataset external csv spinach strawberries vinaigrette
2,"['milk', 'soybeans']",0000111301201,Canola Harvest,Dairy,1,,Canola Harvest® Original Vegetable Oil Spread Tub,canola harvest original vegetable oil spread tub dairy canola harvest
1,['milk'],0000210003280,Unknown Brand,"Dairies, Fermented foods, Fermented milk products, Cheeses",1,,Whipped Cream Cheese,whipped cream cheese dairies fermented foods fermented milk products cheeses unknown brand
0,[],SYNTHETIC_NEG_0135,Classic,Baking,0,,Baking Soda Natural,bicarbonate sodium pure
2,"['Wheat', 'Dairy']",external_csv_apple_pie_828d423d471e,External CSV,External food ingredients dataset,1,"Apples, Sugar, Butter, Cinnamon, pastry",Apple Pie,apple pie external food ingredients dataset external csv apples sugar butter cinnamon pastry
0,[],ENHANCED_SEAFOOD_73,Enhanced Training,Seafood Training Data,0,sea salt,sea salt,sea salt
2,"['Wheat', 'Dairy']",external_csv_berry_crumble_8b7889a0dcf7,External CSV,External food ingredients dataset,1,"Mixed berries, Sugar, Butter, Oats, cinnamon",Berry Crumble,berry crumble external food ingredients dataset external csv mixed berries sugar butter oats cinnamon
2,"['shellfish', 'wheat']",ENHANCED_SEAFOOD_60,Enhanced Training,Seafood Training Data,1,conch fritters,conch fritters,conch fritters
0,[],ENHANCED_SEAFOOD_72,Enhanced Training,Seafood Training Data,0,vegetarian oyster sauce (mushroom based),vegetarian oyster sauce (mushroom based),vegetarian oyster sauce (mushroom based)
2,"['Shellfish', 'Eggs']",external_csv_lobster_roll_f65e8d100161,External CSV,External food ingredients dataset,1,"Lobster, Mayonnaise, Celery, lemon juice",Lobster Roll,lobster roll external food ingredients dataset external csv lobster mayonnaise celery lemon juice
1,['Dairy'],external_csv_caesar_salad_21a2473e28bd,External CSV,External food ingredients dataset,1,"Romaine lettuce, Olive oil, Caesar dressing",Caesar Salad,caesar salad external food ingredients dataset external csv romaine lettuce olive oil caesar dressing
1,['fish'],ENHANCED_SEAFOOD_8,Enhanced Training,Seafood Training Data,1,tilapia fillet,tilapia fillet,tilapia fillet
1,['fish'],ENHANCED_SEAFOOD_17,Enhanced Training,Seafood Training Data,1,smoked haddock,smoked haddock,smoked haddock
0,[],SYNTHETIC_NEG_0087,Generic,Grains,0,,Basmati Rice Fine,basmati long grain rice
1,['shellfish'],ENHANCED_SEAFOOD_59,Enhanced Training,Seafood Training Data,1,abalone,abalone,abalone
0,[],SYNTHETIC_NEG_0005,Generic,Grains,0,,Brown Rice,whole brown grain rice
2,"['fish', 'shellfish']",ENHANCED_SEAFOOD_28,Enhanced Training,Seafood Training Data,1,seafood paella (with fish),seafood paella (with fish),seafood paella (with fish)
1,['Dairy'],external_csv_caesar_wrap_98b1efe4d477,External CSV,External food ingredients dataset,1,"Grilled chicken, Caesar dressing, Lettuce, Parmesan cheese",Caesar Wrap,caesar wrap external food ingredients dataset external csv grilled chicken caesar dressing lettuce parmesan cheese
0,[],external_csv_spinach_stuffed_chicken_bc31ce19daa5,External CSV,External food ingredients dataset,0,"Chicken, Olive oil, Spinach, garlic",Spinach Stuffed Chicken,spinach stuffed chicken external food ingredients dataset external csv chicken olive oil spinach garlic
0,[],SYNTHETIC_NEG_0011,Generic,Oils,0,,Sunflower Oil Premium,high oleic sunflower oil
0,[],SYNTHETIC_NEG_0125,Pure,Grains,0,,Brown Rice Premium Quality,whole grain brown rice
0,[],external_csv_rajma_chawal_87093ec34e85,External CSV,External food ingredients dataset,1,"Kidney beans, Ghee, Spices",Rajma Chawal,rajma chawal external food ingredients dataset external csv kidney beans ghee spices
0,[],SYNTHETIC_NEG_0013,Essential,Condiment,0,,Distilled White Vinegar Pure,vinegar water acid acetic white
0,[],SYNTHETIC_NEG_0107,Essential,Beverages,0,,Herbal Tea Pure,peppermint hibiscus chamomile
1,['gluten'],0000112407504,Liebig,Unknown Category,1,,mouliné  légumes d'autrefois,moulin l gumes d autrefois unknown category liebig
2,"['Fish', 'Soybeans']",external_csv_sushi_27aa06df8aa6,External CSV,External food ingredients dataset,1,"Fish (salmon, tuna), Rice vinegar, Sesame oil, Soy sauce",Sushi,sushi external food ingredients dataset external csv fish salmon tuna rice vinegar sesame oil soy sauce
0,[],external_csv_quinoa_salad_12cc5269c172,External CSV,External food ingredients dataset,0,"Quinoa, Olive oil, Lemon juice, herbs",Quinoa Salad,quinoa salad external food ingredients dataset external csv quinoa olive oil lemon juice herbs
2,"['gluten', 'milk']",0000155011159,Intermarché,"Snacks,Snacks sucrés,Viennoiseries,Chaussons aux pommes",1,,Mini chaussons à la compote de pomme,mini chaussons la compote de pomme snacks snacks sucr s viennoiseries chaussons aux pommes intermarch
0,[],external_csv_ratatouille_651559220935,External CSV,External food ingredients dataset,0,"Vegetables, Olive oil, Herbs",Ratatouille,ratatouille external food ingredients dataset external csv vegetables olive oil herbs
5,"['milk', 'soybeans', 'Hühnereiweiss', 'Weizenprotein', 'Wheyprotein']",0000204286484,allfitnessfactory.de,"Nahrungsergänzungsmittel, Nahrungsergänzungen für Bodybuilder, Proteinpulver",1,,Mehrkomponeneten Protein 90 C6 Haselnuß,mehrkomponeneten protein 90 c6 haselnu nahrungserg nzungsmittel nahrungserg nzungen f r bodybuilder proteinpulver allfitnessfactory de
3,"['Wheat', 'Dairy', 'Nuts']",external_csv_zucchini_bread_3695fcd13098,External CSV,External food ingredients dataset,1,"Zucchini, Sugar, Butter, Cinnamon, nuts",Zucchini Bread,zucchini bread external food ingredients dataset external csv zucchini sugar butter cinnamon nuts
1,['fish'],ENHANCED_SEAFOOD_11,Enhanced Training,Seafood Training Data,1,surimi crab sticks,surimi crab sticks,surimi crab sticks
0,[],SYNTHETIC_NEG_0045,Pure,Grains,0,,Brown Rice Fine,rice whole grain brown
0,[],SYNTHETIC_NEG_0092,Classic,Oils,0,,Avocado Oil Premium Quality,avocado oil pure
1,['Wheat'],external_csv_wheat_bread_8949a4a10bee,External CSV,External food ingredients dataset,1,"Wheat flour, Salt",Wheat Bread,wheat bread external food ingredients dataset external csv wheat flour salt
0,[],external_csv_french_fries_a69f62aec605,External CSV,External food ingredients dataset,0,"Potatoes, Vegetable oil, Salt",French Fries,french fries external food ingredients dataset external csv potatoes vegetable oil salt
3,"['fish', 'milk', 'soybeans']",00000953,Herbalife,"Produtos não alimentares, Controle de peso",1,,Herbalife,herbalife produtos n o alimentares controle de peso herbalife
1,['Peanuts'],external_csv_peanut_butter_ed78d1164dde,External CSV,External food ingredients dataset,1,"Peanuts, Sugar, Vegetable oil, Salt",Peanut Butter,peanut butter external food ingredients dataset external csv peanuts sugar vegetable oil salt
1,['nuts'],0000101209159,Bovetti,"Petit-déjeuners,Produits à tartiner,Produits à tartiner sucrés,Pâtes à tartiner,Pâtes à tartiner aux noisettes,Pâtes à tartiner au chocolat,Pâtes à tartiner aux noisettes et au cacao",1,,Véritable pâte à tartiner noisettes chocolat noir,v ritable p te tartiner noisettes chocolat noir petit d jeuners produits tartiner produits tartiner sucr s p tes tartiner p tes tartiner aux noisettes p tes tartiner au chocolat p tes tartiner aux noisettes et au cacao bovetti
0,[],SYNTHETIC_NEG_0189,Essential,Spice,0,,Sea Salt Grinder Premium Quality,coarse sea salt
1,['soybeans'],00002119,Bijou,en:biscuits,1,,Unknown Product,unknown product en biscuits bijou
1,['milk'],0000243969909,Unknown Brand,Unknown Category,1,,animal bar,animal bar unknown category unknown brand
0,[],external_csv_chana_masala_2cd9a09ca24a,External CSV,External food ingredients dataset,0,"Chickpeas, Oil, Masala spices",Chana Masala,chana masala external food ingredients dataset external csv chickpeas oil masala spices
0,[],SYNTHETIC_NEG_0183,Generic,Beverages,0,,Tonic Water,carbonated water quinine sugar
0,[],ENHANCED_SEAFOOD_79,Enhanced Training,Seafood Training Data,0,crab apple,crab apple,crab apple
4,"['eggs', 'gluten', 'milk', 'nuts']",00000051,Lindt,Confitures,1,,Fondants Citron,fondants citron confitures lindt
1,['Dairy'],external_csv_cheese_pizza_bfd9619cf026,External CSV,External food ingredients dataset,1,"Cheese, Tomato sauce",Cheese Pizza,cheese pizza external food ingredients dataset external csv cheese tomato sauce
0,[],SYNTHETIC_NEG_0136,Generic,Baking,0,,Baking Powder Fine,monocalcium phosphate sodium bicarbonate corn starch
1,['fish'],ENHANCED_SEAFOOD_21,Enhanced Training,Seafood Training Data,1,grilled salmon with lemon,grilled salmon with lemon,grilled salmon with lemon
0,[],external_csv_vada_pav_e8282eda02b4,External CSV,External food ingredients dataset,0,"Potato, Oil, Pav bun, chutney",Vada Pav,vada pav external food ingredients dataset external csv potato oil pav bun chutney
2,"['Dairy', 'Nuts']",external_csv_baked_brie_3f5a80ca86fc,External CSV,External food ingredients dataset,1,"Brie cheese, Herbs, nuts",Baked Brie,baked brie external food ingredients dataset external csv brie cheese herbs nuts
0,[],SYNTHETIC_NEG_0164,Natural,Grains,0,,White Rice,white grain long rice
0,[],SYNTHETIC_NEG_0014,Basic,Condiment,0,,Apple Cider Vinegar Premium,raw unfiltered apple cider vinegar
3,"['shellfish', 'wheat', 'eggs']",ENHANCED_SEAFOOD_50,Enhanced Training,Seafood Training Data,1,lobster roll,lobster roll,lobster roll
1,['milk'],0000111103201,Unknown Brand,Unknown Category,1,,Isalean,isalean unknown category unknown brand
0,[],external_csv_veggie_burger_1dd743863145,External CSV,External food ingredients dataset,0,"Mixed vegetables, Vegetable oil, Seasonings",Veggie Burger,veggie burger external food ingredients dataset external csv mixed vegetables vegetable oil seasonings
1,['Soybeans'],external_csv_soy_milk_1729f620b466,External CSV,External food ingredients dataset,1,"Soybeans, Sugar, Emulsifiers",Soy Milk,soy milk external food ingredients dataset external csv soybeans sugar emulsifiers
0,[],external_csv_pancetta_pasta_5f5ca37a9b10,External CSV,External food ingredients dataset,0,"Pasta, Pancetta, Garlic, herbs",Pancetta Pasta,pancetta pasta external food ingredients dataset external csv pasta pancetta garlic herbs
0,[],external_csv_ratatouille_38ef50bcb409,External CSV,External food ingredients dataset,0,"Vegetables, Olive oil, Herbs, garlic",Ratatouille,ratatouille external food ingredients dataset external csv vegetables olive oil herbs garlic
1,['Dairy'],external_csv_chicken_tikka_masala_ccda9fa4b987,External CSV,External food ingredients dataset,1,"Chicken, Sugar, Ghee, Tomato sauce, cream",Chicken Tikka Masala,chicken tikka masala external food ingredients dataset external csv chicken sugar ghee tomato sauce cream
1,['nuts'],00000194,Biojoy,"Plant-based foods and beverages, Plant-based foods, Nuts and their products, Nuts, Shelled nuts, Walnuts, Walnut kernels",1,,Bio Walnusskerne Achtel kerne,bio walnusskerne achtel kerne plant based foods and beverages plant based foods nuts and their products nuts shelled nuts walnuts walnut kernels biojoy
0,[],external_csv_ratatouille_597c5f07e18d,External CSV,External food ingredients dataset,0,"Eggplant, Olive oil, Tomatoes",Ratatouille,ratatouille external food ingredients dataset external csv eggplant olive oil tomatoes
0,[],SYNTHETIC_NEG_0121,Natural,Sweetener,0,,White Sugar Natural,sucrose cane sweetener sugar
0,[],external_csv_green_smoothie_880e9c6dfe6b,External CSV,External food ingredients dataset,0,"Spinach, Honey, Avocado, Almond milk",Green Smoothie,green smoothie external food ingredients dataset external csv spinach honey avocado almond milk
0,[],SYNTHETIC_NEG_0178,Basic,Thickener,0,,Tapioca Starch Premium,cassava flour tapioca root
0,[],SYNTHETIC_NEG_0172,Simple,Oils,0,,Avocado Oil Fine,pure avocado oil
1,['Dairy'],external_csv_mushroom_and_goat_cheese_flatbread_a0b04c1be71e,External CSV,External food ingredients dataset,1,"Mushrooms, Olive oil, Goat cheese, herbs",Mushroom and Goat Cheese Flatbread,mushroom and goat cheese flatbread external food ingredients dataset external csv mushrooms olive oil goat cheese herbs
0,[],SYNTHETIC_NEG_0042,Pure,Sweetener,0,,Brown Sugar Pure,molasses sugar cane brown sugar
0,[],external_csv_stuffed_cabbage_rolls_a24d3e6e96f6,External CSV,External food ingredients dataset,0,"Cabbage, Olive oil, Ground meat, rice",Stuffed Cabbage Rolls,stuffed cabbage rolls external food ingredients dataset external csv cabbage olive oil ground meat rice
2,"['Wheat', 'Dairy']",external_csv_vegetable_lasagna_ab98a03504a9,External CSV,External food ingredients dataset,1,"Vegetables, Olive oil, Tomato sauce, cheese",Vegetable Lasagna,vegetable lasagna external food ingredients dataset external csv vegetables olive oil tomato sauce cheese
2,"['Pine nuts', 'Dairy']",external_csv_pesto_chicken_902dfb5b48c1,External CSV,External food ingredients dataset,1,"Chicken, Olive oil, Pesto sauce",Pesto Chicken,pesto chicken external food ingredients dataset external csv chicken olive oil pesto sauce
0,[],SYNTHETIC_NEG_0185,Simple,Beverages,0,,Green Tea Premium Quality,leaves green tea
2,"['Wheat', 'Dairy']",external_csv_tiramisu_0b5e0ecfd580,External CSV,External food ingredients dataset,1,"Ladyfingers, Sugar, Mascarpone cheese, Coffee, cocoa",Tiramisu,tiramisu external food ingredients dataset external csv ladyfingers sugar mascarpone cheese coffee cocoa
1,['Wheat'],external_csv_grilled_portobello_mushroom_burger_9a227872d88a,External CSV,External food ingredients dataset,1,"Portobello mushrooms, Burger bun, vegetables",Grilled Portobello Mushroom Burger,grilled portobello mushroom burger external food ingredients dataset external csv portobello mushrooms burger bun vegetables
0,[],external_csv_chicken_fajitas_4ae5b263a07f,External CSV,External food ingredients dataset,0,"Chicken, Vegetable oil, Fajita seasoning",Chicken Fajitas,chicken fajitas external food ingredients dataset external csv chicken vegetable oil fajita seasoning
0,[],external_csv_cucumber_salad_8b2024e1db81,External CSV,External food ingredients dataset,0,"Cucumbers, Olive oil, Vinegar, herbs",Cucumber Salad,cucumber salad external food ingredients dataset external csv cucumbers olive oil vinegar herbs
0,[],SYNTHETIC_NEG_0081,Classic,Sweetener,0,,White Sugar,sugar sucrose sweetener cane
0,[],external_csv_ratatouille_pasta_875a52c52536,External CSV,External food ingredients dataset,0,"Pasta, Olive oil, Ratatouille vegetables",Ratatouille Pasta,ratatouille pasta external food ingredients dataset external csv pasta olive oil ratatouille vegetables
2,"['Wheat', 'Dairy']",external_csv_garlic_bread_9b3238947998,External CSV,External food ingredients dataset,1,"Bread, Butter, Garlic",Garlic Bread,garlic bread external food ingredients dataset external csv bread butter garlic
0,[],external_csv_mutton_biryani_b5b50e5b4383,External CSV,External food ingredients dataset,0,"Mutton, Ghee, Basmati rice, spices",Mutton Biryani,mutton biryani external food ingredients dataset external csv mutton ghee basmati rice spices
2,"['Wheat', 'Dairy']",external_csv_chicken_caesar_salad_86e1b2eae798,External CSV,External food ingredients dataset,1,"Chicken, Caesar dressing, Romaine lettuce, croutons",Chicken Caesar Salad,chicken caesar salad external food ingredients dataset external csv chicken caesar dressing romaine lettuce croutons
0,[],SYNTHETIC_NEG_0122,Classic,Sweetener,0,,Brown Sugar Natural,brown sugar sugar molasses cane
1,['soybeans'],00000225,bijou,Unknown Category,1,,bijou cacao,bijou cacao unknown category bijou
0,[],external_csv_chole_bhature_a695fe124248,External CSV,External food ingredients dataset,0,"Chickpeas, Sugar, Ghee, Chole masala, spices",Chole Bhature,chole bhature external food ingredients dataset external csv chickpeas sugar ghee chole masala spices
0,[],SYNTHETIC_NEG_0123,Pure,Sweetener,0,,Powdered Sugar,confectioners starch corn sugar
1,['Dairy'],external_csv_pesto_pizza_5bcafa5bc330,External CSV,External food ingredients dataset,1,"Pesto sauce, Mozzarella cheese, basil",Pesto Pizza,pesto pizza external food ingredients dataset external csv pesto sauce mozzarella cheese basil
2,"['Wheat', 'Dairy']",external_csv_mushroom_risotto_316a06d2e03b,External CSV,External food ingredients dataset,1,"Arborio rice, Butter, Mushroom",Mushroom Risotto,mushroom risotto external food ingredients dataset external csv arborio rice butter mushroom
0,[],SYNTHETIC_NEG_0100,Natural,Beverages,0,,Spring Water Natural,spring water natural
0,[],SYNTHETIC_NEG_0117,Generic,Condiment,0,,Lemon Juice,lemon pure juice
1,['peanuts'],0000200000002,Kazidomi,"Aliments et boissons à base de végétaux, Aliments d'origine végétale, Légumineuses et dérivés, Petit-déjeuners, Produits à tartiner, Fruits à coques et dérivés, Pâtes à tartiner végétales, Produits à tartiner sucrés, Purées d'oléagineux, Beurres de légumineuses, Pâtes à tartiner, Beurres de fruits à coques, Beurres de cacahuètes, Pâte de noix",1,,Beurre de Cacahuètes Bio,beurre de cacahu tes bio aliments et boissons base de v g taux aliments d origine v g tale l gumineuses et d riv s petit d jeuners produits tartiner fruits coques et d riv s p tes tartiner v g tales produits tartiner sucr s pur es d ol agineux beurres de l gumineuses p tes tartiner beurres de fruits coques beurres de cacahu tes p te de noix kazidomi
2,"['gluten', 'soybeans']",00000987,Unknown Brand,"Aliments pour bébé, Plats principaux pour bébé, Assiettes pour bébé",1,,Unknown Product,unknown product aliments pour b b plats principaux pour b b assiettes pour b b unknown brand
1,['Dairy'],external_csv_mango_lassi_48623b4e9c44,External CSV,External food ingredients dataset,1,"Mango, Sugar, Yogurt (milk, cultures), Cardamom",Mango Lassi,mango lassi external food ingredients dataset external csv mango sugar yogurt milk cultures cardamom
1,['Shellfish'],external_csv_garlic_shrimp_4bb57b1cbee9,External CSV,External food ingredients dataset,1,"Shrimp, Olive oil, Garlic",Garlic Shrimp,garlic shrimp external food ingredients dataset external csv shrimp olive oil garlic
1,['Dairy'],external_csv_gulab_jamun_489728798e2e,External CSV,External food ingredients dataset,1,"Milk solids, Sugar, Ghee, Cardamom syrup",Gulab Jamun,gulab jamun external food ingredients dataset external csv milk solids sugar ghee cardamom syrup
1,['Wheat'],external_csv_zucchini_bread_f50456b3a7c5,External CSV,External food ingredients dataset,1,"Zucchini, Sugar, Vegetable oil, Flour",Zucchini Bread,zucchini bread external food ingredients dataset external csv zucchini sugar vegetable oil flour
3,"['gluten', 'milk', 'soybeans']",00001171,Herbalife,"Boissons,Produits laitiers,Conserves,Plats préparés,Boissons lactées,Laits aromatisés,Compléments alimentaires,Milkshakes",1,,Formula 1 healthy meal,formula 1 healthy meal boissons produits laitiers conserves plats pr par s boissons lact es laits aromatis s compl ments alimentaires milkshakes herbalife
0,[],SYNTHETIC_NEG_0001,Simple,Sweetener,0,,White Sugar Pure,sugar cane sucrose sweetener
0,[],SYNTHETIC_NEG_0041,Pure,Sweetener,0,,White Sugar Premium Quality,sucrose sweetener cane sugar
1,['shellfish'],ENHANCED_SEAFOOD_53,Enhanced Training,Seafood Training Data,1,steamed clams,steamed clams,steamed clams
0,[],SYNTHETIC_NEG_0017,Simple,Thickener,0,,Corn Starch Pure,pure starch corn
1,['Dairy'],external_csv_stuffed_portobello_mushrooms_f40ce556760e,External CSV,External food ingredients dataset,1,"Portobello mushrooms, Cheese, breadcrumbs",Stuffed Portobello Mushrooms,stuffed portobello mushrooms external food ingredients dataset external csv portobello mushrooms cheese breadcrumbs
0,[],external_csv_chicken_enchiladas_774e0b9b6943,External CSV,External food ingredients dataset,0,"Chicken, Vegetable oil, Enchilada sauce",Chicken Enchiladas,chicken enchiladas external food ingredients dataset external csv chicken vegetable oil enchilada sauce
0,[],SYNTHETIC_NEG_0055,Natural,Baking,0,,Baking Soda Pure,sodium pure bicarbonate
0,[],ENHANCED_SEAFOOD_69,Enhanced Training,Seafood Training Data,0,kelp noodles,kelp noodles,kelp noodles
0,[],external_csv_ratatouille_pizza_9e3df45d2a5e,External CSV,External food ingredients dataset,0,"Pizza dough, Olive oil, Ratatouille vegetables",Ratatouille Pizza,ratatouille pizza external food ingredients dataset external csv pizza dough olive oil ratatouille vegetables
0,[],SYNTHETIC_NEG_0143,Natural,Beverages,0,,Tonic Water Premium,water sugar quinine carbonated
1,['gluten'],00000636,Sigmature select,"Plant-based foods and beverages, Plant-based foods, Breakfasts, Cereals and potatoes, Cereals and their products, Breakfast cereals, Flakes, Cereal flakes, Rolled flakes, Blend of rolled cereal flakes, Frozen pizza",1,,Ultra thin crust chicken bacon ranch pizza,ultra thin crust chicken bacon ranch pizza plant based foods and beverages plant based foods breakfasts cereals and potatoes cereals and their products breakfast cereals flakes cereal flakes rolled flakes blend of rolled cereal flakes frozen pizza sigmature select
1,['Soybeans'],external_csv_tofu_stir_fry_e0f8d8c6b7d7,External CSV,External food ingredients dataset,1,"Tofu, Vegetable oil, Soy sauce",Tofu Stir-Fry,tofu stir fry external food ingredients dataset external csv tofu vegetable oil soy sauce
1,['Dairy'],external_csv_mashed_potatoes_7ee84c217eab,External CSV,External food ingredients dataset,1,"Potatoes, Butter, Salt, Pepper",Mashed Potatoes,mashed potatoes external food ingredients dataset external csv potatoes butter salt pepper
2,"['Wheat', 'Dairy']",external_csv_lemon_bars_a909c325dd82,External CSV,External food ingredients dataset,1,"Flour, Sugar, Butter, Lemon juice",Lemon Bars,lemon bars external food ingredients dataset external csv flour sugar butter lemon juice
2,"['Wheat', 'Dairy']",external_csv_chicken_alfredo_pizza_103aa80998f4,External CSV,External food ingredients dataset,1,"Pizza dough, Chicken, Alfredo sauce",Chicken Alfredo Pizza,chicken alfredo pizza external food ingredients dataset external csv pizza dough chicken alfredo sauce
1,['milk'],0000290153097,Bofrost,Pasti,1,,Risto piatti fusilli alla Sorrentina senza glutine,risto piatti fusilli alla sorrentina senza glutine pasti bofrost
2,"['Wheat', 'Dairy']",external_csv_chicken_parmesan_c17990f09b87,External CSV,External food ingredients dataset,1,"Chicken, Olive oil, Tomato sauce, cheese",Chicken Parmesan,chicken parmesan external food ingredients dataset external csv chicken olive oil tomato sauce cheese
2,"['Wheat', 'Dairy']",external_csv_caesar_pasta_salad_5d92bc166581,External CSV,External food ingredients dataset,1,"Pasta, Caesar dressing, Romaine lettuce, Parmesan cheese",Caesar Pasta Salad,caesar pasta salad external food ingredients dataset external csv pasta caesar dressing romaine lettuce parmesan cheese
0,[],SYNTHETIC_NEG_0112,Simple,Sweetener,0,,Agave Nectar Pure,syrup agave blue
0,[],external_csv_raspberry_spinach_salad_8da0d247cafa,External CSV,External food ingredients dataset,0,"Spinach, Raspberries, vinaigrette",Raspberry Spinach Salad,raspberry spinach salad external food ingredients dataset external csv spinach raspberries vinaigrette
1,['Dairy'],external_csv_strawberry_smoothie_d4b9283c44d4,External CSV,External food ingredients dataset,1,"Strawberries, Honey, Yogurt (milk, cultures)",Strawberry Smoothie,strawberry smoothie external food ingredients dataset external csv strawberries honey yogurt milk cultures
0,[],SYNTHETIC_NEG_0060,Simple,Beverages,0,,Spring Water Pure,water spring natural
1,['Dairy'],external_csv_stuffed_mushrooms_292838239702,External CSV,External food ingredients dataset,1,"Mushrooms, Cheese, breadcrumbs",Stuffed Mushrooms,stuffed mushrooms external food ingredients dataset external csv mushrooms cheese breadcrumbs
1,['milk'],0000111301263,Canola Harvest,Fats,1,,"Canola harvest, buttery spread, with flaxseed oil",canola harvest buttery spread with flaxseed oil fats canola harvest
0,[],external_csv_apple_cider_ca55fdbfaef4,External CSV,External food ingredients dataset,0,"Apples, Sugar, Cinnamon",Apple Cider,apple cider external food ingredients dataset external csv apples sugar cinnamon
0,[],external_csv_lemon_pepper_chicken_aabc1a1033cb,External CSV,External food ingredients dataset,0,"Chicken, Olive oil, Lemon pepper seasoning",Lemon Pepper Chicken,lemon pepper chicken external food ingredients dataset external csv chicken olive oil lemon pepper seasoning
2,"['Shellfish', 'Dairy']",external_csv_shrimp_scampi_981841ca2668,External CSV,External food ingredients dataset,1,"Shrimp, Butter, Garlic, lemon",Shrimp Scampi,shrimp scampi external food ingredients dataset external csv shrimp butter garlic lemon
0,[],external_csv_spaghetti_bolognese_8c41ed0e5aa1,External CSV,External food ingredients dataset,1,"Ground beef, Sugar, Olive oil, Tomato sauce",Spaghetti Bolognese,spaghetti bolognese external food ingredients dataset external csv ground beef sugar olive oil tomato sauce
0,[],external_csv_pesto_chicken_3508598cc15e,External CSV,External food ingredients dataset,0,"Chicken, Pesto sauce",Pesto Chicken,pesto chicken external food ingredients dataset external csv chicken pesto sauce
1,['Milk'],external_csv_vanilla_yogurt_bcb45a2f4e00,External CSV,External food ingredients dataset,1,"Yogurt (milk, cultures), Sugar, Vanilla extract",Vanilla Yogurt,vanilla yogurt external food ingredients dataset external csv yogurt milk cultures sugar vanilla extract
3,"['Wheat', 'Dairy', 'Nuts']",external_csv_banana_bread_ea5652b83b79,External CSV,External food ingredients dataset,1,"Bananas, Sugar, Butter, Cinnamon, nuts",Banana Bread,banana bread external food ingredients dataset external csv bananas sugar butter cinnamon nuts
0,[],SYNTHETIC_NEG_0198,Natural,Condiment,0,,Lime Juice Organic,juice lime pure
1,['shellfish'],ENHANCED_SEAFOOD_57,Enhanced Training,Seafood Training Data,1,crawfish etouffee,crawfish etouffee,crawfish etouffee
0,[],ENHANCED_SEAFOOD_70,Enhanced Training,Seafood Training Data,0,vegetable sushi (no fish),vegetable sushi (no fish),vegetable sushi (no fish)
0,[],SYNTHETIC_NEG_0089,Pure,Oils,0,,Coconut Oil Pure,coconut oil virgin
2,"['milk', 'soybeans']",00002600,Herbalife,"Dietary supplements,Bodybuilding supplements,Protein powders,Protein shakes",1,,Protein Drink Mix,protein drink mix dietary supplements bodybuilding supplements protein powders protein shakes herbalife
2,"['shellfish', 'fish']",ENHANCED_SEAFOOD_63,Enhanced Training,Seafood Training Data,1,seafood gumbo,seafood gumbo,seafood gumbo
0,[],external_csv_zucchini_noodles_ac1669ebbd42,External CSV,External food ingredients dataset,0,"Zucchini, Olive oil, Garlic, herbs",Zucchini Noodles,zucchini noodles external food ingredients dataset external csv zucchini olive oil garlic herbs
0,[],SYNTHETIC_NEG_0130,Essential,Oils,0,,Canola Oil,vegetable canola oil
0,[],SYNTHETIC_NEG_0120,Essential,Seasoning,0,,Pure Sea Salt Pure,sea sodium chloride salt
0,[],external_csv_veggie_omelette_3c100eb695ba,External CSV,External food ingredients dataset,0,"Mixed vegetables, Olive oil, Salt, pepper",Veggie Omelette,veggie omelette external food ingredients dataset external csv mixed vegetables olive oil salt pepper
0,[],external_csv_tomato_bruschetta_64c3371b6140,External CSV,External food ingredients dataset,0,"Tomatoes, Olive oil, Garlic, basil",Tomato Bruschetta,tomato bruschetta external food ingredients dataset external csv tomatoes olive oil garlic basil
2,"['Wheat', 'Dairy']",external_csv_cinnamon_rolls_5801beb1f591,External CSV,External food ingredients dataset,1,"Flour, Sugar, Butter, Cinnamon",Cinnamon Rolls,cinnamon rolls external food ingredients dataset external csv flour sugar butter cinnamon
3,"['Wheat', 'Dairy', 'Eggs']",external_csv_lemon_bars_64fce0033feb,External CSV,External food ingredients dataset,1,"Lemon juice, Sugar, Butter, Flour, eggs",Lemon Bars,lemon bars external food ingredients dataset external csv lemon juice sugar butter flour eggs
0,[],external_csv_lemon_garlic_chicken_b15b8ba6176d,External CSV,External food ingredients dataset,0,"Chicken, Olive oil, Lemon juice, garlic",Lemon Garlic Chicken,lemon garlic chicken external food ingredients dataset external csv chicken olive oil lemon juice garlic
0,[],SYNTHETIC_NEG_0137,Pure,Thickener,0,,Corn Starch Organic,pure corn starch
2,"['Wheat', 'Dairy']",external_csv_banana_bread_df768338a057,External CSV,External food ingredients dataset,1,"Bananas, Sugar, Butter, Flour",Banana Bread,banana bread external food ingredients dataset external csv bananas sugar butter flour
0,[],external_csv_lentil_salad_398873a56d39,External CSV,External food ingredients dataset,0,"Lentils, Olive oil, Lemon juice, vegetables",Lentil Salad,lentil salad external food ingredients dataset external csv lentils olive oil lemon juice vegetables
0,[],SYNTHETIC_NEG_0102,Basic,Beverages,0,,Club Soda Natural,water sodium carbonated bicarbonate
0,[],SYNTHETIC_NEG_0170,Essential,Oils,0,,Canola Oil,oil canola vegetable
0,[],external_csv_fruit_salad_6a130e8dc050,External CSV,External food ingredients dataset,0,"Mixed fruits, Sugar, Lemon juice",Fruit Salad,fruit salad external food ingredients dataset external csv mixed fruits sugar lemon juice
1,['Dairy'],external_csv_banana_pudding_186038dc65d7,External CSV,External food ingredients dataset,1,"Bananas, Sugar, Milk, Vanilla pudding mix, cookies",Banana Pudding,banana pudding external food ingredients dataset external csv bananas sugar milk vanilla pudding mix cookies
0,[],external_csv_mango_coconut_popsicles_cea2a1600237,External CSV,External food ingredients dataset,0,"Mango, Sugar, Coconut milk",Mango Coconut Popsicles,mango coconut popsicles external food ingredients dataset external csv mango sugar coconut milk
2,"['Wheat', 'Dairy']",external_csv_sausage_and_pepper_pizza_ad5b9d046a27,External CSV,External food ingredients dataset,1,"Pizza dough, Sausage, bell peppers",Sausage and Pepper Pizza,sausage and pepper pizza external food ingredients dataset external csv pizza dough sausage bell peppers
0,[],SYNTHETIC_NEG_0008,Basic,Oils,0,,Extra Virgin Olive Oil Premium,pressed cold oil olive
2,"['shellfish', 'fish']",ENHANCED_SEAFOOD_62,Enhanced Training,Seafood Training Data,1,seafood platter,seafood platter,seafood platter
0,[],SYNTHETIC_NEG_0182,Generic,Beverages,0,,Club Soda,carbonated sodium bicarbonate water
6,"['eggs', 'gluten', 'milk', 'nuts', 'soybeans', 'Arroz']",0000182602460,Isagenix,"Botanas, Snacks dulces, Barritas, Barritas de cereales",1,,Isabar,isabar botanas snacks dulces barritas barritas de cereales isagenix
0,[],external_csv_vegetable_soup_8f76f7e128b9,External CSV,External food ingredients dataset,0,"Mixed vegetables, Olive oil, Seasonings",Vegetable Soup,vegetable soup external food ingredients dataset external csv mixed vegetables olive oil seasonings
0,[],SYNTHETIC_NEG_0140,Simple,Beverages,0,,Spring Water Premium Quality,water natural spring
2,"['Wheat', 'Dairy']",external_csv_blueberry_muffins_b24e19ee9ab2,External CSV,External food ingredients dataset,1,"Flour, Sugar, Butter, Blueberries",Blueberry Muffins,blueberry muffins external food ingredients dataset external csv flour sugar butter blueberries
0,[],SYNTHETIC_NEG_0153,Pure,Sweetener,0,,Coconut Sugar Organic,palm coconut sugar
1,['Dairy'],external_csv_greek_salad_1130a6705c59,External CSV,External food ingredients dataset,1,"Cucumbers, Olive oil, Feta cheese, olives",Greek Salad,greek salad external food ingredients dataset external csv cucumbers olive oil feta cheese olives
0,[],SYNTHETIC_NEG_0015,Essential,Baking,0,,Baking Soda Natural,sodium bicarbonate pure
0,[],SYNTHETIC_NEG_0080,Generic,Seasoning,0,,Pure Sea Salt Organic,sea salt sodium chloride
1,['Dairy'],external_csv_greek_yogurt_parfait_056046d8f284,External CSV,External food ingredients dataset,1,"Greek yogurt, Honey, Granola, mixed berries",Greek Yogurt Parfait,greek yogurt parfait external food ingredients dataset external csv greek yogurt honey granola mixed berries
0,[],SYNTHETIC_NEG_0082,Generic,Sweetener,0,,Brown Sugar Pure,brown sugar cane sugar molasses
2,"['Dairy', 'Nuts']",external_csv_sweet_potato_casserole_eb714bd12350,External CSV,External food ingredients dataset,1,"Sweet potatoes, Brown sugar, Butter, Cinnamon, nutmeg",Sweet Potato Casserole,sweet potato casserole external food ingredients dataset external csv sweet potatoes brown sugar butter cinnamon nutmeg
0,[],SYNTHETIC_NEG_0096,Generic,Baking,0,,Baking Powder Organic,bicarbonate corn sodium phosphate monocalcium starch
1,['Dairy'],external_csv_caramel_popcorn_f1a3f2bb93bb,External CSV,External food ingredients dataset,1,"Popcorn, Sugar, Butter, Salt",Caramel Popcorn,caramel popcorn external food ingredients dataset external csv popcorn sugar butter salt
0,[],SYNTHETIC_NEG_0036,Simple,Flavoring,0,,Vanilla Extract Premium Quality,alcohol bean water extract vanilla
0,[],ENHANCED_SEAFOOD_75,Enhanced Training,Seafood Training Data,0,"coconut shrimp (contains no shrimp, coconut flavor)","coconut shrimp (contains no shrimp, coconut flavor)","coconut shrimp (contains no shrimp, coconut flavor)"
0,[],SYNTHETIC_NEG_0110,Pure,Sweetener,0,,Pure Honey Organic,honey wildflower raw
0,[],external_csv_mango_salsa_adf3b4f27036,External CSV,External food ingredients dataset,0,"Mango, Lime juice, cilantro",Mango Salsa,mango salsa external food ingredients dataset external csv mango lime juice cilantro
1,['nuts'],0000200000005,Kazidomi,"Aliments et boissons à base de végétaux, Aliments d'origine végétale, Produits à tartiner, Fruits à coques et dérivés, Pâtes à tartiner végétales, Fruits à coques, Purées d'oléagineux, Beurres de fruits à coques, Purées de noix de cajou, Noix de cajou, Pâte de noix",1,,Purée de Noix de Cajou grillées Bio,pur e de noix de cajou grill es bio aliments et boissons base de v g taux aliments d origine v g tale produits tartiner fruits coques et d riv s p tes tartiner v g tales fruits coques pur es d ol agineux beurres de fruits coques pur es de noix de cajou noix de cajou p te de noix kazidomi
1,['Shellfish'],external_csv_shrimp_scampi_pasta_a9f347d61e33,External CSV,External food ingredients dataset,1,"Shrimp, Butter, Garlic, lemon",Shrimp Scampi Pasta,shrimp scampi pasta external food ingredients dataset external csv shrimp butter garlic lemon
1,['Dairy'],external_csv_butternut_squash_soup_6a95c6c033ea,External CSV,External food ingredients dataset,1,"Butternut squash, Butter, Nutmeg, cream",Butternut Squash Soup,butternut squash soup external food ingredients dataset external csv butternut squash butter nutmeg cream
0,[],external_csv_beef_and_broccoli_4046f8152eb6,External CSV,External food ingredients dataset,0,"Beef, Vegetable oil, Soy sauce",Beef and Broccoli,beef and broccoli external food ingredients dataset external csv beef vegetable oil soy sauce
0,[],ENHANCED_SEAFOOD_71,Enhanced Training,Seafood Training Data,0,"tofu (soy, not seafood)","tofu (soy, not seafood)","tofu (soy, not seafood)"
1,['Fish'],external_csv_baked_salmon_e6842ca02c5d,External CSV,External food ingredients dataset,1,"Salmon, Olive oil, Lemon, herbs",Baked Salmon,baked salmon external food ingredients dataset external csv salmon olive oil lemon herbs
2,"['Wheat', 'Dairy']",external_csv_chicken_enchiladas_fa7b776ae698,External CSV,External food ingredients dataset,1,"Chicken, Enchilada sauce, Cheese, tortillas",Chicken Enchiladas,chicken enchiladas external food ingredients dataset external csv chicken enchilada sauce cheese tortillas
0,[],ENHANCED_SEAFOOD_74,Enhanced Training,Seafood Training Data,0,seitan (wheat gluten),seitan (wheat gluten),seitan (wheat gluten)
2,"['Wheat', 'Dairy']",external_csv_beef_wellington_662659192de8,External CSV,External food ingredients dataset,1,"Beef, Butter, Mushrooms, puff pastry",Beef Wellington,beef wellington external food ingredients dataset external csv beef butter mushrooms puff pastry
0,[],external_csv_sweet_potato_fries_1cf4f8554e68,External CSV,External food ingredients dataset,0,"Sweet potatoes, Vegetable oil, Salt, paprika",Sweet Potato Fries,sweet potato fries external food ingredients dataset external csv sweet potatoes vegetable oil salt paprika
0,[],SYNTHETIC_NEG_0029,Pure,Spice,0,,Sea Salt Grinder Organic,salt sea coarse
4,"['eggs', 'gluten', 'milk', 'soybeans']",00000020,Nestlé,"Snacks, Snacks sucrés, Biscuits et gâteaux, Gâteaux, Quatre-quarts, Gâteaux au chocolat, Madeleines, Madeleines au chocolat",1,,Nesquik moins de sucre,nesquik moins de sucre snacks snacks sucr s biscuits et g teaux g teaux quatre quarts g teaux au chocolat madeleines madeleines au chocolat nestl
2,"['Wheat', 'Dairy']",external_csv_vanilla_cupcakes_fedcb81aeba8,External CSV,External food ingredients dataset,1,"Flour, Sugar, Butter, Vanilla extract",Vanilla Cupcakes,vanilla cupcakes external food ingredients dataset external csv flour sugar butter vanilla extract
0,[],SYNTHETIC_NEG_0072,Essential,Sweetener,0,,Agave Nectar Premium,blue agave syrup
0,[],external_csv_ratatouille_675cb33586a3,External CSV,External food ingredients dataset,0,"Eggplant, Olive oil, Tomatoes, zucchini",Ratatouille,ratatouille external food ingredients dataset external csv eggplant olive oil tomatoes zucchini
3,"['fish', 'wheat', 'eggs']",ENHANCED_SEAFOOD_30,Enhanced Training,Seafood Training Data,1,fish fingers,fish fingers,fish fingers
0,[],SYNTHETIC_NEG_0173,Natural,Condiment,0,,Distilled White Vinegar Fine,vinegar acid acetic water white
0,[],external_csv_stuffed_bell_peppers_fcbfdca61b34,External CSV,External food ingredients dataset,0,"Bell peppers, Olive oil, Ground meat, rice",Stuffed Bell Peppers,stuffed bell peppers external food ingredients dataset external csv bell peppers olive oil ground meat rice
1,['Soybeans'],external_csv_chicken_teriyaki_d5bcd358c952,External CSV,External food ingredients dataset,1,"Chicken, Soy sauce, Honey, ginger",Chicken Teriyaki,chicken teriyaki external food ingredients dataset external csv chicken soy sauce honey ginger
2,"['Shellfish', 'Dairy']",external_csv_caesar_shrimp_skewers_135f513f1df8,External CSV,External food ingredients dataset,1,"Shrimp, Olive oil, Caesar dressing",Caesar Shrimp Skewers,caesar shrimp skewers external food ingredients dataset external csv shrimp olive oil caesar dressing
2,"['Wheat', 'Dairy']",external_csv_chocolate_chip_cookies_e961f7655db2,External CSV,External food ingredients dataset,1,"Flour, Sugar, Butter, Chocolate chips",Chocolate Chip Cookies,chocolate chip cookies external food ingredients dataset external csv flour sugar butter chocolate chips
1,['Dairy'],external_csv_margherita_pasta_75738243c377,External CSV,External food ingredients dataset,1,"Pasta, Olive oil, Mozzarella cheese, tomatoes, basil",Margherita Pasta,margherita pasta external food ingredients dataset external csv pasta olive oil mozzarella cheese tomatoes basil
1,['mustard'],00000100,Healthy Home,"Condiments, Sauces, Moutardes, en:groceries",1,,Unknown Product,unknown product condiments sauces moutardes en groceries healthy home
0,[],external_csv_caramel_apple_f079c48dd850,External CSV,External food ingredients dataset,0,"Apples, Caramel",Caramel Apple,caramel apple external food ingredients dataset external csv apples caramel
1,['fish'],ENHANCED_SEAFOOD_22,Enhanced Training,Seafood Training Data,1,baked cod with herbs,baked cod with herbs,baked cod with herbs
3,"['shellfish', 'wheat', 'eggs']",ENHANCED_SEAFOOD_42,Enhanced Training,Seafood Training Data,1,shrimp tempura,shrimp tempura,shrimp tempura
1,['Dairy'],external_csv_chicken_alfredo_5fda31bf8202,External CSV,External food ingredients dataset,1,"Chicken, Butter, Cream, Parmesan cheese",Chicken Alfredo,chicken alfredo external food ingredients dataset external csv chicken butter cream parmesan cheese
0,[],SYNTHETIC_NEG_0083,Classic,Sweetener,0,,Powdered Sugar Premium Quality,confectioners sugar corn starch
1,['milk'],0000137007224,Unknown Brand,"Snacks, Snacks sucrés, Viennoiseries, Croissants, Croissants au beurre",1,,Croissant pure beurre X2,croissant pure beurre x2 snacks snacks sucr s viennoiseries croissants croissants au beurre unknown brand
0,[],SYNTHETIC_NEG_0022,Natural,Beverages,0,,Club Soda Organic,carbonated water sodium bicarbonate
0,[],SYNTHETIC_NEG_0133,Essential,Condiment,0,,Distilled White Vinegar Premium,water acid vinegar acetic white
1,['shellfish'],ENHANCED_SEAFOOD_37,Enhanced Training,Seafood Training Data,1,garlic shrimp,garlic shrimp,garlic shrimp
0,[],external_csv_quinoa_stuffed_peppers_aca7ab0d77b5,External CSV,External food ingredients dataset,0,"Quinoa, Olive oil, Vegetables, spices",Quinoa Stuffed Peppers,quinoa stuffed peppers external food ingredients dataset external csv quinoa olive oil vegetables spices
1,['shellfish'],ENHANCED_SEAFOOD_40,Enhanced Training,Seafood Training Data,1,shrimp paste,shrimp paste,shrimp paste
1,['fish'],ENHANCED_SEAFOOD_1,Enhanced Training,Seafood Training Data,1,canned tuna in water,canned tuna in water,canned tuna in water
2,"['gluten', 'soybeans']",0000111111231,More,"Plant-based foods and beverages,Plant-based foods,Cereals and potatoes,Breads",1,,More Fresh 100% whole wheat bread,more fresh 100 whole wheat bread plant based foods and beverages plant based foods cereals and potatoes breads more
1,['Dairy'],external_csv_strawberry_smoothie_251ef580634f,External CSV,External food ingredients dataset,1,"Strawberries, Sugar, Yogurt, Milk",Strawberry Smoothie,strawberry smoothie external food ingredients dataset external csv strawberries sugar yogurt milk
1,['Dairy'],external_csv_rasmalai_94271cfc861e,External CSV,External food ingredients dataset,1,"Paneer, Sugar, Milk, Ghee, Cardamom, nuts",Rasmalai,rasmalai external food ingredients dataset external csv paneer sugar milk ghee cardamom nuts
1,['Eggs'],external_csv_egg_salad_a08b1fcfad60,External CSV,External food ingredients dataset,1,"Eggs, Mayonnaise, Celery, onion",Egg Salad,egg salad external food ingredients dataset external csv eggs mayonnaise celery onion
0,[],SYNTHETIC_NEG_0056,Generic,Baking,0,,Baking Powder Organic,monocalcium phosphate bicarbonate corn sodium starch
3,"['shellfish', 'wheat', 'eggs']",ENHANCED_SEAFOOD_43,Enhanced Training,Seafood Training Data,1,crab cakes,crab cakes,crab cakes
1,['fish'],ENHANCED_SEAFOOD_13,Enhanced Training,Seafood Training Data,1,fish oil supplement,fish oil supplement,fish oil supplement
3,"['fish', 'soy', 'seaweed']",ENHANCED_SEAFOOD_24,Enhanced Training,Seafood Training Data,1,sushi (salmon roll),sushi (salmon roll),sushi (salmon roll)
0,[],SYNTHETIC_NEG_0024,Classic,Beverages,0,,Black Coffee Premium Quality,coffee arabica beans
1,['Dairy'],external_csv_mushroom_risotto_e78be9c4af59,External CSV,External food ingredients dataset,1,"Mushrooms, Butter, Arborio rice, Parmesan cheese",Mushroom Risotto,mushroom risotto external food ingredients dataset external csv mushrooms butter arborio rice parmesan cheese
0,[],external_csv_sausage_pizza_62ea239e2725,External CSV,External food ingredients dataset,0,"Sausage, Mozzarella cheese",Sausage Pizza,sausage pizza external food ingredients dataset external csv sausage mozzarella cheese
2,"['Shellfish', 'Dairy']",external_csv_prawn_curry_fdd6b959cadd,External CSV,External food ingredients dataset,1,"Prawns, Coconut milk, Curry spices",Prawn Curry,prawn curry external food ingredients dataset external csv prawns coconut milk curry spices
0,[],external_csv_chicken_curry_68ed864578a2,External CSV,External food ingredients dataset,0,"Chicken, Oil, Curry spices",Chicken Curry,chicken curry external food ingredients dataset external csv chicken oil curry spices
3,"['eggs', 'milk', 'soybeans']",0000103227577,4life,"Dietary supplements, Bodybuilding supplements, Protein powders",1,,PRO-TF Chocolate,pro tf chocolate dietary supplements bodybuilding supplements protein powders 4life
1,['sesame-seeds'],0000200000007,Kazidomi,"Aliments et boissons à base de végétaux, Aliments d'origine végétale, Petit-déjeuners, Céréales et pommes de terre, Produits à tartiner, Céréales et dérivés, Pâtes à tartiner végétales, Produits à tartiner sucrés, Purées d'oléagineux, Pâtes à tartiner, Purées de céréales, Purées de sésame, Pâte de noix",1,,Purée de Sésame Tahini Bio,pur e de s same tahini bio aliments et boissons base de v g taux aliments d origine v g tale petit d jeuners c r ales et pommes de terre produits tartiner c r ales et d riv s p tes tartiner v g tales produits tartiner sucr s pur es d ol agineux p tes tartiner pur es de c r ales pur es de s same p te de noix kazidomi
0,[],SYNTHETIC_NEG_0197,Pure,Condiment,0,,Lemon Juice Pure,juice lemon pure
0,[],external_csv_baked_chicken_wings_f30aaf2f34e1,External CSV,External food ingredients dataset,0,"Chicken wings, Olive oil, Seasonings",Baked Chicken Wings,baked chicken wings external food ingredients dataset external csv chicken wings olive oil seasonings
0,[],external_csv_black_bean_soup_b30f30931989,External CSV,External food ingredients dataset,0,"Black beans, Olive oil, Vegetables",Black Bean Soup,black bean soup external food ingredients dataset external csv black beans olive oil vegetables
1,['milk'],00001417,"Herbalife Nutrition,Herbalife","Dietary supplements, Bodybuilding supplements, Protein shakes",1,,Rebuild 24,rebuild 24 dietary supplements bodybuilding supplements protein shakes herbalife nutrition herbalife
0,[],SYNTHETIC_NEG_0118,Generic,Condiment,0,,Lime Juice Natural,pure juice lime
2,"['shellfish', 'wheat']",ENHANCED_SEAFOOD_45,Enhanced Training,Seafood Training Data,1,crab rangoon,crab rangoon,crab rangoon
4,"['eggs', 'gluten', 'milk', 'soybeans']",00000227,Bijou,"Snacks, Snacks sucrés, Biscuits et gâteaux, Gâteaux, Pâtisseries, Gâteaux au chocolat, Gâteaux fourrés",1,,Bijou Caramel ChocoLait,bijou caramel chocolait snacks snacks sucr s biscuits et g teaux g teaux p tisseries g teaux au chocolat g teaux fourr s bijou
2,"['shellfish', 'fish']",ENHANCED_SEAFOOD_64,Enhanced Training,Seafood Training Data,1,cioppino (seafood stew),cioppino (seafood stew),cioppino (seafood stew)
2,"['milk', 'soybeans']",00001242,GOMAN AS,Compléments alimentaires,1,,Formula 1 Ciocolat boisson nutritionnelle,formula 1 ciocolat boisson nutritionnelle compl ments alimentaires goman as
1,['celery'],00000050,Bulk Supplements,Compléments alimentaires,1,,Thermo complete,thermo complete compl ments alimentaires bulk supplements
1,['shellfish'],ENHANCED_SEAFOOD_46,Enhanced Training,Seafood Training Data,1,king crab legs,king crab legs,king crab legs
2,"['Fish', 'Soybeans']",external_csv_teriyaki_salmon_9b335799c1c4,External CSV,External food ingredients dataset,1,"Salmon fillet, Sugar, Soy sauce, Ginger, garlic",Teriyaki Salmon,teriyaki salmon external food ingredients dataset external csv salmon fillet sugar soy sauce ginger garlic
2,"['Shellfish', 'Pork']",external_csv_bacon_wrapped_shrimp_959757b1cd03,External CSV,External food ingredients dataset,1,"Shrimp, Bacon, Seasonings",Bacon-Wrapped Shrimp,bacon wrapped shrimp external food ingredients dataset external csv shrimp bacon seasonings
1,['milk'],00000452,Unknown Brand,Unknown Category,1,,Unknown Product,unknown product unknown category unknown brand
0,[],SYNTHETIC_NEG_0009,Essential,Oils,0,,Coconut Oil Pure,oil coconut virgin
0,[],external_csv_lemon_herb_roasted_chicken_3aafb1cb04c7,External CSV,External food ingredients dataset,0,"Chicken, Olive oil, Lemon, herbs",Lemon Herb Roasted Chicken,lemon herb roasted chicken external food ingredients dataset external csv chicken olive oil lemon herbs
0,[],ENHANCED_SEAFOOD_77,Enhanced Training,Seafood Training Data,0,shrimp flavor chips (no actual shrimp),shrimp flavor chips (no actual shrimp),shrimp flavor chips (no actual shrimp)
0,[],SYNTHETIC_NEG_0047,Classic,Grains,0,,Basmati Rice Organic,rice basmati grain long
0,[],external_csv_honey_mustard_chicken_c7e0e25fdd3e,External CSV,External food ingredients dataset,0,"Chicken, Honey, Olive oil, Mustard, herbs",Honey Mustard Chicken,honey mustard chicken external food ingredients dataset external csv chicken honey olive oil mustard herbs
0,[],SYNTHETIC_NEG_0179,Pure,Thickener,0,,Potato Starch Natural,potato starch
0,[],external_csv_honey_glazed_carrots_14e88dfb5665,External CSV,External food ingredients dataset,0,"Carrots, Honey, Butter",Honey Glazed Carrots,honey glazed carrots external food ingredients dataset external csv carrots honey butter
0,[],external_csv_cabbage_rolls_fe05e9b6f466,External CSV,External food ingredients dataset,0,"Cabbage, Olive oil, Ground meat, rice",Cabbage Rolls,cabbage rolls external food ingredients dataset external csv cabbage olive oil ground meat rice
1,['Dairy'],external_csv_berry_smoothie_c44b67bec6c0,External CSV,External food ingredients dataset,1,"Mixed berries, Sugar, Yogurt (milk, cultures)",Berry Smoothie,berry smoothie external food ingredients dataset external csv mixed berries sugar yogurt milk cultures
0,[],SYNTHETIC_NEG_0166,Generic,Grains,0,,Jasmine Rice Pure,jasmine fragrant rice
1,['Peanuts'],external_csv_chicken_satay_b9cc8b9d802b,External CSV,External food ingredients dataset,1,"Chicken, Peanut butter, Soy sauce",Chicken Satay,chicken satay external food ingredients dataset external csv chicken peanut butter soy sauce
0,[],external_csv_ratatouille_tart_3e91dbe58dd9,External CSV,External food ingredients dataset,0,"Vegetables, Olive oil, Puff pastry, herbs",Ratatouille Tart,ratatouille tart external food ingredients dataset external csv vegetables olive oil puff pastry herbs
1,['fish'],ENHANCED_SEAFOOD_14,Enhanced Training,Seafood Training Data,1,worcestershire sauce (contains anchovies),worcestershire sauce (contains anchovies),worcestershire sauce (contains anchovies)
2,"['Wheat', 'Dairy']",external_csv_key_lime_pie_657c5b1ffb36,External CSV,External food ingredients dataset,1,"Lime juice, Sugar, Butter, Graham cracker crust",Key Lime Pie,key lime pie external food ingredients dataset external csv lime juice sugar butter graham cracker crust
0,[],ENHANCED_SEAFOOD_78,Enhanced Training,Seafood Training Data,0,lobster mushroom,lobster mushroom,lobster mushroom
0,[],external_csv_salsa_6ae6203823c3,External CSV,External food ingredients dataset,0,"Tomatoes, Onion, cilantro",Salsa,salsa external food ingredients dataset external csv tomatoes onion cilantro
0,[],SYNTHETIC_NEG_0098,Essential,Thickener,0,,Tapioca Starch Pure,cassava root tapioca flour
0,[],external_csv_beef_tacos_9b57226f7852,External CSV,External food ingredients dataset,0,"Ground beef, Vegetable oil, Taco seasoning",Beef Tacos,beef tacos external food ingredients dataset external csv ground beef vegetable oil taco seasoning
0,[],external_csv_greek_lemon_chicken_2cf27091e907,External CSV,External food ingredients dataset,0,"Chicken, Olive oil, Lemon juice, herbs",Greek Lemon Chicken,greek lemon chicken external food ingredients dataset external csv chicken olive oil lemon juice herbs
0,[],SYNTHETIC_NEG_0116,Pure,Flavoring,0,,Vanilla Extract Premium,vanilla bean extract alcohol water
0,[],SYNTHETIC_NEG_0124,Classic,Grains,0,,White Rice,long grain rice white
0,[],external_csv_gazpacho_42293a920b18,External CSV,External food ingredients dataset,0,"Tomatoes, Olive oil, Garlic, herbs",Gazpacho,gazpacho external food ingredients dataset external csv tomatoes olive oil garlic herbs
0,[],SYNTHETIC_NEG_0162,Essential,Sweetener,0,,Brown Sugar Pure,sugar cane sugar molasses brown
1,['Dairy'],external_csv_caesar_salad_wrap_404a2a9a8d29,External CSV,External food ingredients dataset,1,"Grilled chicken, Caesar dressing, Lettuce, Parmesan cheese",Caesar Salad Wrap,caesar salad wrap external food ingredients dataset external csv grilled chicken caesar dressing lettuce parmesan cheese
1,['Shellfish'],external_csv_lemon_garlic_shrimp_587ba860c468,External CSV,External food ingredients dataset,1,"Shrimp, Olive oil, Lemon juice, garlic",Lemon Garlic Shrimp,lemon garlic shrimp external food ingredients dataset external csv shrimp olive oil lemon juice garlic
0,[],SYNTHETIC_NEG_0025,Essential,Beverages,0,,Green Tea Pure,green tea leaves
0,[],external_csv_cucumber_salad_ad8952ae5831,External CSV,External food ingredients dataset,0,"Cucumber, Olive oil, Lemon juice, dill",Cucumber Salad,cucumber salad external food ingredients dataset external csv cucumber olive oil lemon juice dill
0,[],external_csv_lentil_soup_e61efffdc487,External CSV,External food ingredients dataset,0,"Lentils, Olive oil, Vegetables",Lentil Soup,lentil soup external food ingredients dataset external csv lentils olive oil vegetables
0,[],SYNTHETIC_NEG_0016,Basic,Baking,0,,Baking Powder,monocalcium bicarbonate corn sodium starch phosphate
0,[],SYNTHETIC_NEG_0158,Simple,Condiment,0,,Lime Juice,pure lime juice
1,['shellfish'],ENHANCED_SEAFOOD_36,Enhanced Training,Seafood Training Data,1,prawn curry,prawn curry,prawn curry
0,[],SYNTHETIC_NEG_0084,Basic,Grains,0,,White Rice Organic,long grain white rice
4,"['gluten', 'nuts', 'peanuts', 'sesame-seeds']",00000321,Kazidomi,"Plant-based foods and beverages,Plant-based foods,Fruits and vegetables based foods,Fruits based foods,Nuts and their products,Dried products,Nuts,Dried plant-based foods,Dried fruits,Brazil nuts",1,,Noix du Brésil,noix du br sil plant based foods and beverages plant based foods fruits and vegetables based foods fruits based foods nuts and their products dried products nuts dried plant based foods dried fruits brazil nuts kazidomi
1,['Dairy'],external_csv_chicken_fettuccine_alfredo_eb7f7f19619c,External CSV,External food ingredients dataset,1,"Chicken, Butter, Cream, Parmesan cheese",Chicken Fettuccine Alfredo,chicken fettuccine alfredo external food ingredients dataset external csv chicken butter cream parmesan cheese
3,"['Chicken', 'Wheat', 'Celery']",external_csv_chicken_noodle_soup_6929f715241d,External CSV,External food ingredients dataset,1,"Chicken broth, Salt",Chicken Noodle Soup,chicken noodle soup external food ingredients dataset external csv chicken broth salt
0,[],external_csv_lemonade_5fe899c396b1,External CSV,External food ingredients dataset,0,"Lemon juice, Sugar, Water",Lemonade,lemonade external food ingredients dataset external csv lemon juice sugar water
1,['peanuts'],0000200000015,Kazidomi,"Aliments et boissons à base de végétaux, Aliments d'origine végétale, Produits à tartiner, Fruits à coques et dérivés, Pâtes à tartiner végétales, Purées d'oléagineux, Beurres de fruits à coques, Purées d'amande, Pâte de noix",1,,Purée d'Amandes Blanches Grillées Bio,pur e d amandes blanches grill es bio aliments et boissons base de v g taux aliments d origine v g tale produits tartiner fruits coques et d riv s p tes tartiner v g tales pur es d ol agineux beurres de fruits coques pur es d amande p te de noix kazidomi
1,['Dairy'],external_csv_tandoori_chicken_c815a0811f02,External CSV,External food ingredients dataset,1,"Chicken, Yogurt, Tandoori spices",Tandoori Chicken,tandoori chicken external food ingredients dataset external csv chicken yogurt tandoori spices
1,['Soybeans'],external_csv_tofu_scramble_77df3f5c217d,External CSV,External food ingredients dataset,1,"Tofu, Vegetable oil, Turmeric, spices",Tofu Scramble,tofu scramble external food ingredients dataset external csv tofu vegetable oil turmeric spices
0,[],external_csv_roasted_brussels_sprouts_956306d49c28,External CSV,External food ingredients dataset,0,"Brussels sprouts, Olive oil, Balsamic glaze",Roasted Brussels Sprouts,roasted brussels sprouts external food ingredients dataset external csv brussels sprouts olive oil balsamic glaze
2,"['Fish', 'Dairy']",external_csv_baked_cod_a21f79e5f7a8,External CSV,External food ingredients dataset,1,"Cod, Butter, Lemon, herbs",Baked Cod,baked cod external food ingredients dataset external csv cod butter lemon herbs
0,[],SYNTHETIC_NEG_0028,Pure,Spice,0,,Ground Black Pepper Fine,black peppercorns
0,[],external_csv_orange_chicken_2819fcff380f,External CSV,External food ingredients dataset,0,"Chicken, Vegetable oil, Orange sauce",Orange Chicken,orange chicken external food ingredients dataset external csv chicken vegetable oil orange sauce
1,['Dairy'],external_csv_mushroom_soup_4c797924fb45,External CSV,External food ingredients dataset,1,"Mushrooms, Butter, Vegetable broth",Mushroom Soup,mushroom soup external food ingredients dataset external csv mushrooms butter vegetable broth
0,[],external_csv_greek_lemon_potatoes_fcdb908c83c5,External CSV,External food ingredients dataset,0,"Potatoes, Olive oil, Lemon juice, herbs",Greek Lemon Potatoes,greek lemon potatoes external food ingredients dataset external csv potatoes olive oil lemon juice herbs
0,[],SYNTHETIC_NEG_0044,Classic,Grains,0,,White Rice,white long rice grain
2,"['Wheat', 'Dairy']",external_csv_blueberry_muffins_76a77a2f3670,External CSV,External food ingredients dataset,1,"Blueberries, Sugar, Butter, Flour",Blueberry Muffins,blueberry muffins external food ingredients dataset external csv blueberries sugar butter flour
0,[],external_csv_chicken_curry_e3015c6a90f5,External CSV,External food ingredients dataset,0,"Chicken, Coconut milk, Curry powder",Chicken Curry,chicken curry external food ingredients dataset external csv chicken coconut milk curry powder
0,[],external_csv_chicken_shawarma_fb5a6bf5fee0,External CSV,External food ingredients dataset,0,"Chicken, Olive oil, Shawarma seasoning",Chicken Shawarma,chicken shawarma external food ingredients dataset external csv chicken olive oil shawarma seasoning
1,['Dairy'],external_csv_margherita_pizza_c8f6fc5c491d,External CSV,External food ingredients dataset,1,"Pizza dough, Olive oil, Mozzarella cheese, tomatoes, basil",Margherita Pizza,margherita pizza external food ingredients dataset external csv pizza dough olive oil mozzarella cheese tomatoes basil
0,[],external_csv_caramelized_onions_abbbb281dc0f,External CSV,External food ingredients dataset,0,"Onions, Sugar, Butter",Caramelized Onions,caramelized onions external food ingredients dataset external csv onions sugar butter
2,"['Wheat', 'Dairy']",external_csv_baked_ziti_0e5ba89ad14f,External CSV,External food ingredients dataset,1,"Pasta, Tomato sauce, cheese",Baked Ziti,baked ziti external food ingredients dataset external csv pasta tomato sauce cheese
0,[],external_csv_beef_and_mushroom_stir_fry_1a2921a72f02,External CSV,External food ingredients dataset,0,"Beef, Vegetable oil, Soy sauce",Beef and Mushroom Stir-Fry,beef and mushroom stir fry external food ingredients dataset external csv beef vegetable oil soy sauce
1,['Dairy'],external_csv_rabri_d80f9154ab69,External CSV,External food ingredients dataset,1,"Milk, Sugar, Ghee, Cardamom, nuts",Rabri,rabri external food ingredients dataset external csv milk sugar ghee cardamom nuts
0,[],external_csv_tofu_curry_bada18d721a5,External CSV,External food ingredients dataset,0,"Tofu, Coconut milk, Curry paste",Tofu Curry,tofu curry external food ingredients dataset external csv tofu coconut milk curry paste
3,"['Wheat', 'Dairy', 'Cocoa']",external_csv_chocolate_chip_pancakes_a8c83b60d6aa,External CSV,External food ingredients dataset,1,"Flour, Sugar, Butter, Chocolate chips",Chocolate Chip Pancakes,chocolate chip pancakes external food ingredients dataset external csv flour sugar butter chocolate chips
0,[],SYNTHETIC_NEG_0048,Generic,Oils,0,,Extra Virgin Olive Oil Organic,cold pressed olive oil
2,"['Rice', 'Dairy']",external_csv_rice_pudding_2e9e34cbc0fc,External CSV,External food ingredients dataset,1,"Rice, Sugar, Milk, Cinnamon, raisins",Rice Pudding,rice pudding external food ingredients dataset external csv rice sugar milk cinnamon raisins
2,"['Wheat', 'Dairy']",external_csv_strawberry_shortcake_a7e895579344,External CSV,External food ingredients dataset,1,"Strawberries, Sugar, Whipped cream, Shortcake",Strawberry Shortcake,strawberry shortcake external food ingredients dataset external csv strawberries sugar whipped cream shortcake
1,['Dairy'],external_csv_paneer_tikka_2971c945a478,External CSV,External food ingredients dataset,1,"Paneer, Oil, Tikka masala, spices",Paneer Tikka,paneer tikka external food ingredients dataset external csv paneer oil tikka masala spices
1,['milk'],00000536,Unknown Brand,"Petit-déjeuners,Produits à tartiner,Produits à tartiner sucrés,Produits de la ruche,Produits d'élevages,Édulcorants,Miels,Fromages à pâte pressée non cuite",1,,Natural Honey Wildflower,natural honey wildflower petit d jeuners produits tartiner produits tartiner sucr s produits de la ruche produits d levages dulcorants miels fromages p te press e non cuite unknown brand
2,"['gluten', 'milk']",0000112407510,liebig,"Plats préparés,Soupes,Veloutés,soupe de cresson",1,,velouté de cresson.,velout de cresson plats pr par s soupes velout s soupe de cresson liebig
3,"['Almonds', 'Wheat', 'Dairy']",external_csv_almond_cookies_323ecfb64d5b,External CSV,External food ingredients dataset,1,"Almonds, Sugar, Butter, Flour",Almond Cookies,almond cookies external food ingredients dataset external csv almonds sugar butter flour
1,['gluten'],0000112302688,Liebig,Unknown Category,1,,Unknown Product,unknown product unknown category liebig
0,[],SYNTHETIC_NEG_0050,Basic,Oils,0,,Canola Oil Organic,oil vegetable canola
0,[],SYNTHETIC_NEG_0097,Natural,Thickener,0,,Corn Starch Fine,corn starch pure
1,['Dairy'],external_csv_berry_parfait_6c8824abda97,External CSV,External food ingredients dataset,1,"Berries, Honey, Yogurt, Granola",Berry Parfait,berry parfait external food ingredients dataset external csv berries honey yogurt granola
2,"['Wheat', 'Dairy']",external_csv_blueberry_pancakes_a6581496130e,External CSV,External food ingredients dataset,1,"Flour, Sugar, Butter, Blueberries",Blueberry Pancakes,blueberry pancakes external food ingredients dataset external csv flour sugar butter blueberries
1,['gluten'],00001522,Hacendado,"Alimentos y bebidas de origen vegetal, Alimentos de origen vegetal, Cereales y patatas, Cereales y derivados, en:Meat alternatives, Carnes vegetales, Seitanes",1,,Seitán a la plancha,seit n a la plancha alimentos y bebidas de origen vegetal alimentos de origen vegetal cereales y patatas cereales y derivados en meat alternatives carnes vegetales seitanes hacendado
0,[],external_csv_avocado_toast_72fa07c506db,External CSV,External food ingredients dataset,0,"Avocado, Olive oil, Salt, pepper",Avocado Toast,avocado toast external food ingredients dataset external csv avocado olive oil salt pepper
0,[],external_csv_minestrone_soup_6b73e64aa762,External CSV,External food ingredients dataset,0,"Vegetables, Olive oil, Tomato broth",Minestrone Soup,minestrone soup external food ingredients dataset external csv vegetables olive oil tomato broth
0,[],external_csv_stuffed_tomatoes_a6bfbbe963e4,External CSV,External food ingredients dataset,0,"Tomatoes, Herbs, breadcrumbs",Stuffed Tomatoes,stuffed tomatoes external food ingredients dataset external csv tomatoes herbs breadcrumbs
1,['fish'],ENHANCED_SEAFOOD_7,Enhanced Training,Seafood Training Data,1,halibut steak,halibut steak,halibut steak
1,['Milk'],external_csv_vanilla_ice_cream_f9f1ec40bd77,External CSV,External food ingredients dataset,1,"Milk, Sugar, Cream, Vanilla extract",Vanilla Ice Cream,vanilla ice cream external food ingredients dataset external csv milk sugar cream vanilla extract
0,[],SYNTHETIC_NEG_0161,Pure,Sweetener,0,,White Sugar,sugar sweetener sucrose cane
1,['sulphur-dioxide-and-sulphites'],00000383,Sainsburys,"Meat alternatives, Meat analogues, Breaded products, Chicken kievs substitutes",1,,No chicken kiyvs,no chicken kiyvs meat alternatives meat analogues breaded products chicken kievs substitutes sainsburys
0,[],external_csv_aloo_gobi_249be06d86d1,External CSV,External food ingredients dataset,0,"Potatoes, Oil, Cauliflower, spices",Aloo Gobi,aloo gobi external food ingredients dataset external csv potatoes oil cauliflower spices
0,[],SYNTHETIC_NEG_0147,Simple,Beverages,0,,Herbal Tea Natural,chamomile peppermint hibiscus
0,[],external_csv_biryani_0126f87ae606,External CSV,External food ingredients dataset,0,"Rice, Ghee, Biryani masala, spices",Biryani,biryani external food ingredients dataset external csv rice ghee biryani masala spices
2,"['gluten', 'milk']",00002264,Crous resto,Unknown Category,1,,Baguette Poitevin,baguette poitevin unknown category crous resto
0,[],SYNTHETIC_NEG_0061,Natural,Beverages,0,,Sparkling Water Premium,carbonated water
0,[],external_csv_beef_kabobs_9ad61c3997c9,External CSV,External food ingredients dataset,0,"Beef, Olive oil, Seasonings",Beef Kabobs,beef kabobs external food ingredients dataset external csv beef olive oil seasonings
1,['Fish'],external_csv_lemon_dill_salmon_e0d094d8cb9f,External CSV,External food ingredients dataset,1,"Salmon, Olive oil, Lemon, dill",Lemon Dill Salmon,lemon dill salmon external food ingredients dataset external csv salmon olive oil lemon dill
5,"['milk', 'soybeans', 'Hühnereiweiss', 'Weizenprotein', 'Wheyprotein']",0000250632969,allfitnessfactory.de,"Nahrungsergänzungsmittel, Nahrungsergänzungen für Bodybuilder, Proteinpulver",1,,Mehrkomponeneten Protein 90 C6 Banane,mehrkomponeneten protein 90 c6 banane nahrungserg nzungsmittel nahrungserg nzungen f r bodybuilder proteinpulver allfitnessfactory de
0,[],external_csv_chicken_curry_7b96b4abc3e1,External CSV,External food ingredients dataset,0,"Chicken, Vegetable oil, Curry powder",Chicken Curry,chicken curry external food ingredients dataset external csv chicken vegetable oil curry powder
0,[],external_csv_honey_mustard_chicken_a45673d0d79a,External CSV,External food ingredients dataset,1,"Chicken breast, Honey, Mustard, Vegetable oil",Honey Mustard Chicken,honey mustard chicken external food ingredients dataset external csv chicken breast honey mustard vegetable oil
3,"['gluten', 'milk', 'soybeans']",00001664,Bijou,"Snacks, Snacks sucrés, Biscuits et gâteaux, Biscuits, Biscuits au chocolat, Biscuits au chocolat au lait, Biscuits au caramel",1,,Brins de ChocoCaramel,brins de chococaramel snacks snacks sucr s biscuits et g teaux biscuits biscuits au chocolat biscuits au chocolat au lait biscuits au caramel bijou
3,"['gluten', 'milk', 'nuts']",00000739,Bijou,"Snacks,Sweet snacks,Cocoa and its products,Confectioneries,Chocolate candies,Bonbons,Chocolate covered nuts,Chocolate covered almonds",1,,Assortiment d'amandes cacaotés et croustilles,assortiment d amandes cacaot s et croustilles snacks sweet snacks cocoa and its products confectioneries chocolate candies bonbons chocolate covered nuts chocolate covered almonds bijou
0,[],SYNTHETIC_NEG_0054,Pure,Condiment,0,,Apple Cider Vinegar Natural,cider unfiltered vinegar apple raw
1,['milk'],0000103529964,Unknown Brand,Unknown Category,1,,impact protein whey,impact protein whey unknown category unknown brand
3,"['gluten', 'milk', 'soybeans']",00000146,Herbalife,"Suplementos dietéticos,Suplementos de culturismo,en:Groceries,en:Supplement",1,,Batido nutricional / Nutricional Shake,batido nutricional nutricional shake suplementos diet ticos suplementos de culturismo en groceries en supplement herbalife
2,"['Fish', 'Soybeans']",external_csv_sushi_bowl_822bd3803336,External CSV,External food ingredients dataset,1,"Sushi rice, Soy sauce, Raw fish, vegetables",Sushi Bowl,sushi bowl external food ingredients dataset external csv sushi rice soy sauce raw fish vegetables
1,['Dairy'],external_csv_malai_kofta_01b91453c2ee,External CSV,External food ingredients dataset,1,"Cottage cheese, Ghee, Creamy tomato sauce",Malai Kofta,malai kofta external food ingredients dataset external csv cottage cheese ghee creamy tomato sauce
0,[],SYNTHETIC_NEG_0180,Essential,Beverages,0,,Spring Water Pure,natural spring water
0,[],SYNTHETIC_NEG_0071,Generic,Sweetener,0,,Maple Syrup Fine,a grade pure syrup maple
2,"['fish', 'milk']",ENHANCED_SEAFOOD_26,Enhanced Training,Seafood Training Data,1,fish pie,fish pie,fish pie
0,[],external_csv_pesto_pasta_c029631033a5,External CSV,External food ingredients dataset,0,"Pasta, Olive oil, Basil, garlic",Pesto Pasta,pesto pasta external food ingredients dataset external csv pasta olive oil basil garlic
2,"['shellfish', 'dairy']",ENHANCED_SEAFOOD_51,Enhanced Training,Seafood Training Data,1,lobster thermidor,lobster thermidor,lobster thermidor
0,[],external_csv_beef_stir_fry_2097d610c950,External CSV,External food ingredients dataset,0,"Beef, Vegetable oil, Soy sauce",Beef Stir-Fry,beef stir fry external food ingredients dataset external csv beef vegetable oil soy sauce
1,['milk'],0000103224110,4life,"Plant-based foods and beverages, Beverages, Plant-based beverages, Fruit-based beverages, Juices and nectars, Fruit juices, Multifruit juices",1,,Riovida Burst,riovida burst plant based foods and beverages beverages plant based beverages fruit based beverages juices and nectars fruit juices multifruit juices 4life
0,[],SYNTHETIC_NEG_0114,Basic,Sweetener,0,,Date Sugar Fine,dried ground dates
0,[],external_csv_chicken_stir_fry_f74741c08116,External CSV,External food ingredients dataset,0,"Chicken, Vegetable oil, Soy sauce",Chicken Stir-Fry,chicken stir fry external food ingredients dataset external csv chicken vegetable oil soy sauce
2,"['Wheat', 'Dairy']",external_csv_pumpkin_pie_dc399f97ad3f,External CSV,External food ingredients dataset,1,"Pumpkin, Sugar, Butter, Cinnamon, nutmeg",Pumpkin Pie,pumpkin pie external food ingredients dataset external csv pumpkin sugar butter cinnamon nutmeg
0,[],SYNTHETIC_NEG_0035,Pure,Baking,0,,Cocoa Powder Fine,unsweetened cocoa powder
1,['Wheat'],external_csv_chicken_pot_pie_67e0c86b5a8f,External CSV,External food ingredients dataset,1,"Chicken, Butter, Vegetables, pastry",Chicken Pot Pie,chicken pot pie external food ingredients dataset external csv chicken butter vegetables pastry
1,['shellfish'],ENHANCED_SEAFOOD_66,Enhanced Training,Seafood Training Data,1,calamari (squid),calamari (squid),calamari (squid)
2,"['Dairy', 'Wheat']",external_csv_greek_gyro_16609c3a37e3,External CSV,External food ingredients dataset,1,"Lamb/Chicken, Tzatziki sauce, vegetables",Greek Gyro,greek gyro external food ingredients dataset external csv lamb chicken tzatziki sauce vegetables
2,"['Wheat', 'Dairy']",external_csv_apple_pie_386cf4ce4c4a,External CSV,External food ingredients dataset,1,"Apples, Sugar, Butter, Cinnamon",Apple Pie,apple pie external food ingredients dataset external csv apples sugar butter cinnamon
0,[],SYNTHETIC_NEG_0037,Simple,Condiment,0,,Lemon Juice Premium,pure lemon juice
1,['shellfish'],ENHANCED_SEAFOOD_55,Enhanced Training,Seafood Training Data,1,oysters on half shell,oysters on half shell,oysters on half shell
0,[],SYNTHETIC_NEG_0093,Generic,Condiment,0,,Distilled White Vinegar Premium Quality,white vinegar acetic acid water
0,[],SYNTHETIC_NEG_0034,Simple,Sweetener,0,,Date Sugar Premium Quality,dates ground dried
1,['milk'],00000012,Toneop,"Dietary supplements,Bodybuilding supplements,Groceries,Supplement",1,,Besan chilla with stuffed chciken,besan chilla with stuffed chciken dietary supplements bodybuilding supplements groceries supplement toneop
0,[],SYNTHETIC_NEG_0194,Simple,Sweetener,0,,Date Sugar,dried dates ground
1,['shellfish'],ENHANCED_SEAFOOD_56,Enhanced Training,Seafood Training Data,1,scallops with garlic,scallops with garlic,scallops with garlic
1,['Shellfish'],external_csv_prawn_biryani_915d38473df7,External CSV,External food ingredients dataset,1,"Prawns, Ghee, Basmati rice, spices",Prawn Biryani,prawn biryani external food ingredients dataset external csv prawns ghee basmati rice spices
1,['Dairy'],external_csv_caprese_skewers_5579ae7e1133,External CSV,External food ingredients dataset,1,"Tomatoes, Olive oil, Mozzarella cheese, basil",Caprese Skewers,caprese skewers external food ingredients dataset external csv tomatoes olive oil mozzarella cheese basil
0,[],SYNTHETIC_NEG_0119,Pure,Beverages,0,,Coconut Water Organic,pure water coconut
0,[],external_csv_tomato_soup_e7db95442b38,External CSV,External food ingredients dataset,0,"Tomatoes, Salt, Sugar",Tomato Soup,tomato soup external food ingredients dataset external csv tomatoes salt sugar
1,['nuts'],0000200000020,Kazidomi,Unknown Category,1,,Unknown Product,unknown product unknown category kazidomi
0,[],SYNTHETIC_NEG_0192,Essential,Sweetener,0,,Agave Nectar Premium,agave blue syrup
0,[],external_csv_greek_salad_8d66346b7fe6,External CSV,External food ingredients dataset,0,"Cucumber, Olive oil, Lemon juice",Greek Salad,greek salad external food ingredients dataset external csv cucumber olive oil lemon juice
0,[],external_csv_vegetable_stir_fry_de88a8a690b8,External CSV,External food ingredients dataset,0,"Mixed vegetables, Vegetable oil, Soy sauce",Vegetable Stir-Fry,vegetable stir fry external food ingredients dataset external csv mixed vegetables vegetable oil soy sauce
0,[],external_csv_hyderabadi_biryani_24a9143d93fe,External CSV,External food ingredients dataset,0,"Basmati rice, Ghee, Meat/vegetables, spices",Hyderabadi Biryani,hyderabadi biryani external food ingredients dataset external csv basmati rice ghee meat vegetables spices
0,[],SYNTHETIC_NEG_0038,Pure,Condiment,0,,Lime Juice Natural,lime pure juice
2,"['Wheat', 'Dairy']",external_csv_pumpkin_pie_460b7a726121,External CSV,External food ingredients dataset,1,"Pumpkin, Sugar, Butter, Pumpkin spice, pastry",Pumpkin Pie,pumpkin pie external food ingredients dataset external csv pumpkin sugar butter pumpkin spice pastry
1,['banana'],00001425,Wyldsson,"Dietary supplements,Bodybuilding supplements,Protein powders",1,,Earth Champ Nutritional Vegan Protein,earth champ nutritional vegan protein dietary supplements bodybuilding supplements protein powders wyldsson
0,[],external_csv_quinoa_salad_1d63d0291f25,External CSV,External food ingredients dataset,0,"Quinoa, Olive oil, Lemon juice, vegetables",Quinoa Salad,quinoa salad external food ingredients dataset external csv quinoa olive oil lemon juice vegetables
0,[],ENHANCED_SEAFOOD_76,Enhanced Training,Seafood Training Data,0,fish-shaped crackers (no actual fish),fish-shaped crackers (no actual fish),fish-shaped crackers (no actual fish)
0,[],SYNTHETIC_NEG_0150,Classic,Sweetener,0,,Pure Honey Organic,raw wildflower honey
0,[],external_csv_pav_bhaji_277932fa5730,External CSV,External food ingredients dataset,0,"Mixed vegetables, Butter, Pav bread, spices",Pav Bhaji,pav bhaji external food ingredients dataset external csv mixed vegetables butter pav bread spices
0,[],external_csv_lentil_curry_a97a6d573f3d,External CSV,External food ingredients dataset,0,"Lentils, Coconut milk, Curry powder",Lentil Curry,lentil curry external food ingredients dataset external csv lentils coconut milk curry powder
0,[],external_csv_stuffed_mushrooms_0e20e2f61909,External CSV,External food ingredients dataset,0,"Mushrooms, Garlic, herbs",Stuffed Mushrooms,stuffed mushrooms external food ingredients dataset external csv mushrooms garlic herbs
0,[],SYNTHETIC_NEG_0090,Natural,Oils,0,,Canola Oil Fine,canola vegetable oil
0,[],external_csv_dosa_6f7af15a4f0e,External CSV,External food ingredients dataset,0,"Rice, Oil, Potato masala, chutney",Dosa,dosa external food ingredients dataset external csv rice oil potato masala chutney
2,"['fish', 'eggs']",ENHANCED_SEAFOOD_31,Enhanced Training,Seafood Training Data,1,canned tuna with mayo,canned tuna with mayo,canned tuna with mayo
1,['milk'],00002251,Hoosier Hill Farm,Cheese sauce mix,1,,Easy Daddy Mac,easy daddy mac cheese sauce mix hoosier hill farm
2,"['Wheat', 'Dairy']",external_csv_mixed_berry_pie_aaaa6380fa33,External CSV,External food ingredients dataset,1,"Mixed berries, Sugar, Butter, Flour",Mixed Berry Pie,mixed berry pie external food ingredients dataset external csv mixed berries sugar butter flour
2,"['Wheat', 'Dairy']",external_csv_oatmeal_raisin_cookies_b27a77424870,External CSV,External food ingredients dataset,1,"Oats, Sugar, Butter, Flour",Oatmeal Raisin Cookies,oatmeal raisin cookies external food ingredients dataset external csv oats sugar butter flour
1,['shellfish'],ENHANCED_SEAFOOD_41,Enhanced Training,Seafood Training Data,1,dried shrimp,dried shrimp,dried shrimp
0,[],SYNTHETIC_NEG_0049,Classic,Oils,0,,Coconut Oil Natural,virgin coconut oil
0,[],SYNTHETIC_NEG_0196,Basic,Flavoring,0,,Vanilla Extract Organic,alcohol vanilla extract water bean
1,['Fish'],external_csv_teriyaki_salmon_073b54de0a9a,External CSV,External food ingredients dataset,1,"Salmon, Vegetable oil, Teriyaki sauce",Teriyaki Salmon,teriyaki salmon external food ingredients dataset external csv salmon vegetable oil teriyaki sauce
2,"['Wheat', 'Dairy']",external_csv_caesar_salad_wrap_28f51b898aeb,External CSV,External food ingredients dataset,1,"Romaine lettuce, Caesar dressing, Parmesan cheese, croutons",Caesar Salad Wrap,caesar salad wrap external food ingredients dataset external csv romaine lettuce caesar dressing parmesan cheese croutons
0,[],external_csv_spinach_salad_f01496f1669f,External CSV,External food ingredients dataset,0,"Spinach, Olive oil, Balsamic vinegar",Spinach Salad,spinach salad external food ingredients dataset external csv spinach olive oil balsamic vinegar
1,['fish'],ENHANCED_SEAFOOD_19,Enhanced Training,Seafood Training Data,1,pickled herring,pickled herring,pickled herring
0,[],SYNTHETIC_NEG_0142,Natural,Beverages,0,,Club Soda Organic,carbonated bicarbonate sodium water
0,[],external_csv_beef_chili_4e43f7e0abd5,External CSV,External food ingredients dataset,0,"Ground beef, Chili powder",Beef Chili,beef chili external food ingredients dataset external csv ground beef chili powder
2,"['Wheat', 'Dairy']",external_csv_pancakes_e37824ba0252,External CSV,External food ingredients dataset,1,"Flour, Sugar, Butter, Baking powder",Pancakes,pancakes external food ingredients dataset external csv flour sugar butter baking powder
3,"['eggs', 'gluten', 'milk']",0000112302621,Liebig,"Aliments et boissons à base de végétaux, Aliments d'origine végétale, Aliments à base de fruits et de légumes, Légumes et dérivés, Plats préparés, Aliments et boissons à base de légumes, Produits de la plante de courge, Soupes, Veloutés, Courges et dérivés, Soupes de légumes, Veloutés de légumes, Soupes de potiron, Veloutés de potiron",1,,Potiron et vermicelles,potiron et vermicelles aliments et boissons base de v g taux aliments d origine v g tale aliments base de fruits et de l gumes l gumes et d riv s plats pr par s aliments et boissons base de l gumes produits de la plante de courge soupes velout s courges et d riv s soupes de l gumes velout s de l gumes soupes de potiron velout s de potiron liebig
2,"['Milk', 'Strawberries']",external_csv_strawberry_yogurt_aee41b244a51,External CSV,External food ingredients dataset,1,"Yogurt (milk, cultures), Sugar, Pectin",Strawberry Yogurt,strawberry yogurt external food ingredients dataset external csv yogurt milk cultures sugar pectin
1,['Dairy'],external_csv_palak_paneer_a624931fcf96,External CSV,External food ingredients dataset,1,"Spinach, Ghee, Paneer, spices",Palak Paneer,palak paneer external food ingredients dataset external csv spinach ghee paneer spices
0,[],SYNTHETIC_NEG_0165,Natural,Grains,0,,Brown Rice Organic,grain whole brown rice
0,[],external_csv_beef_burritos_acd44ab84a9e,External CSV,External food ingredients dataset,0,"Beef, Vegetable oil, Burrito seasoning",Beef Burritos,beef burritos external food ingredients dataset external csv beef vegetable oil burrito seasoning
2,"['milk', 'soybeans']",00000259,Herbalife,"Botanas,Snacks dulces,Suplementos dietéticos",1,,Barrette cioccolato e arachidi 1 barretta 35g.,barrette cioccolato e arachidi 1 barretta 35g botanas snacks dulces suplementos diet ticos herbalife
0,[],SYNTHETIC_NEG_0031,Classic,Sweetener,0,,Maple Syrup Premium Quality,pure maple syrup grade a
0,[],SYNTHETIC_NEG_0160,Natural,Seasoning,0,,Pure Sea Salt Premium,sea chloride sodium salt
1,['fish'],ENHANCED_SEAFOOD_0,Enhanced Training,Seafood Training Data,1,fresh salmon fillet,fresh salmon fillet,fresh salmon fillet
0,[],external_csv_paniyaram_6077391ac7b6,External CSV,External food ingredients dataset,0,"Fermented batter, Oil, Mustard seeds, curry leaves",Paniyaram,paniyaram external food ingredients dataset external csv fermented batter oil mustard seeds curry leaves
0,[],SYNTHETIC_NEG_0057,Simple,Thickener,0,,Corn Starch Pure,corn pure starch
0,[],external_csv_beef_burger_6b58a78ba3bd,External CSV,External food ingredients dataset,0,"Ground beef, Vegetable oil, Salt, Pepper",Beef Burger,beef burger external food ingredients dataset external csv ground beef vegetable oil salt pepper
1,['Wheat'],external_csv_chicken_noodle_casserole_e7c335cf717d,External CSV,External food ingredients dataset,1,"Chicken, Butter, Noodles, vegetables",Chicken Noodle Casserole,chicken noodle casserole external food ingredients dataset external csv chicken butter noodles vegetables
0,[],external_csv_beef_burritos_677fe5490958,External CSV,External food ingredients dataset,0,"Ground beef, Vegetable oil, Taco seasoning",Beef Burritos,beef burritos external food ingredients dataset external csv ground beef vegetable oil taco seasoning
1,['shellfish'],ENHANCED_SEAFOOD_44,Enhanced Training,Seafood Training Data,1,crab meat,crab meat,crab meat
0,[],external_csv_apple_b8787aa2821d,External CSV,External food ingredients dataset,0,Apples,Apple,apple external food ingredients dataset external csv apples
0,[],external_csv_vegetable_biryani_b4a31157fbec,External CSV,External food ingredients dataset,0,"Mixed vegetables, Ghee, Basmati rice, spices",Vegetable Biryani,vegetable biryani external food ingredients dataset external csv mixed vegetables ghee basmati rice spices
1,['gluten'],0000112302711,Liebig,"Aliments et boissons à base de végétaux, Aliments d'origine végétale, Aliments à base de fruits et de légumes, Plats préparés, Soupes, Soupes de légumes, Soupes de tomate",1,,Velouté de tomates,velout de tomates aliments et boissons base de v g taux aliments d origine v g tale aliments base de fruits et de l gumes plats pr par s soupes soupes de l gumes soupes de tomate liebig
0,[],external_csv_vegetable_curry_8c79a396cd11,External CSV,External food ingredients dataset,0,"Mixed vegetables, Coconut milk, Curry paste",Vegetable Curry,vegetable curry external food ingredients dataset external csv mixed vegetables coconut milk curry paste
0,[],SYNTHETIC_NEG_0151,Simple,Sweetener,0,,Maple Syrup Premium Quality,a syrup grade pure maple
2,"['Fish', 'Coconut']",external_csv_malabar_fish_curry_96c5e676c977,External CSV,External food ingredients dataset,1,"Fish, Coconut oil, Tamarind, spices",Malabar Fish Curry,malabar fish curry external food ingredients dataset external csv fish coconut oil tamarind spices
0,[],external_csv_beef_tacos_ad7ed202fd60,External CSV,External food ingredients dataset,0,"Beef, Vegetable oil, Taco seasoning",Beef Tacos,beef tacos external food ingredients dataset external csv beef vegetable oil taco seasoning
0,[],SYNTHETIC_NEG_0077,Generic,Condiment,0,,Lemon Juice Pure,lemon juice pure
0,[],external_csv_orange_juice_84d9c31f0c32,External CSV,External food ingredients dataset,0,"Oranges, Sugar",Orange Juice,orange juice external food ingredients dataset external csv oranges sugar
0,[],ENHANCED_SEAFOOD_68,Enhanced Training,Seafood Training Data,0,seaweed salad,seaweed salad,seaweed salad
1,['Dairy'],external_csv_caprese_sandwich_8b35f9eee382,External CSV,External food ingredients dataset,1,"Tomatoes, Olive oil, Mozzarella cheese, basil",Caprese Sandwich,caprese sandwich external food ingredients dataset external csv tomatoes olive oil mozzarella cheese basil
0,[],SYNTHETIC_NEG_0146,Pure,Beverages,0,,Black Tea Organic,black tea leaves
1,['eggs'],0000260814065,Trader Joe's,"Plant-based foods and beverages,Plant-based foods,Cereals and potatoes,Cereals and their products,Specific products,Products for specific diets,Breads,Products without gluten,Gluten-free breads",1,,Gluten free multigrain bread,gluten free multigrain bread plant based foods and beverages plant based foods cereals and potatoes cereals and their products specific products products for specific diets breads products without gluten gluten free breads trader joe s
2,"['eggs', 'fish']",00000751,NutriVein,"Dietary supplements,Supplement",1,,Multi Collagen Protein,multi collagen protein dietary supplements supplement nutrivein
4,"['celery', 'gluten', 'milk', 'none']",0000112302754,liebig,"Plats préparés, Soupes, Soupes à réchauffer",1,,pur soup' mouliné de 5 légumes verts,pur soup moulin de 5 l gumes verts plats pr par s soupes soupes r chauffer liebig
0,[],external_csv_chole_kulche_6e101a2819ac,External CSV,External food ingredients dataset,0,"Chickpeas, Ghee, Kulcha bread, spices",Chole Kulche,chole kulche external food ingredients dataset external csv chickpeas ghee kulcha bread spices
2,"['Wheat', 'Dairy']",external_csv_berry_cobbler_7c6c12bc26cc,External CSV,External food ingredients dataset,1,"Mixed berries, Sugar, Butter, Flour",Berry Cobbler,berry cobbler external food ingredients dataset external csv mixed berries sugar butter flour
1,['fish'],ENHANCED_SEAFOOD_29,Enhanced Training,Seafood Training Data,1,fish stew,fish stew,fish stew
2,"['Fish', 'Eggs']",external_csv_tuna_sandwich_d05451267a00,External CSV,External food ingredients dataset,1,"Tuna, Mayonnaise, Salt, Pepper",Tuna Sandwich,tuna sandwich external food ingredients dataset external csv tuna mayonnaise salt pepper
1,['fish'],ENHANCED_SEAFOOD_16,Enhanced Training,Seafood Training Data,1,fish collagen peptides,fish collagen peptides,fish collagen peptides
0,[],external_csv_pani_puri_95cb9a66c79b,External CSV,External food ingredients dataset,0,"Semolina, Tamarind, Spiced water, chutney",Pani Puri,pani puri external food ingredients dataset external csv semolina tamarind spiced water chutney
0,[],external_csv_chicken_noodle_soup_d41cf01242b6,External CSV,External food ingredients dataset,0,"Chicken, Vegetable oil, Noodles, vegetables",Chicken Noodle Soup,chicken noodle soup external food ingredients dataset external csv chicken vegetable oil noodles vegetables
0,[],external_csv_chicken_shawarma_4e1ae51da8c0,External CSV,External food ingredients dataset,0,"Chicken, Olive oil, Shawarma spices",Chicken Shawarma,chicken shawarma external food ingredients dataset external csv chicken olive oil shawarma spices
1,['Dairy'],external_csv_chicken_malai_tikka_0b234f526be5,External CSV,External food ingredients dataset,1,"Chicken, Cream, Spices",Chicken Malai Tikka,chicken malai tikka external food ingredients dataset external csv chicken cream spices
0,[],external_csv_mango_salsa_dbab68e71ca8,External CSV,External food ingredients dataset,0,"Mango, Red onion, lime",Mango Salsa,mango salsa external food ingredients dataset external csv mango red onion lime
1,['gluten'],0000112302669,Liebig,"Plats préparés, Soupes, Soupes froides",1,,Gaspacho à l'andalouse,gaspacho l andalouse plats pr par s soupes soupes froides liebig
0,[],external_csv_greek_moussaka_14f7e7076445,External CSV,External food ingredients dataset,0,"Eggplant, Olive oil, Ground meat, potatoes",Greek Moussaka,greek moussaka external food ingredients dataset external csv eggplant olive oil ground meat potatoes
0,[],SYNTHETIC_NEG_0113,Natural,Sweetener,0,,Coconut Sugar Natural,coconut palm sugar
1,['Milk'],external_csv_milk_chocolate_c7d4643ad28b,External CSV,External food ingredients dataset,1,"Sugar, Cocoa butter, Milk powder, Vanilla extract",Milk Chocolate,milk chocolate external food ingredients dataset external csv sugar cocoa butter milk powder vanilla extract
0,[],external_csv_spinach_salad_81fe119bf9f9,External CSV,External food ingredients dataset,0,"Spinach, Olive oil, Balsamic vinaigrette",Spinach Salad,spinach salad external food ingredients dataset external csv spinach olive oil balsamic vinaigrette
0,[],SYNTHETIC_NEG_0094,Generic,Condiment,0,,Apple Cider Vinegar Premium,raw vinegar apple cider unfiltered
0,[],external_csv_brussels_sprouts_f7681a62f0c4,External CSV,External food ingredients dataset,0,"Brussels sprouts, Olive oil, Balsamic glaze",Brussels Sprouts,brussels sprouts external food ingredients dataset external csv brussels sprouts olive oil balsamic glaze
0,[],external_csv_chicken_biryani_ab07ace74f1a,External CSV,External food ingredients dataset,0,"Chicken, Ghee, Basmati rice, spices",Chicken Biryani,chicken biryani external food ingredients dataset external csv chicken ghee basmati rice spices
0,[],external_csv_gobi_manchurian_e2356af645fb,External CSV,External food ingredients dataset,0,"Cauliflower, Oil, Manchurian sauce",Gobi Manchurian,gobi manchurian external food ingredients dataset external csv cauliflower oil manchurian sauce
0,[],SYNTHETIC_NEG_0086,Natural,Grains,0,,Jasmine Rice Pure,rice jasmine fragrant
2,"['Dairy', 'Eggs']",external_csv_quiche_lorraine_93cd433d116a,External CSV,External food ingredients dataset,1,"Bacon, Heavy cream, Cheese, eggs",Quiche Lorraine,quiche lorraine external food ingredients dataset external csv bacon heavy cream cheese eggs
1,['milk'],0000300000335,Unknown Brand,Baby foods,1,,Unknown Product,unknown product baby foods unknown brand
1,['gluten'],0000112307267,Liebig,"Aliments et boissons à base de végétaux, Aliments d'origine végétale, Aliments à base de fruits et de légumes, Plats préparés, Soupes, Soupes de légumes",1,,Mouliné de Légumes Verts,moulin de l gumes verts aliments et boissons base de v g taux aliments d origine v g tale aliments base de fruits et de l gumes plats pr par s soupes soupes de l gumes liebig
0,[],SYNTHETIC_NEG_0199,Classic,Beverages,0,,Coconut Water Fine,pure coconut water
3,"['fish', 'milk', 'wheat']",ENHANCED_SEAFOOD_32,Enhanced Training,Seafood Training Data,1,smoked salmon cream cheese bagel,smoked salmon cream cheese bagel,smoked salmon cream cheese bagel
0,[],external_csv_sweet_and_sour_chicken_136f7cdf81a1,External CSV,External food ingredients dataset,0,"Chicken, Sugar, Vegetable oil, Pineapple, bell peppers",Sweet and Sour Chicken,sweet and sour chicken external food ingredients dataset external csv chicken sugar vegetable oil pineapple bell peppers
1,['Dairy'],external_csv_chicken_korma_ab9a2534c0ab,External CSV,External food ingredients dataset,1,"Chicken, Ghee, Creamy sauce, spices",Chicken Korma,chicken korma external food ingredients dataset external csv chicken ghee creamy sauce spices
0,[],external_csv_chicken_and_rice_soup_ade48e7e00e3,External CSV,External food ingredients dataset,0,"Chicken, Vegetable oil, Rice, vegetables",Chicken and Rice Soup,chicken and rice soup external food ingredients dataset external csv chicken vegetable oil rice vegetables
1,['sesame-seeds'],00002955,Kaoka,"Snacks, Snacks sucrés, Cacao et dérivés, Chocolats, Chocolats noirs, Chocolats noirs en tablette",1,,Chocolat noir sésame complet,chocolat noir s same complet snacks snacks sucr s cacao et d riv s chocolats chocolats noirs chocolats noirs en tablette kaoka
1,['shellfish'],ENHANCED_SEAFOOD_54,Enhanced Training,Seafood Training Data,1,mussels marinara,mussels marinara,mussels marinara
0,[],SYNTHETIC_NEG_0002,Simple,Sweetener,0,,Brown Sugar Fine,brown sugar molasses cane sugar
1,['sulphur-dioxide-and-sulphites'],0000131327786,Sainsbury's,Lime Cordial,1,,Lime Cordial,lime cordial lime cordial sainsbury s
5,"['eggs', 'gluten', 'milk', 'nuts', 'soybeans']",00000055,Carbide Forte,"Snacks,Snacks sucrés,Biscuits et gâteaux,Gâteaux,Gâteaux au chocolat,Moelleux au chocolat",1,,Calcium,calcium snacks snacks sucr s biscuits et g teaux g teaux g teaux au chocolat moelleux au chocolat carbide forte
2,"['eggs', 'gluten']",00000996,La Quinta,"Botanas, Snacks dulces, Dulces, Alimentos festivos, Gastronomía navideña, Dulces de Navidad, Alfajores",1,,Alfajor Dulce de leche,alfajor dulce de leche botanas snacks dulces dulces alimentos festivos gastronom a navide a dulces de navidad alfajores la quinta
1,['milk'],00001437,Herbalife,"Compléments alimentaires, Compléments pour le Bodybuilding",1,,Rebuild,rebuild compl ments alimentaires compl ments pour le bodybuilding herbalife
0,[],SYNTHETIC_NEG_0201,Basic,Sweetener,0,,White Sugar Pure,cane sweetener sucrose sugar
0,[],external_csv_coconut_curry_4137fd42f1b2,External CSV,External food ingredients dataset,0,"Chicken, Coconut milk, Curry paste",Coconut Curry,coconut curry external food ingredients dataset external csv chicken coconut milk curry paste
0,[],SYNTHETIC_NEG_0184,Essential,Beverages,0,,Black Coffee Premium,arabica coffee beans
3,"['eggs', 'gluten', 'milk']",00000010,xxx,"Beverages and beverages preparations, Beverages, Snacks, Desserts, Sweet snacks, Biscuits and cakes, Biscuits and crackers, Biscuits, Cakes, Pound Cake, Madeleines, Plain madeleines",1,,xxx,xxx beverages and beverages preparations beverages snacks desserts sweet snacks biscuits and cakes biscuits and crackers biscuits cakes pound cake madeleines plain madeleines xxx
2,"['Dairy', 'Cocoa']",AUG_external_csv_chocolate_mousse_8d79af417b27_0,External CSV,External food ingredients dataset,1,"Chocolate, Sugar, Heavy cream, Vanilla extract",Chocolate Mousse,chocolate mousse external food ingredients dataset external csv chocolate sugar heavy cream vanilla extract
2,"['Dairy', 'Cocoa']",AUG_external_csv_chocolate_mousse_8d79af417b27_1,External CSV,External food ingredients dataset,1,"Chocolate, Sugar, Heavy cream, Vanilla extract",Chocolate Mousse,Chocolate Mousse External Food Ingredients Dataset External Csv Chocolate Sugar Heavy Cream Vanilla Extract
2,"['fish', 'tree_nuts']",AUG_ENHANCED_SEAFOOD_6_0,Enhanced Training,Seafood Training Data,1,trout almondine,trout almondine,trout almondine
2,"['fish', 'tree_nuts']",AUG_ENHANCED_SEAFOOD_6_1,Enhanced Training,Seafood Training Data,1,trout almondine,trout almondine,Trout Almondine
2,"['celery', 'gluten']",AUG_0000112302619_0,liebig,"Plats préparés,Soupes,Soupes de nouilles instantanées",1,,soupe à la chinoise  légumes et vermicelles,soupe la chinoise l gumes et vermicelles plats pr par s soupes soupes de nouilles instantan es liebig
2,"['celery', 'gluten']",AUG_0000112302619_1,liebig,"Plats préparés,Soupes,Soupes de nouilles instantanées",1,,soupe à la chinoise  légumes et vermicelles,Soupe La Chinoise L Gumes Et Vermicelles Plats Pr Par S Soupes Soupes De Nouilles Instantan Es Liebig
0,[],AUG_SYNTHETIC_NEG_0003_0,Essential,Sweetener,0,,Powdered Sugar Natural,starch confectioners corn sugar
0,[],AUG_SYNTHETIC_NEG_0003_1,Essential,Sweetener,0,,Powdered Sugar Natural,Starch Confectioners Corn Sugar
0,[],AUG_external_csv_chicken_teriyaki_f5f7234e5ed8_0,External CSV,External food ingredients dataset,0,"Chicken, Vegetable oil, Teriyaki sauce",Chicken Teriyaki,chicken teriyaki external food ingredients dataset external csv chicken vegetable oil teriyaki sauce
0,[],AUG_external_csv_chicken_teriyaki_f5f7234e5ed8_1,External CSV,External food ingredients dataset,0,"Chicken, Vegetable oil, Teriyaki sauce",Chicken Teriyaki,Chicken Teriyaki External Food Ingredients Dataset External Csv Chicken Vegetable Oil Teriyaki Sauce
1,['gluten'],AUG_0000127534563_0,Unknown Brand,"Plant-based foods and beverages, Plant-based foods, Cereals and potatoes, Breads",1,,German fine bread,german fine bread plant based foods and beverages plant based foods cereals and potatoes breads unknown brand
1,['gluten'],AUG_0000127534563_1,Unknown Brand,"Plant-based foods and beverages, Plant-based foods, Cereals and potatoes, Breads",1,,German fine bread,German Fine Bread Plant Based Foods And Beverages Plant Based Foods Cereals And Potatoes Breads Unknown Brand
3,"['Wheat', 'Dairy', 'Alcohol']",AUG_external_csv_tiramisu_827bd9816b3b_0,External CSV,External food ingredients dataset,1,"Ladyfingers, Sugar, Mascarpone cheese, coffee liqueur, Cocoa powder",Tiramisu,tiramisu external food ingredients dataset external csv ladyfingers sugar mascarpone cheese coffee liqueur cocoa powder
3,"['Wheat', 'Dairy', 'Alcohol']",AUG_external_csv_tiramisu_827bd9816b3b_1,External CSV,External food ingredients dataset,1,"Ladyfingers, Sugar, Mascarpone cheese, coffee liqueur, Cocoa powder",Tiramisu,Tiramisu External Food Ingredients Dataset External Csv Ladyfingers Sugar Mascarpone Cheese Coffee Liqueur Cocoa Powder
1,['Soybeans'],AUG_external_csv_teriyaki_beef_68dcb35d3151_0,External CSV,External food ingredients dataset,1,"Beef, Soy sauce, Teriyaki sauce, vegetables",Teriyaki Beef,teriyaki beef external food ingredients dataset external csv beef soy sauce teriyaki sauce vegetables
1,['Soybeans'],AUG_external_csv_teriyaki_beef_68dcb35d3151_1,External CSV,External food ingredients dataset,1,"Beef, Soy sauce, Teriyaki sauce, vegetables",Teriyaki Beef,Teriyaki Beef External Food Ingredients Dataset External Csv Beef Soy Sauce Teriyaki Sauce Vegetables
0,[],AUG_external_csv_buffalo_wings_dbcddb95bddd_0,External CSV,External food ingredients dataset,0,"Chicken wings, Vegetable oil, Buffalo sauce",Buffalo Wings,buffalo wings external food ingredients dataset external csv chicken wings vegetable oil buffalo sauce
0,[],AUG_external_csv_buffalo_wings_dbcddb95bddd_1,External CSV,External food ingredients dataset,0,"Chicken wings, Vegetable oil, Buffalo sauce",Buffalo Wings,Buffalo Wings External Food Ingredients Dataset External Csv Chicken Wings Vegetable Oil Buffalo Sauce
2,"['Eggs', 'Mustard']",AUG_external_csv_egg_salad_sandwich_c4b705e267e0_0,External CSV,External food ingredients dataset,1,"Eggs, Mayonnaise, Celery, mustard",Egg Salad Sandwich,egg salad sandwich external food ingredients dataset external csv eggs mayonnaise celery mustard
2,"['Eggs', 'Mustard']",AUG_external_csv_egg_salad_sandwich_c4b705e267e0_1,External CSV,External food ingredients dataset,1,"Eggs, Mayonnaise, Celery, mustard",Egg Salad Sandwich,Egg Salad Sandwich External Food Ingredients Dataset External Csv Eggs Mayonnaise Celery Mustard
1,['fish'],AUG_ENHANCED_SEAFOOD_4_0,Enhanced Training,Seafood Training Data,1,mackerel fillets,mackerel fillets,mackerel fillets
1,['fish'],AUG_ENHANCED_SEAFOOD_4_1,Enhanced Training,Seafood Training Data,1,mackerel fillets,mackerel fillets,Mackerel Fillets
0,[],AUG_external_csv_pesto_pasta_salad_b5a32f4aa32d_0,External CSV,External food ingredients dataset,0,"Pasta, Pesto sauce, Tomatoes, vegetables",Pesto Pasta Salad,pesto pasta salad external food ingredients dataset external csv pasta pesto sauce tomatoes vegetables
0,[],AUG_external_csv_pesto_pasta_salad_b5a32f4aa32d_1,External CSV,External food ingredients dataset,0,"Pasta, Pesto sauce, Tomatoes, vegetables",Pesto Pasta Salad,Pesto Pasta Salad External Food Ingredients Dataset External Csv Pasta Pesto Sauce Tomatoes Vegetables
0,[],AUG_external_csv_cilantro_lime_chicken_c5a85b625e25_0,External CSV,External food ingredients dataset,0,"Chicken, Olive oil, Cilantro, lime",Cilantro Lime Chicken,cilantro lime chicken external food ingredients dataset external csv chicken olive oil cilantro lime
0,[],AUG_external_csv_cilantro_lime_chicken_c5a85b625e25_1,External CSV,External food ingredients dataset,0,"Chicken, Olive oil, Cilantro, lime",Cilantro Lime Chicken,Cilantro Lime Chicken External Food Ingredients Dataset External Csv Chicken Olive Oil Cilantro Lime
0,[],AUG_SYNTHETIC_NEG_0062_0,Generic,Beverages,0,,Club Soda Fine,carbonated water bicarbonate sodium
0,[],AUG_SYNTHETIC_NEG_0062_1,Generic,Beverages,0,,Club Soda Fine,Carbonated Water Bicarbonate Sodium
0,[],AUG_SYNTHETIC_NEG_0195_0,Natural,Baking,0,,Cocoa Powder Fine,powder unsweetened cocoa
0,[],AUG_SYNTHETIC_NEG_0195_1,Natural,Baking,0,,Cocoa Powder Fine,Powder Unsweetened Cocoa
0,[],AUG_external_csv_masala_dosa_015ed62d1bf1_0,External CSV,External food ingredients dataset,0,"Rice, Oil, Potato masala, spices",Masala Dosa,masala dosa external food ingredients dataset external csv rice oil potato masala spices
0,[],AUG_external_csv_masala_dosa_015ed62d1bf1_1,External CSV,External food ingredients dataset,0,"Rice, Oil, Potato masala, spices",Masala Dosa,Masala Dosa External Food Ingredients Dataset External Csv Rice Oil Potato Masala Spices
1,['Dairy'],AUG_external_csv_greek_yogurt_f329e9908a47_0,External CSV,External food ingredients dataset,1,"Yogurt (milk, cultures), Honey",Greek Yogurt,greek yogurt external food ingredients dataset external csv yogurt milk cultures honey
1,['Dairy'],AUG_external_csv_greek_yogurt_f329e9908a47_1,External CSV,External food ingredients dataset,1,"Yogurt (milk, cultures), Honey",Greek Yogurt,Greek Yogurt External Food Ingredients Dataset External Csv Yogurt Milk Cultures Honey
2,"['fish', 'wheat']",AUG_ENHANCED_SEAFOOD_23_0,Enhanced Training,Seafood Training Data,1,fish tacos,fish tacos,fish tacos
2,"['fish', 'wheat']",AUG_ENHANCED_SEAFOOD_23_1,Enhanced Training,Seafood Training Data,1,fish tacos,fish tacos,Fish Tacos
0,[],AUG_external_csv_strawberry_spinach_salad_3e0dca23fcb3_0,External CSV,External food ingredients dataset,0,"Spinach, Strawberries, vinaigrette",Strawberry Spinach Salad,strawberry spinach salad external food ingredients dataset external csv spinach strawberries vinaigrette
0,[],AUG_external_csv_strawberry_spinach_salad_3e0dca23fcb3_1,External CSV,External food ingredients dataset,0,"Spinach, Strawberries, vinaigrette",Strawberry Spinach Salad,Strawberry Spinach Salad External Food Ingredients Dataset External Csv Spinach Strawberries Vinaigrette
2,"['milk', 'soybeans']",AUG_0000111301201_0,Canola Harvest,Dairy,1,,Canola Harvest® Original Vegetable Oil Spread Tub,canola harvest original vegetable oil spread tub dairy canola harvest
2,"['milk', 'soybeans']",AUG_0000111301201_1,Canola Harvest,Dairy,1,,Canola Harvest® Original Vegetable Oil Spread Tub,Canola Harvest Original Vegetable Oil Spread Tub Dairy Canola Harvest
1,['milk'],AUG_0000210003280_0,Unknown Brand,"Dairies, Fermented foods, Fermented milk products, Cheeses",1,,Whipped Cream Cheese,whipped cream cheese dairies fermented foods fermented milk products cheeses unknown brand
1,['milk'],AUG_0000210003280_1,Unknown Brand,"Dairies, Fermented foods, Fermented milk products, Cheeses",1,,Whipped Cream Cheese,Whipped Cream Cheese Dairies Fermented Foods Fermented Milk Products Cheeses Unknown Brand
0,[],AUG_SYNTHETIC_NEG_0135_0,Classic,Baking,0,,Baking Soda Natural,bicarbonate sodium pure
0,[],AUG_SYNTHETIC_NEG_0135_1,Classic,Baking,0,,Baking Soda Natural,Bicarbonate Sodium Pure
2,"['Wheat', 'Dairy']",AUG_external_csv_apple_pie_828d423d471e_0,External CSV,External food ingredients dataset,1,"Apples, Sugar, Butter, Cinnamon, pastry",Apple Pie,apple pie external food ingredients dataset external csv apples sugar butter cinnamon pastry
2,"['Wheat', 'Dairy']",AUG_external_csv_apple_pie_828d423d471e_1,External CSV,External food ingredients dataset,1,"Apples, Sugar, Butter, Cinnamon, pastry",Apple Pie,Apple Pie External Food Ingredients Dataset External Csv Apples Sugar Butter Cinnamon Pastry
0,[],AUG_ENHANCED_SEAFOOD_73_0,Enhanced Training,Seafood Training Data,0,sea salt,sea salt,sea salt
0,[],AUG_ENHANCED_SEAFOOD_73_1,Enhanced Training,Seafood Training Data,0,sea salt,sea salt,Sea Salt
2,"['Wheat', 'Dairy']",AUG_external_csv_berry_crumble_8b7889a0dcf7_0,External CSV,External food ingredients dataset,1,"Mixed berries, Sugar, Butter, Oats, cinnamon",Berry Crumble,berry crumble external food ingredients dataset external csv mixed berries sugar butter oats cinnamon
2,"['Wheat', 'Dairy']",AUG_external_csv_berry_crumble_8b7889a0dcf7_1,External CSV,External food ingredients dataset,1,"Mixed berries, Sugar, Butter, Oats, cinnamon",Berry Crumble,Berry Crumble External Food Ingredients Dataset External Csv Mixed Berries Sugar Butter Oats Cinnamon
2,"['shellfish', 'wheat']",AUG_ENHANCED_SEAFOOD_60_0,Enhanced Training,Seafood Training Data,1,conch fritters,conch fritters,conch fritters
2,"['shellfish', 'wheat']",AUG_ENHANCED_SEAFOOD_60_1,Enhanced Training,Seafood Training Data,1,conch fritters,conch fritters,Conch Fritters
0,[],AUG_ENHANCED_SEAFOOD_72_0,Enhanced Training,Seafood Training Data,0,vegetarian oyster sauce (mushroom based),vegetarian oyster sauce (mushroom based),vegetarian oyster sauce (mushroom based)
0,[],AUG_ENHANCED_SEAFOOD_72_1,Enhanced Training,Seafood Training Data,0,vegetarian oyster sauce (mushroom based),vegetarian oyster sauce (mushroom based),Vegetarian Oyster Sauce (Mushroom Based)
2,"['Shellfish', 'Eggs']",AUG_external_csv_lobster_roll_f65e8d100161_0,External CSV,External food ingredients dataset,1,"Lobster, Mayonnaise, Celery, lemon juice",Lobster Roll,lobster roll external food ingredients dataset external csv lobster mayonnaise celery lemon juice
2,"['Shellfish', 'Eggs']",AUG_external_csv_lobster_roll_f65e8d100161_1,External CSV,External food ingredients dataset,1,"Lobster, Mayonnaise, Celery, lemon juice",Lobster Roll,Lobster Roll External Food Ingredients Dataset External Csv Lobster Mayonnaise Celery Lemon Juice
1,['Dairy'],AUG_external_csv_caesar_salad_21a2473e28bd_0,External CSV,External food ingredients dataset,1,"Romaine lettuce, Olive oil, Caesar dressing",Caesar Salad,caesar salad external food ingredients dataset external csv romaine lettuce olive oil caesar dressing
1,['Dairy'],AUG_external_csv_caesar_salad_21a2473e28bd_1,External CSV,External food ingredients dataset,1,"Romaine lettuce, Olive oil, Caesar dressing",Caesar Salad,Caesar Salad External Food Ingredients Dataset External Csv Romaine Lettuce Olive Oil Caesar Dressing
1,['fish'],AUG_ENHANCED_SEAFOOD_8_0,Enhanced Training,Seafood Training Data,1,tilapia fillet,tilapia fillet,tilapia fillet
1,['fish'],AUG_ENHANCED_SEAFOOD_8_1,Enhanced Training,Seafood Training Data,1,tilapia fillet,tilapia fillet,Tilapia Fillet
1,['fish'],AUG_ENHANCED_SEAFOOD_17_0,Enhanced Training,Seafood Training Data,1,smoked haddock,smoked haddock,smoked haddock
1,['fish'],AUG_ENHANCED_SEAFOOD_17_1,Enhanced Training,Seafood Training Data,1,smoked haddock,smoked haddock,Smoked Haddock
0,[],AUG_SYNTHETIC_NEG_0087_0,Generic,Grains,0,,Basmati Rice Fine,basmati long grain rice
0,[],AUG_SYNTHETIC_NEG_0087_1,Generic,Grains,0,,Basmati Rice Fine,Basmati Long Grain Rice
1,['shellfish'],AUG_ENHANCED_SEAFOOD_59_0,Enhanced Training,Seafood Training Data,1,abalone,abalone,abalone
1,['shellfish'],AUG_ENHANCED_SEAFOOD_59_1,Enhanced Training,Seafood Training Data,1,abalone,abalone,Abalone
0,[],AUG_SYNTHETIC_NEG_0005_0,Generic,Grains,0,,Brown Rice,whole brown grain rice
0,[],AUG_SYNTHETIC_NEG_0005_1,Generic,Grains,0,,Brown Rice,Whole Brown Grain Rice
2,"['fish', 'shellfish']",AUG_ENHANCED_SEAFOOD_28_0,Enhanced Training,Seafood Training Data,1,seafood paella (with fish),seafood paella (with fish),seafood paella (with fish)
2,"['fish', 'shellfish']",AUG_ENHANCED_SEAFOOD_28_1,Enhanced Training,Seafood Training Data,1,seafood paella (with fish),seafood paella (with fish),Seafood Paella (With Fish)
1,['Dairy'],AUG_external_csv_caesar_wrap_98b1efe4d477_0,External CSV,External food ingredients dataset,1,"Grilled chicken, Caesar dressing, Lettuce, Parmesan cheese",Caesar Wrap,caesar wrap external food ingredients dataset external csv grilled chicken caesar dressing lettuce parmesan cheese
1,['Dairy'],AUG_external_csv_caesar_wrap_98b1efe4d477_1,External CSV,External food ingredients dataset,1,"Grilled chicken, Caesar dressing, Lettuce, Parmesan cheese",Caesar Wrap,Caesar Wrap External Food Ingredients Dataset External Csv Grilled Chicken Caesar Dressing Lettuce Parmesan Cheese
0,[],AUG_external_csv_spinach_stuffed_chicken_bc31ce19daa5_0,External CSV,External food ingredients dataset,0,"Chicken, Olive oil, Spinach, garlic",Spinach Stuffed Chicken,spinach stuffed chicken external food ingredients dataset external csv chicken olive oil spinach garlic
0,[],AUG_external_csv_spinach_stuffed_chicken_bc31ce19daa5_1,External CSV,External food ingredients dataset,0,"Chicken, Olive oil, Spinach, garlic",Spinach Stuffed Chicken,Spinach Stuffed Chicken External Food Ingredients Dataset External Csv Chicken Olive Oil Spinach Garlic
0,[],AUG_SYNTHETIC_NEG_0011_0,Generic,Oils,0,,Sunflower Oil Premium,high oleic sunflower oil
0,[],AUG_SYNTHETIC_NEG_0011_1,Generic,Oils,0,,Sunflower Oil Premium,High Oleic Sunflower Oil
0,[],AUG_SYNTHETIC_NEG_0125_0,Pure,Grains,0,,Brown Rice Premium Quality,whole grain brown rice
0,[],AUG_SYNTHETIC_NEG_0125_1,Pure,Grains,0,,Brown Rice Premium Quality,Whole Grain Brown Rice
0,[],AUG_external_csv_rajma_chawal_87093ec34e85_0,External CSV,External food ingredients dataset,1,"Kidney beans, Ghee, Spices",Rajma Chawal,rajma chawal external food ingredients dataset external csv kidney beans ghee spices
0,[],AUG_external_csv_rajma_chawal_87093ec34e85_1,External CSV,External food ingredients dataset,1,"Kidney beans, Ghee, Spices",Rajma Chawal,Rajma Chawal External Food Ingredients Dataset External Csv Kidney Beans Ghee Spices
0,[],AUG_SYNTHETIC_NEG_0013_0,Essential,Condiment,0,,Distilled White Vinegar Pure,vinegar water acid acetic white
0,[],AUG_SYNTHETIC_NEG_0013_1,Essential,Condiment,0,,Distilled White Vinegar Pure,Vinegar Water Acid Acetic White
0,[],AUG_SYNTHETIC_NEG_0107_0,Essential,Beverages,0,,Herbal Tea Pure,peppermint hibiscus chamomile
0,[],AUG_SYNTHETIC_NEG_0107_1,Essential,Beverages,0,,Herbal Tea Pure,Peppermint Hibiscus Chamomile
1,['gluten'],AUG_0000112407504_0,Liebig,Unknown Category,1,,mouliné  légumes d'autrefois,moulin l gumes d autrefois unknown category liebig
1,['gluten'],AUG_0000112407504_1,Liebig,Unknown Category,1,,mouliné  légumes d'autrefois,Moulin L Gumes D Autrefois Unknown Category Liebig
2,"['Fish', 'Soybeans']",AUG_external_csv_sushi_27aa06df8aa6_0,External CSV,External food ingredients dataset,1,"Fish (salmon, tuna), Rice vinegar, Sesame oil, Soy sauce",Sushi,sushi external food ingredients dataset external csv fish salmon tuna rice vinegar sesame oil soy sauce
2,"['Fish', 'Soybeans']",AUG_external_csv_sushi_27aa06df8aa6_1,External CSV,External food ingredients dataset,1,"Fish (salmon, tuna), Rice vinegar, Sesame oil, Soy sauce",Sushi,Sushi External Food Ingredients Dataset External Csv Fish Salmon Tuna Rice Vinegar Sesame Oil Soy Sauce
0,[],AUG_external_csv_quinoa_salad_12cc5269c172_0,External CSV,External food ingredients dataset,0,"Quinoa, Olive oil, Lemon juice, herbs",Quinoa Salad,quinoa salad external food ingredients dataset external csv quinoa olive oil lemon juice herbs
0,[],AUG_external_csv_quinoa_salad_12cc5269c172_1,External CSV,External food ingredients dataset,0,"Quinoa, Olive oil, Lemon juice, herbs",Quinoa Salad,Quinoa Salad External Food Ingredients Dataset External Csv Quinoa Olive Oil Lemon Juice Herbs
2,"['gluten', 'milk']",AUG_0000155011159_0,Intermarché,"Snacks,Snacks sucrés,Viennoiseries,Chaussons aux pommes",1,,Mini chaussons à la compote de pomme,mini chaussons la compote de pomme snacks snacks sucr s viennoiseries chaussons aux pommes intermarch
2,"['gluten', 'milk']",AUG_0000155011159_1,Intermarché,"Snacks,Snacks sucrés,Viennoiseries,Chaussons aux pommes",1,,Mini chaussons à la compote de pomme,Mini Chaussons La Compote De Pomme Snacks Snacks Sucr S Viennoiseries Chaussons Aux Pommes Intermarch
0,[],AUG_external_csv_ratatouille_651559220935_0,External CSV,External food ingredients dataset,0,"Vegetables, Olive oil, Herbs",Ratatouille,ratatouille external food ingredients dataset external csv vegetables olive oil herbs
0,[],AUG_external_csv_ratatouille_651559220935_1,External CSV,External food ingredients dataset,0,"Vegetables, Olive oil, Herbs",Ratatouille,Ratatouille External Food Ingredients Dataset External Csv Vegetables Olive Oil Herbs
5,"['milk', 'soybeans', 'Hühnereiweiss', 'Weizenprotein', 'Wheyprotein']",AUG_0000204286484_0,allfitnessfactory.de,"Nahrungsergänzungsmittel, Nahrungsergänzungen für Bodybuilder, Proteinpulver",1,,Mehrkomponeneten Protein 90 C6 Haselnuß,mehrkomponeneten protein 90 c6 haselnu nahrungserg nzungsmittel nahrungserg nzungen f r bodybuilder proteinpulver allfitnessfactory de
5,"['milk', 'soybeans', 'Hühnereiweiss', 'Weizenprotein', 'Wheyprotein']",AUG_0000204286484_1,allfitnessfactory.de,"Nahrungsergänzungsmittel, Nahrungsergänzungen für Bodybuilder, Proteinpulver",1,,Mehrkomponeneten Protein 90 C6 Haselnuß,Mehrkomponeneten Protein 90 C6 Haselnu Nahrungserg Nzungsmittel Nahrungserg Nzungen F R Bodybuilder Proteinpulver Allfitnessfactory De
3,"['Wheat', 'Dairy', 'Nuts']",AUG_external_csv_zucchini_bread_3695fcd13098_0,External CSV,External food ingredients dataset,1,"Zucchini, Sugar, Butter, Cinnamon, nuts",Zucchini Bread,zucchini bread external food ingredients dataset external csv zucchini sugar butter cinnamon nuts
3,"['Wheat', 'Dairy', 'Nuts']",AUG_external_csv_zucchini_bread_3695fcd13098_1,External CSV,External food ingredients dataset,1,"Zucchini, Sugar, Butter, Cinnamon, nuts",Zucchini Bread,Zucchini Bread External Food Ingredients Dataset External Csv Zucchini Sugar Butter Cinnamon Nuts
1,['fish'],AUG_ENHANCED_SEAFOOD_11_0,Enhanced Training,Seafood Training Data,1,surimi crab sticks,surimi crab sticks,surimi crab sticks
1,['fish'],AUG_ENHANCED_SEAFOOD_11_1,Enhanced Training,Seafood Training Data,1,surimi crab sticks,surimi crab sticks,Surimi Crab Sticks
0,[],AUG_SYNTHETIC_NEG_0045_0,Pure,Grains,0,,Brown Rice Fine,rice whole grain brown
0,[],AUG_SYNTHETIC_NEG_0045_1,Pure,Grains,0,,Brown Rice Fine,Rice Whole Grain Brown
0,[],AUG_SYNTHETIC_NEG_0092_0,Classic,Oils,0,,Avocado Oil Premium Quality,avocado oil pure
0,[],AUG_SYNTHETIC_NEG_0092_1,Classic,Oils,0,,Avocado Oil Premium Quality,Avocado Oil Pure
1,['Wheat'],AUG_external_csv_wheat_bread_8949a4a10bee_0,External CSV,External food ingredients dataset,1,"Wheat flour, Salt",Wheat Bread,wheat bread external food ingredients dataset external csv wheat flour salt
1,['Wheat'],AUG_external_csv_wheat_bread_8949a4a10bee_1,External CSV,External food ingredients dataset,1,"Wheat flour, Salt",Wheat Bread,Wheat Bread External Food Ingredients Dataset External Csv Wheat Flour Salt
0,[],AUG_external_csv_french_fries_a69f62aec605_0,External CSV,External food ingredients dataset,0,"Potatoes, Vegetable oil, Salt",French Fries,french fries external food ingredients dataset external csv potatoes vegetable oil salt
0,[],AUG_external_csv_french_fries_a69f62aec605_1,External CSV,External food ingredients dataset,0,"Potatoes, Vegetable oil, Salt",French Fries,French Fries External Food Ingredients Dataset External Csv Potatoes Vegetable Oil Salt
3,"['fish', 'milk', 'soybeans']",AUG_00000953_0,Herbalife,"Produtos não alimentares, Controle de peso",1,,Herbalife,herbalife produtos n o alimentares controle de peso herbalife
3,"['fish', 'milk', 'soybeans']",AUG_00000953_1,Herbalife,"Produtos não alimentares, Controle de peso",1,,Herbalife,Herbalife Produtos N O Alimentares Controle De Peso Herbalife
1,['Peanuts'],AUG_external_csv_peanut_butter_ed78d1164dde_0,External CSV,External food ingredients dataset,1,"Peanuts, Sugar, Vegetable oil, Salt",Peanut Butter,peanut butter external food ingredients dataset external csv peanuts sugar vegetable oil salt
1,['Peanuts'],AUG_external_csv_peanut_butter_ed78d1164dde_1,External CSV,External food ingredients dataset,1,"Peanuts, Sugar, Vegetable oil, Salt",Peanut Butter,Peanut Butter External Food Ingredients Dataset External Csv Peanuts Sugar Vegetable Oil Salt
1,['nuts'],AUG_0000101209159_0,Bovetti,"Petit-déjeuners,Produits à tartiner,Produits à tartiner sucrés,Pâtes à tartiner,Pâtes à tartiner aux noisettes,Pâtes à tartiner au chocolat,Pâtes à tartiner aux noisettes et au cacao",1,,Véritable pâte à tartiner noisettes chocolat noir,v ritable p te tartiner noisettes chocolat noir petit d jeuners produits tartiner produits tartiner sucr s p tes tartiner p tes tartiner aux noisettes p tes tartiner au chocolat p tes tartiner aux noisettes et au cacao bovetti
1,['nuts'],AUG_0000101209159_1,Bovetti,"Petit-déjeuners,Produits à tartiner,Produits à tartiner sucrés,Pâtes à tartiner,Pâtes à tartiner aux noisettes,Pâtes à tartiner au chocolat,Pâtes à tartiner aux noisettes et au cacao",1,,Véritable pâte à tartiner noisettes chocolat noir,V Ritable P Te Tartiner Noisettes Chocolat Noir Petit D Jeuners Produits Tartiner Produits Tartiner Sucr S P Tes Tartiner P Tes Tartiner Aux Noisettes P Tes Tartiner Au Chocolat P Tes Tartiner Aux Noisettes Et Au Cacao Bovetti
0,[],AUG_SYNTHETIC_NEG_0189_0,Essential,Spice,0,,Sea Salt Grinder Premium Quality,coarse sea salt
0,[],AUG_SYNTHETIC_NEG_0189_1,Essential,Spice,0,,Sea Salt Grinder Premium Quality,Coarse Sea Salt
1,['soybeans'],AUG_00002119_0,Bijou,en:biscuits,1,,Unknown Product,unknown product en biscuits bijou
1,['soybeans'],AUG_00002119_1,Bijou,en:biscuits,1,,Unknown Product,Unknown Product En Biscuits Bijou
1,['milk'],AUG_0000243969909_0,Unknown Brand,Unknown Category,1,,animal bar,animal bar unknown category unknown brand
1,['milk'],AUG_0000243969909_1,Unknown Brand,Unknown Category,1,,animal bar,Animal Bar Unknown Category Unknown Brand
0,[],AUG_external_csv_chana_masala_2cd9a09ca24a_0,External CSV,External food ingredients dataset,0,"Chickpeas, Oil, Masala spices",Chana Masala,chana masala external food ingredients dataset external csv chickpeas oil masala spices
0,[],AUG_external_csv_chana_masala_2cd9a09ca24a_1,External CSV,External food ingredients dataset,0,"Chickpeas, Oil, Masala spices",Chana Masala,Chana Masala External Food Ingredients Dataset External Csv Chickpeas Oil Masala Spices
0,[],AUG_SYNTHETIC_NEG_0183_0,Generic,Beverages,0,,Tonic Water,carbonated water quinine sugar
0,[],AUG_SYNTHETIC_NEG_0183_1,Generic,Beverages,0,,Tonic Water,Carbonated Water Quinine Sugar
0,[],AUG_ENHANCED_SEAFOOD_79_0,Enhanced Training,Seafood Training Data,0,crab apple,crab apple,crab apple
0,[],AUG_ENHANCED_SEAFOOD_79_1,Enhanced Training,Seafood Training Data,0,crab apple,crab apple,Crab Apple
4,"['eggs', 'gluten', 'milk', 'nuts']",AUG_00000051_0,Lindt,Confitures,1,,Fondants Citron,fondants citron confitures lindt
4,"['eggs', 'gluten', 'milk', 'nuts']",AUG_00000051_1,Lindt,Confitures,1,,Fondants Citron,Fondants Citron Confitures Lindt
1,['Dairy'],AUG_external_csv_cheese_pizza_bfd9619cf026_0,External CSV,External food ingredients dataset,1,"Cheese, Tomato sauce",Cheese Pizza,cheese pizza external food ingredients dataset external csv cheese tomato sauce
1,['Dairy'],AUG_external_csv_cheese_pizza_bfd9619cf026_1,External CSV,External food ingredients dataset,1,"Cheese, Tomato sauce",Cheese Pizza,Cheese Pizza External Food Ingredients Dataset External Csv Cheese Tomato Sauce
0,[],AUG_SYNTHETIC_NEG_0136_0,Generic,Baking,0,,Baking Powder Fine,monocalcium phosphate sodium bicarbonate corn starch
0,[],AUG_SYNTHETIC_NEG_0136_1,Generic,Baking,0,,Baking Powder Fine,Monocalcium Phosphate Sodium Bicarbonate Corn Starch
1,['fish'],AUG_ENHANCED_SEAFOOD_21_0,Enhanced Training,Seafood Training Data,1,grilled salmon with lemon,grilled salmon with lemon,grilled salmon with lemon
1,['fish'],AUG_ENHANCED_SEAFOOD_21_1,Enhanced Training,Seafood Training Data,1,grilled salmon with lemon,grilled salmon with lemon,Grilled Salmon With Lemon
0,[],AUG_external_csv_vada_pav_e8282eda02b4_0,External CSV,External food ingredients dataset,0,"Potato, Oil, Pav bun, chutney",Vada Pav,vada pav external food ingredients dataset external csv potato oil pav bun chutney
0,[],AUG_external_csv_vada_pav_e8282eda02b4_1,External CSV,External food ingredients dataset,0,"Potato, Oil, Pav bun, chutney",Vada Pav,Vada Pav External Food Ingredients Dataset External Csv Potato Oil Pav Bun Chutney
2,"['Dairy', 'Nuts']",AUG_external_csv_baked_brie_3f5a80ca86fc_0,External CSV,External food ingredients dataset,1,"Brie cheese, Herbs, nuts",Baked Brie,baked brie external food ingredients dataset external csv brie cheese herbs nuts
2,"['Dairy', 'Nuts']",AUG_external_csv_baked_brie_3f5a80ca86fc_1,External CSV,External food ingredients dataset,1,"Brie cheese, Herbs, nuts",Baked Brie,Baked Brie External Food Ingredients Dataset External Csv Brie Cheese Herbs Nuts
0,[],AUG_SYNTHETIC_NEG_0164_0,Natural,Grains,0,,White Rice,white grain long rice
0,[],AUG_SYNTHETIC_NEG_0164_1,Natural,Grains,0,,White Rice,White Grain Long Rice
0,[],AUG_SYNTHETIC_NEG_0014_0,Basic,Condiment,0,,Apple Cider Vinegar Premium,raw unfiltered apple cider vinegar
0,[],AUG_SYNTHETIC_NEG_0014_1,Basic,Condiment,0,,Apple Cider Vinegar Premium,Raw Unfiltered Apple Cider Vinegar
3,"['shellfish', 'wheat', 'eggs']",AUG_ENHANCED_SEAFOOD_50_0,Enhanced Training,Seafood Training Data,1,lobster roll,lobster roll,lobster roll
3,"['shellfish', 'wheat', 'eggs']",AUG_ENHANCED_SEAFOOD_50_1,Enhanced Training,Seafood Training Data,1,lobster roll,lobster roll,Lobster Roll
1,['milk'],AUG_0000111103201_0,Unknown Brand,Unknown Category,1,,Isalean,isalean unknown category unknown brand
1,['milk'],AUG_0000111103201_1,Unknown Brand,Unknown Category,1,,Isalean,Isalean Unknown Category Unknown Brand
0,[],AUG_external_csv_veggie_burger_1dd743863145_0,External CSV,External food ingredients dataset,0,"Mixed vegetables, Vegetable oil, Seasonings",Veggie Burger,veggie burger external food ingredients dataset external csv mixed vegetables vegetable oil seasonings
0,[],AUG_external_csv_veggie_burger_1dd743863145_1,External CSV,External food ingredients dataset,0,"Mixed vegetables, Vegetable oil, Seasonings",Veggie Burger,Veggie Burger External Food Ingredients Dataset External Csv Mixed Vegetables Vegetable Oil Seasonings
1,['Soybeans'],AUG_external_csv_soy_milk_1729f620b466_0,External CSV,External food ingredients dataset,1,"Soybeans, Sugar, Emulsifiers",Soy Milk,soy milk external food ingredients dataset external csv soybeans sugar emulsifiers
1,['Soybeans'],AUG_external_csv_soy_milk_1729f620b466_1,External CSV,External food ingredients dataset,1,"Soybeans, Sugar, Emulsifiers",Soy Milk,Soy Milk External Food Ingredients Dataset External Csv Soybeans Sugar Emulsifiers
0,[],AUG_external_csv_pancetta_pasta_5f5ca37a9b10_0,External CSV,External food ingredients dataset,0,"Pasta, Pancetta, Garlic, herbs",Pancetta Pasta,pancetta pasta external food ingredients dataset external csv pasta pancetta garlic herbs
0,[],AUG_external_csv_pancetta_pasta_5f5ca37a9b10_1,External CSV,External food ingredients dataset,0,"Pasta, Pancetta, Garlic, herbs",Pancetta Pasta,Pancetta Pasta External Food Ingredients Dataset External Csv Pasta Pancetta Garlic Herbs
0,[],AUG_external_csv_ratatouille_38ef50bcb409_0,External CSV,External food ingredients dataset,0,"Vegetables, Olive oil, Herbs, garlic",Ratatouille,ratatouille external food ingredients dataset external csv vegetables olive oil herbs garlic
0,[],AUG_external_csv_ratatouille_38ef50bcb409_1,External CSV,External food ingredients dataset,0,"Vegetables, Olive oil, Herbs, garlic",Ratatouille,Ratatouille External Food Ingredients Dataset External Csv Vegetables Olive Oil Herbs Garlic
1,['Dairy'],AUG_external_csv_chicken_tikka_masala_ccda9fa4b987_0,External CSV,External food ingredients dataset,1,"Chicken, Sugar, Ghee, Tomato sauce, cream",Chicken Tikka Masala,chicken tikka masala external food ingredients dataset external csv chicken sugar ghee tomato sauce cream
1,['Dairy'],AUG_external_csv_chicken_tikka_masala_ccda9fa4b987_1,External CSV,External food ingredients dataset,1,"Chicken, Sugar, Ghee, Tomato sauce, cream",Chicken Tikka Masala,Chicken Tikka Masala External Food Ingredients Dataset External Csv Chicken Sugar Ghee Tomato Sauce Cream
1,['nuts'],AUG_00000194_0,Biojoy,"Plant-based foods and beverages, Plant-based foods, Nuts and their products, Nuts, Shelled nuts, Walnuts, Walnut kernels",1,,Bio Walnusskerne Achtel kerne,bio walnusskerne achtel kerne plant based foods and beverages plant based foods nuts and their products nuts shelled nuts walnuts walnut kernels biojoy
1,['nuts'],AUG_00000194_1,Biojoy,"Plant-based foods and beverages, Plant-based foods, Nuts and their products, Nuts, Shelled nuts, Walnuts, Walnut kernels",1,,Bio Walnusskerne Achtel kerne,Bio Walnusskerne Achtel Kerne Plant Based Foods And Beverages Plant Based Foods Nuts And Their Products Nuts Shelled Nuts Walnuts Walnut Kernels Biojoy
0,[],AUG_external_csv_ratatouille_597c5f07e18d_0,External CSV,External food ingredients dataset,0,"Eggplant, Olive oil, Tomatoes",Ratatouille,ratatouille external food ingredients dataset external csv eggplant olive oil tomatoes
0,[],AUG_external_csv_ratatouille_597c5f07e18d_1,External CSV,External food ingredients dataset,0,"Eggplant, Olive oil, Tomatoes",Ratatouille,Ratatouille External Food Ingredients Dataset External Csv Eggplant Olive Oil Tomatoes
0,[],AUG_SYNTHETIC_NEG_0121_0,Natural,Sweetener,0,,White Sugar Natural,sucrose cane sweetener sugar
0,[],AUG_SYNTHETIC_NEG_0121_1,Natural,Sweetener,0,,White Sugar Natural,Sucrose Cane Sweetener Sugar
0,[],AUG_external_csv_green_smoothie_880e9c6dfe6b_0,External CSV,External food ingredients dataset,0,"Spinach, Honey, Avocado, Almond milk",Green Smoothie,green smoothie external food ingredients dataset external csv spinach honey avocado almond milk
0,[],AUG_external_csv_green_smoothie_880e9c6dfe6b_1,External CSV,External food ingredients dataset,0,"Spinach, Honey, Avocado, Almond milk",Green Smoothie,Green Smoothie External Food Ingredients Dataset External Csv Spinach Honey Avocado Almond Milk
0,[],AUG_SYNTHETIC_NEG_0178_0,Basic,Thickener,0,,Tapioca Starch Premium,cassava flour tapioca root
0,[],AUG_SYNTHETIC_NEG_0178_1,Basic,Thickener,0,,Tapioca Starch Premium,Cassava Flour Tapioca Root
0,[],AUG_SYNTHETIC_NEG_0172_0,Simple,Oils,0,,Avocado Oil Fine,pure avocado oil
0,[],AUG_SYNTHETIC_NEG_0172_1,Simple,Oils,0,,Avocado Oil Fine,Pure Avocado Oil
1,['Dairy'],AUG_external_csv_mushroom_and_goat_cheese_flatbread_a0b04c1be71e_0,External CSV,External food ingredients dataset,1,"Mushrooms, Olive oil, Goat cheese, herbs",Mushroom and Goat Cheese Flatbread,mushroom and goat cheese flatbread external food ingredients dataset external csv mushrooms olive oil goat cheese herbs
1,['Dairy'],AUG_external_csv_mushroom_and_goat_cheese_flatbread_a0b04c1be71e_1,External CSV,External food ingredients dataset,1,"Mushrooms, Olive oil, Goat cheese, herbs",Mushroom and Goat Cheese Flatbread,Mushroom And Goat Cheese Flatbread External Food Ingredients Dataset External Csv Mushrooms Olive Oil Goat Cheese Herbs
0,[],AUG_SYNTHETIC_NEG_0042_0,Pure,Sweetener,0,,Brown Sugar Pure,molasses sugar cane brown sugar
0,[],AUG_SYNTHETIC_NEG_0042_1,Pure,Sweetener,0,,Brown Sugar Pure,Molasses Sugar Cane Brown Sugar
0,[],AUG_external_csv_stuffed_cabbage_rolls_a24d3e6e96f6_0,External CSV,External food ingredients dataset,0,"Cabbage, Olive oil, Ground meat, rice",Stuffed Cabbage Rolls,stuffed cabbage rolls external food ingredients dataset external csv cabbage olive oil ground meat rice
0,[],AUG_external_csv_stuffed_cabbage_rolls_a24d3e6e96f6_1,External CSV,External food ingredients dataset,0,"Cabbage, Olive oil, Ground meat, rice",Stuffed Cabbage Rolls,Stuffed Cabbage Rolls External Food Ingredients Dataset External Csv Cabbage Olive Oil Ground Meat Rice
2,"['Wheat', 'Dairy']",AUG_external_csv_vegetable_lasagna_ab98a03504a9_0,External CSV,External food ingredients dataset,1,"Vegetables, Olive oil, Tomato sauce, cheese",Vegetable Lasagna,vegetable lasagna external food ingredients dataset external csv vegetables olive oil tomato sauce cheese
2,"['Wheat', 'Dairy']",AUG_external_csv_vegetable_lasagna_ab98a03504a9_1,External CSV,External food ingredients dataset,1,"Vegetables, Olive oil, Tomato sauce, cheese",Vegetable Lasagna,Vegetable Lasagna External Food Ingredients Dataset External Csv Vegetables Olive Oil Tomato Sauce Cheese
2,"['Pine nuts', 'Dairy']",AUG_external_csv_pesto_chicken_902dfb5b48c1_0,External CSV,External food ingredients dataset,1,"Chicken, Olive oil, Pesto sauce",Pesto Chicken,pesto chicken external food ingredients dataset external csv chicken olive oil pesto sauce
2,"['Pine nuts', 'Dairy']",AUG_external_csv_pesto_chicken_902dfb5b48c1_1,External CSV,External food ingredients dataset,1,"Chicken, Olive oil, Pesto sauce",Pesto Chicken,Pesto Chicken External Food Ingredients Dataset External Csv Chicken Olive Oil Pesto Sauce
0,[],AUG_SYNTHETIC_NEG_0185_0,Simple,Beverages,0,,Green Tea Premium Quality,leaves green tea
0,[],AUG_SYNTHETIC_NEG_0185_1,Simple,Beverages,0,,Green Tea Premium Quality,Leaves Green Tea
2,"['Wheat', 'Dairy']",AUG_external_csv_tiramisu_0b5e0ecfd580_0,External CSV,External food ingredients dataset,1,"Ladyfingers, Sugar, Mascarpone cheese, Coffee, cocoa",Tiramisu,tiramisu external food ingredients dataset external csv ladyfingers sugar mascarpone cheese coffee cocoa
2,"['Wheat', 'Dairy']",AUG_external_csv_tiramisu_0b5e0ecfd580_1,External CSV,External food ingredients dataset,1,"Ladyfingers, Sugar, Mascarpone cheese, Coffee, cocoa",Tiramisu,Tiramisu External Food Ingredients Dataset External Csv Ladyfingers Sugar Mascarpone Cheese Coffee Cocoa
1,['Wheat'],AUG_external_csv_grilled_portobello_mushroom_burger_9a227872d88a_0,External CSV,External food ingredients dataset,1,"Portobello mushrooms, Burger bun, vegetables",Grilled Portobello Mushroom Burger,grilled portobello mushroom burger external food ingredients dataset external csv portobello mushrooms burger bun vegetables
1,['Wheat'],AUG_external_csv_grilled_portobello_mushroom_burger_9a227872d88a_1,External CSV,External food ingredients dataset,1,"Portobello mushrooms, Burger bun, vegetables",Grilled Portobello Mushroom Burger,Grilled Portobello Mushroom Burger External Food Ingredients Dataset External Csv Portobello Mushrooms Burger Bun Vegetables
0,[],AUG_external_csv_chicken_fajitas_4ae5b263a07f_0,External CSV,External food ingredients dataset,0,"Chicken, Vegetable oil, Fajita seasoning",Chicken Fajitas,chicken fajitas external food ingredients dataset external csv chicken vegetable oil fajita seasoning
0,[],AUG_external_csv_chicken_fajitas_4ae5b263a07f_1,External CSV,External food ingredients dataset,0,"Chicken, Vegetable oil, Fajita seasoning",Chicken Fajitas,Chicken Fajitas External Food Ingredients Dataset External Csv Chicken Vegetable Oil Fajita Seasoning
0,[],AUG_external_csv_cucumber_salad_8b2024e1db81_0,External CSV,External food ingredients dataset,0,"Cucumbers, Olive oil, Vinegar, herbs",Cucumber Salad,cucumber salad external food ingredients dataset external csv cucumbers olive oil vinegar herbs
0,[],AUG_external_csv_cucumber_salad_8b2024e1db81_1,External CSV,External food ingredients dataset,0,"Cucumbers, Olive oil, Vinegar, herbs",Cucumber Salad,Cucumber Salad External Food Ingredients Dataset External Csv Cucumbers Olive Oil Vinegar Herbs
0,[],AUG_SYNTHETIC_NEG_0081_0,Classic,Sweetener,0,,White Sugar,sugar sucrose sweetener cane
0,[],AUG_SYNTHETIC_NEG_0081_1,Classic,Sweetener,0,,White Sugar,Sugar Sucrose Sweetener Cane
0,[],AUG_external_csv_ratatouille_pasta_875a52c52536_0,External CSV,External food ingredients dataset,0,"Pasta, Olive oil, Ratatouille vegetables",Ratatouille Pasta,ratatouille pasta external food ingredients dataset external csv pasta olive oil ratatouille vegetables
0,[],AUG_external_csv_ratatouille_pasta_875a52c52536_1,External CSV,External food ingredients dataset,0,"Pasta, Olive oil, Ratatouille vegetables",Ratatouille Pasta,Ratatouille Pasta External Food Ingredients Dataset External Csv Pasta Olive Oil Ratatouille Vegetables
2,"['Wheat', 'Dairy']",AUG_external_csv_garlic_bread_9b3238947998_0,External CSV,External food ingredients dataset,1,"Bread, Butter, Garlic",Garlic Bread,garlic bread external food ingredients dataset external csv bread butter garlic
2,"['Wheat', 'Dairy']",AUG_external_csv_garlic_bread_9b3238947998_1,External CSV,External food ingredients dataset,1,"Bread, Butter, Garlic",Garlic Bread,Garlic Bread External Food Ingredients Dataset External Csv Bread Butter Garlic
0,[],AUG_external_csv_mutton_biryani_b5b50e5b4383_0,External CSV,External food ingredients dataset,0,"Mutton, Ghee, Basmati rice, spices",Mutton Biryani,mutton biryani external food ingredients dataset external csv mutton ghee basmati rice spices
0,[],AUG_external_csv_mutton_biryani_b5b50e5b4383_1,External CSV,External food ingredients dataset,0,"Mutton, Ghee, Basmati rice, spices",Mutton Biryani,Mutton Biryani External Food Ingredients Dataset External Csv Mutton Ghee Basmati Rice Spices
2,"['Wheat', 'Dairy']",AUG_external_csv_chicken_caesar_salad_86e1b2eae798_0,External CSV,External food ingredients dataset,1,"Chicken, Caesar dressing, Romaine lettuce, croutons",Chicken Caesar Salad,chicken caesar salad external food ingredients dataset external csv chicken caesar dressing romaine lettuce croutons
2,"['Wheat', 'Dairy']",AUG_external_csv_chicken_caesar_salad_86e1b2eae798_1,External CSV,External food ingredients dataset,1,"Chicken, Caesar dressing, Romaine lettuce, croutons",Chicken Caesar Salad,Chicken Caesar Salad External Food Ingredients Dataset External Csv Chicken Caesar Dressing Romaine Lettuce Croutons
0,[],AUG_SYNTHETIC_NEG_0122_0,Classic,Sweetener,0,,Brown Sugar Natural,brown sugar sugar molasses cane
0,[],AUG_SYNTHETIC_NEG_0122_1,Classic,Sweetener,0,,Brown Sugar Natural,Brown Sugar Sugar Molasses Cane
1,['soybeans'],AUG_00000225_0,bijou,Unknown Category,1,,bijou cacao,bijou cacao unknown category bijou
1,['soybeans'],AUG_00000225_1,bijou,Unknown Category,1,,bijou cacao,Bijou Cacao Unknown Category Bijou
0,[],AUG_external_csv_chole_bhature_a695fe124248_0,External CSV,External food ingredients dataset,0,"Chickpeas, Sugar, Ghee, Chole masala, spices",Chole Bhature,chole bhature external food ingredients dataset external csv chickpeas sugar ghee chole masala spices
0,[],AUG_external_csv_chole_bhature_a695fe124248_1,External CSV,External food ingredients dataset,0,"Chickpeas, Sugar, Ghee, Chole masala, spices",Chole Bhature,Chole Bhature External Food Ingredients Dataset External Csv Chickpeas Sugar Ghee Chole Masala Spices
0,[],AUG_SYNTHETIC_NEG_0123_0,Pure,Sweetener,0,,Powdered Sugar,confectioners starch corn sugar
0,[],AUG_SYNTHETIC_NEG_0123_1,Pure,Sweetener,0,,Powdered Sugar,Confectioners Starch Corn Sugar
1,['Dairy'],AUG_external_csv_pesto_pizza_5bcafa5bc330_0,External CSV,External food ingredients dataset,1,"Pesto sauce, Mozzarella cheese, basil",Pesto Pizza,pesto pizza external food ingredients dataset external csv pesto sauce mozzarella cheese basil
1,['Dairy'],AUG_external_csv_pesto_pizza_5bcafa5bc330_1,External CSV,External food ingredients dataset,1,"Pesto sauce, Mozzarella cheese, basil",Pesto Pizza,Pesto Pizza External Food Ingredients Dataset External Csv Pesto Sauce Mozzarella Cheese Basil
2,"['Wheat', 'Dairy']",AUG_external_csv_mushroom_risotto_316a06d2e03b_0,External CSV,External food ingredients dataset,1,"Arborio rice, Butter, Mushroom",Mushroom Risotto,mushroom risotto external food ingredients dataset external csv arborio rice butter mushroom
2,"['Wheat', 'Dairy']",AUG_external_csv_mushroom_risotto_316a06d2e03b_1,External CSV,External food ingredients dataset,1,"Arborio rice, Butter, Mushroom",Mushroom Risotto,Mushroom Risotto External Food Ingredients Dataset External Csv Arborio Rice Butter Mushroom
0,[],AUG_SYNTHETIC_NEG_0100_0,Natural,Beverages,0,,Spring Water Natural,spring water natural
0,[],AUG_SYNTHETIC_NEG_0100_1,Natural,Beverages,0,,Spring Water Natural,Spring Water Natural
0,[],AUG_SYNTHETIC_NEG_0117_0,Generic,Condiment,0,,Lemon Juice,lemon pure juice
0,[],AUG_SYNTHETIC_NEG_0117_1,Generic,Condiment,0,,Lemon Juice,Lemon Pure Juice
1,['peanuts'],AUG_0000200000002_0,Kazidomi,"Aliments et boissons à base de végétaux, Aliments d'origine végétale, Légumineuses et dérivés, Petit-déjeuners, Produits à tartiner, Fruits à coques et dérivés, Pâtes à tartiner végétales, Produits à tartiner sucrés, Purées d'oléagineux, Beurres de légumineuses, Pâtes à tartiner, Beurres de fruits à coques, Beurres de cacahuètes, Pâte de noix",1,,Beurre de Cacahuètes Bio,beurre de cacahu tes bio aliments et boissons base de v g taux aliments d origine v g tale l gumineuses et d riv s petit d jeuners produits tartiner fruits coques et d riv s p tes tartiner v g tales produits tartiner sucr s pur es d ol agineux beurres de l gumineuses p tes tartiner beurres de fruits coques beurres de cacahu tes p te de noix kazidomi
1,['peanuts'],AUG_0000200000002_1,Kazidomi,"Aliments et boissons à base de végétaux, Aliments d'origine végétale, Légumineuses et dérivés, Petit-déjeuners, Produits à tartiner, Fruits à coques et dérivés, Pâtes à tartiner végétales, Produits à tartiner sucrés, Purées d'oléagineux, Beurres de légumineuses, Pâtes à tartiner, Beurres de fruits à coques, Beurres de cacahuètes, Pâte de noix",1,,Beurre de Cacahuètes Bio,Beurre De Cacahu Tes Bio Aliments Et Boissons Base De V G Taux Aliments D Origine V G Tale L Gumineuses Et D Riv S Petit D Jeuners Produits Tartiner Fruits Coques Et D Riv S P Tes Tartiner V G Tales Produits Tartiner Sucr S Pur Es D Ol Agineux Beurres De L Gumineuses P Tes Tartiner Beurres De Fruits Coques Beurres De Cacahu Tes P Te De Noix Kazidomi
2,"['gluten', 'soybeans']",AUG_00000987_0,Unknown Brand,"Aliments pour bébé, Plats principaux pour bébé, Assiettes pour bébé",1,,Unknown Product,unknown product aliments pour b b plats principaux pour b b assiettes pour b b unknown brand
2,"['gluten', 'soybeans']",AUG_00000987_1,Unknown Brand,"Aliments pour bébé, Plats principaux pour bébé, Assiettes pour bébé",1,,Unknown Product,Unknown Product Aliments Pour B B Plats Principaux Pour B B Assiettes Pour B B Unknown Brand
1,['Dairy'],AUG_external_csv_mango_lassi_48623b4e9c44_0,External CSV,External food ingredients dataset,1,"Mango, Sugar, Yogurt (milk, cultures), Cardamom",Mango Lassi,mango lassi external food ingredients dataset external csv mango sugar yogurt milk cultures cardamom
1,['Dairy'],AUG_external_csv_mango_lassi_48623b4e9c44_1,External CSV,External food ingredients dataset,1,"Mango, Sugar, Yogurt (milk, cultures), Cardamom",Mango Lassi,Mango Lassi External Food Ingredients Dataset External Csv Mango Sugar Yogurt Milk Cultures Cardamom
1,['Shellfish'],AUG_external_csv_garlic_shrimp_4bb57b1cbee9_0,External CSV,External food ingredients dataset,1,"Shrimp, Olive oil, Garlic",Garlic Shrimp,garlic shrimp external food ingredients dataset external csv shrimp olive oil garlic
1,['Shellfish'],AUG_external_csv_garlic_shrimp_4bb57b1cbee9_1,External CSV,External food ingredients dataset,1,"Shrimp, Olive oil, Garlic",Garlic Shrimp,Garlic Shrimp External Food Ingredients Dataset External Csv Shrimp Olive Oil Garlic
1,['Dairy'],AUG_external_csv_gulab_jamun_489728798e2e_0,External CSV,External food ingredients dataset,1,"Milk solids, Sugar, Ghee, Cardamom syrup",Gulab Jamun,gulab jamun external food ingredients dataset external csv milk solids sugar ghee cardamom syrup
1,['Dairy'],AUG_external_csv_gulab_jamun_489728798e2e_1,External CSV,External food ingredients dataset,1,"Milk solids, Sugar, Ghee, Cardamom syrup",Gulab Jamun,Gulab Jamun External Food Ingredients Dataset External Csv Milk Solids Sugar Ghee Cardamom Syrup
1,['Wheat'],AUG_external_csv_zucchini_bread_f50456b3a7c5_0,External CSV,External food ingredients dataset,1,"Zucchini, Sugar, Vegetable oil, Flour",Zucchini Bread,zucchini bread external food ingredients dataset external csv zucchini sugar vegetable oil flour
1,['Wheat'],AUG_external_csv_zucchini_bread_f50456b3a7c5_1,External CSV,External food ingredients dataset,1,"Zucchini, Sugar, Vegetable oil, Flour",Zucchini Bread,Zucchini Bread External Food Ingredients Dataset External Csv Zucchini Sugar Vegetable Oil Flour
3,"['gluten', 'milk', 'soybeans']",AUG_00001171_0,Herbalife,"Boissons,Produits laitiers,Conserves,Plats préparés,Boissons lactées,Laits aromatisés,Compléments alimentaires,Milkshakes",1,,Formula 1 healthy meal,formula 1 healthy meal boissons produits laitiers conserves plats pr par s boissons lact es laits aromatis s compl ments alimentaires milkshakes herbalife
3,"['gluten', 'milk', 'soybeans']",AUG_00001171_1,Herbalife,"Boissons,Produits laitiers,Conserves,Plats préparés,Boissons lactées,Laits aromatisés,Compléments alimentaires,Milkshakes",1,,Formula 1 healthy meal,Formula 1 Healthy Meal Boissons Produits Laitiers Conserves Plats Pr Par S Boissons Lact Es Laits Aromatis S Compl Ments Alimentaires Milkshakes Herbalife
0,[],AUG_SYNTHETIC_NEG_0001_0,Simple,Sweetener,0,,White Sugar Pure,sugar cane sucrose sweetener
0,[],AUG_SYNTHETIC_NEG_0001_1,Simple,Sweetener,0,,White Sugar Pure,Sugar Cane Sucrose Sweetener
0,[],AUG_SYNTHETIC_NEG_0041_0,Pure,Sweetener,0,,White Sugar Premium Quality,sucrose sweetener cane sugar
0,[],AUG_SYNTHETIC_NEG_0041_1,Pure,Sweetener,0,,White Sugar Premium Quality,Sucrose Sweetener Cane Sugar
1,['shellfish'],AUG_ENHANCED_SEAFOOD_53_0,Enhanced Training,Seafood Training Data,1,steamed clams,steamed clams,steamed clams
1,['shellfish'],AUG_ENHANCED_SEAFOOD_53_1,Enhanced Training,Seafood Training Data,1,steamed clams,steamed clams,Steamed Clams
0,[],AUG_SYNTHETIC_NEG_0017_0,Simple,Thickener,0,,Corn Starch Pure,pure starch corn
0,[],AUG_SYNTHETIC_NEG_0017_1,Simple,Thickener,0,,Corn Starch Pure,Pure Starch Corn
1,['Dairy'],AUG_external_csv_stuffed_portobello_mushrooms_f40ce556760e_0,External CSV,External food ingredients dataset,1,"Portobello mushrooms, Cheese, breadcrumbs",Stuffed Portobello Mushrooms,stuffed portobello mushrooms external food ingredients dataset external csv portobello mushrooms cheese breadcrumbs
1,['Dairy'],AUG_external_csv_stuffed_portobello_mushrooms_f40ce556760e_1,External CSV,External food ingredients dataset,1,"Portobello mushrooms, Cheese, breadcrumbs",Stuffed Portobello Mushrooms,Stuffed Portobello Mushrooms External Food Ingredients Dataset External Csv Portobello Mushrooms Cheese Breadcrumbs
0,[],AUG_external_csv_chicken_enchiladas_774e0b9b6943_0,External CSV,External food ingredients dataset,0,"Chicken, Vegetable oil, Enchilada sauce",Chicken Enchiladas,chicken enchiladas external food ingredients dataset external csv chicken vegetable oil enchilada sauce
0,[],AUG_external_csv_chicken_enchiladas_774e0b9b6943_1,External CSV,External food ingredients dataset,0,"Chicken, Vegetable oil, Enchilada sauce",Chicken Enchiladas,Chicken Enchiladas External Food Ingredients Dataset External Csv Chicken Vegetable Oil Enchilada Sauce
0,[],AUG_SYNTHETIC_NEG_0055_0,Natural,Baking,0,,Baking Soda Pure,sodium pure bicarbonate
0,[],AUG_SYNTHETIC_NEG_0055_1,Natural,Baking,0,,Baking Soda Pure,Sodium Pure Bicarbonate
0,[],AUG_ENHANCED_SEAFOOD_69_0,Enhanced Training,Seafood Training Data,0,kelp noodles,kelp noodles,kelp noodles
0,[],AUG_ENHANCED_SEAFOOD_69_1,Enhanced Training,Seafood Training Data,0,kelp noodles,kelp noodles,Kelp Noodles
0,[],AUG_external_csv_ratatouille_pizza_9e3df45d2a5e_0,External CSV,External food ingredients dataset,0,"Pizza dough, Olive oil, Ratatouille vegetables",Ratatouille Pizza,ratatouille pizza external food ingredients dataset external csv pizza dough olive oil ratatouille vegetables
0,[],AUG_external_csv_ratatouille_pizza_9e3df45d2a5e_1,External CSV,External food ingredients dataset,0,"Pizza dough, Olive oil, Ratatouille vegetables",Ratatouille Pizza,Ratatouille Pizza External Food Ingredients Dataset External Csv Pizza Dough Olive Oil Ratatouille Vegetables
0,[],AUG_SYNTHETIC_NEG_0143_0,Natural,Beverages,0,,Tonic Water Premium,water sugar quinine carbonated
0,[],AUG_SYNTHETIC_NEG_0143_1,Natural,Beverages,0,,Tonic Water Premium,Water Sugar Quinine Carbonated
1,['gluten'],AUG_00000636_0,Sigmature select,"Plant-based foods and beverages, Plant-based foods, Breakfasts, Cereals and potatoes, Cereals and their products, Breakfast cereals, Flakes, Cereal flakes, Rolled flakes, Blend of rolled cereal flakes, Frozen pizza",1,,Ultra thin crust chicken bacon ranch pizza,ultra thin crust chicken bacon ranch pizza plant based foods and beverages plant based foods breakfasts cereals and potatoes cereals and their products breakfast cereals flakes cereal flakes rolled flakes blend of rolled cereal flakes frozen pizza sigmature select
1,['gluten'],AUG_00000636_1,Sigmature select,"Plant-based foods and beverages, Plant-based foods, Breakfasts, Cereals and potatoes, Cereals and their products, Breakfast cereals, Flakes, Cereal flakes, Rolled flakes, Blend of rolled cereal flakes, Frozen pizza",1,,Ultra thin crust chicken bacon ranch pizza,Ultra Thin Crust Chicken Bacon Ranch Pizza Plant Based Foods And Beverages Plant Based Foods Breakfasts Cereals And Potatoes Cereals And Their Products Breakfast Cereals Flakes Cereal Flakes Rolled Flakes Blend Of Rolled Cereal Flakes Frozen Pizza Sigmature Select
1,['Soybeans'],AUG_external_csv_tofu_stir_fry_e0f8d8c6b7d7_0,External CSV,External food ingredients dataset,1,"Tofu, Vegetable oil, Soy sauce",Tofu Stir-Fry,tofu stir fry external food ingredients dataset external csv tofu vegetable oil soy sauce
1,['Soybeans'],AUG_external_csv_tofu_stir_fry_e0f8d8c6b7d7_1,External CSV,External food ingredients dataset,1,"Tofu, Vegetable oil, Soy sauce",Tofu Stir-Fry,Tofu Stir Fry External Food Ingredients Dataset External Csv Tofu Vegetable Oil Soy Sauce
1,['Dairy'],AUG_external_csv_mashed_potatoes_7ee84c217eab_0,External CSV,External food ingredients dataset,1,"Potatoes, Butter, Salt, Pepper",Mashed Potatoes,mashed potatoes external food ingredients dataset external csv potatoes butter salt pepper
1,['Dairy'],AUG_external_csv_mashed_potatoes_7ee84c217eab_1,External CSV,External food ingredients dataset,1,"Potatoes, Butter, Salt, Pepper",Mashed Potatoes,Mashed Potatoes External Food Ingredients Dataset External Csv Potatoes Butter Salt Pepper
2,"['Wheat', 'Dairy']",AUG_external_csv_lemon_bars_a909c325dd82_0,External CSV,External food ingredients dataset,1,"Flour, Sugar, Butter, Lemon juice",Lemon Bars,lemon bars external food ingredients dataset external csv flour sugar butter lemon juice
2,"['Wheat', 'Dairy']",AUG_external_csv_lemon_bars_a909c325dd82_1,External CSV,External food ingredients dataset,1,"Flour, Sugar, Butter, Lemon juice",Lemon Bars,Lemon Bars External Food Ingredients Dataset External Csv Flour Sugar Butter Lemon Juice
2,"['Wheat', 'Dairy']",AUG_external_csv_chicken_alfredo_pizza_103aa80998f4_0,External CSV,External food ingredients dataset,1,"Pizza dough, Chicken, Alfredo sauce",Chicken Alfredo Pizza,chicken alfredo pizza external food ingredients dataset external csv pizza dough chicken alfredo sauce
2,"['Wheat', 'Dairy']",AUG_external_csv_chicken_alfredo_pizza_103aa80998f4_1,External CSV,External food ingredients dataset,1,"Pizza dough, Chicken, Alfredo sauce",Chicken Alfredo Pizza,Chicken Alfredo Pizza External Food Ingredients Dataset External Csv Pizza Dough Chicken Alfredo Sauce
1,['milk'],AUG_0000290153097_0,Bofrost,Pasti,1,,Risto piatti fusilli alla Sorrentina senza glutine,risto piatti fusilli alla sorrentina senza glutine pasti bofrost
1,['milk'],AUG_0000290153097_1,Bofrost,Pasti,1,,Risto piatti fusilli alla Sorrentina senza glutine,Risto Piatti Fusilli Alla Sorrentina Senza Glutine Pasti Bofrost
2,"['Wheat', 'Dairy']",AUG_external_csv_chicken_parmesan_c17990f09b87_0,External CSV,External food ingredients dataset,1,"Chicken, Olive oil, Tomato sauce, cheese",Chicken Parmesan,chicken parmesan external food ingredients dataset external csv chicken olive oil tomato sauce cheese
2,"['Wheat', 'Dairy']",AUG_external_csv_chicken_parmesan_c17990f09b87_1,External CSV,External food ingredients dataset,1,"Chicken, Olive oil, Tomato sauce, cheese",Chicken Parmesan,Chicken Parmesan External Food Ingredients Dataset External Csv Chicken Olive Oil Tomato Sauce Cheese
2,"['Wheat', 'Dairy']",AUG_external_csv_caesar_pasta_salad_5d92bc166581_0,External CSV,External food ingredients dataset,1,"Pasta, Caesar dressing, Romaine lettuce, Parmesan cheese",Caesar Pasta Salad,caesar pasta salad external food ingredients dataset external csv pasta caesar dressing romaine lettuce parmesan cheese
2,"['Wheat', 'Dairy']",AUG_external_csv_caesar_pasta_salad_5d92bc166581_1,External CSV,External food ingredients dataset,1,"Pasta, Caesar dressing, Romaine lettuce, Parmesan cheese",Caesar Pasta Salad,Caesar Pasta Salad External Food Ingredients Dataset External Csv Pasta Caesar Dressing Romaine Lettuce Parmesan Cheese
0,[],AUG_SYNTHETIC_NEG_0112_0,Simple,Sweetener,0,,Agave Nectar Pure,syrup agave blue
0,[],AUG_SYNTHETIC_NEG_0112_1,Simple,Sweetener,0,,Agave Nectar Pure,Syrup Agave Blue
0,[],AUG_external_csv_raspberry_spinach_salad_8da0d247cafa_0,External CSV,External food ingredients dataset,0,"Spinach, Raspberries, vinaigrette",Raspberry Spinach Salad,raspberry spinach salad external food ingredients dataset external csv spinach raspberries vinaigrette
0,[],AUG_external_csv_raspberry_spinach_salad_8da0d247cafa_1,External CSV,External food ingredients dataset,0,"Spinach, Raspberries, vinaigrette",Raspberry Spinach Salad,Raspberry Spinach Salad External Food Ingredients Dataset External Csv Spinach Raspberries Vinaigrette
1,['Dairy'],AUG_external_csv_strawberry_smoothie_d4b9283c44d4_0,External CSV,External food ingredients dataset,1,"Strawberries, Honey, Yogurt (milk, cultures)",Strawberry Smoothie,strawberry smoothie external food ingredients dataset external csv strawberries honey yogurt milk cultures
1,['Dairy'],AUG_external_csv_strawberry_smoothie_d4b9283c44d4_1,External CSV,External food ingredients dataset,1,"Strawberries, Honey, Yogurt (milk, cultures)",Strawberry Smoothie,Strawberry Smoothie External Food Ingredients Dataset External Csv Strawberries Honey Yogurt Milk Cultures
0,[],AUG_SYNTHETIC_NEG_0060_0,Simple,Beverages,0,,Spring Water Pure,water spring natural
0,[],AUG_SYNTHETIC_NEG_0060_1,Simple,Beverages,0,,Spring Water Pure,Water Spring Natural
1,['Dairy'],AUG_external_csv_stuffed_mushrooms_292838239702_0,External CSV,External food ingredients dataset,1,"Mushrooms, Cheese, breadcrumbs",Stuffed Mushrooms,stuffed mushrooms external food ingredients dataset external csv mushrooms cheese breadcrumbs
1,['Dairy'],AUG_external_csv_stuffed_mushrooms_292838239702_1,External CSV,External food ingredients dataset,1,"Mushrooms, Cheese, breadcrumbs",Stuffed Mushrooms,Stuffed Mushrooms External Food Ingredients Dataset External Csv Mushrooms Cheese Breadcrumbs
1,['milk'],AUG_0000111301263_0,Canola Harvest,Fats,1,,"Canola harvest, buttery spread, with flaxseed oil",canola harvest buttery spread with flaxseed oil fats canola harvest
1,['milk'],AUG_0000111301263_1,Canola Harvest,Fats,1,,"Canola harvest, buttery spread, with flaxseed oil",Canola Harvest Buttery Spread With Flaxseed Oil Fats Canola Harvest
0,[],AUG_external_csv_apple_cider_ca55fdbfaef4_0,External CSV,External food ingredients dataset,0,"Apples, Sugar, Cinnamon",Apple Cider,apple cider external food ingredients dataset external csv apples sugar cinnamon
0,[],AUG_external_csv_apple_cider_ca55fdbfaef4_1,External CSV,External food ingredients dataset,0,"Apples, Sugar, Cinnamon",Apple Cider,Apple Cider External Food Ingredients Dataset External Csv Apples Sugar Cinnamon
0,[],AUG_external_csv_lemon_pepper_chicken_aabc1a1033cb_0,External CSV,External food ingredients dataset,0,"Chicken, Olive oil, Lemon pepper seasoning",Lemon Pepper Chicken,lemon pepper chicken external food ingredients dataset external csv chicken olive oil lemon pepper seasoning
0,[],AUG_external_csv_lemon_pepper_chicken_aabc1a1033cb_1,External CSV,External food ingredients dataset,0,"Chicken, Olive oil, Lemon pepper seasoning",Lemon Pepper Chicken,Lemon Pepper Chicken External Food Ingredients Dataset External Csv Chicken Olive Oil Lemon Pepper Seasoning
2,"['Shellfish', 'Dairy']",AUG_external_csv_shrimp_scampi_981841ca2668_0,External CSV,External food ingredients dataset,1,"Shrimp, Butter, Garlic, lemon",Shrimp Scampi,shrimp scampi external food ingredients dataset external csv shrimp butter garlic lemon
2,"['Shellfish', 'Dairy']",AUG_external_csv_shrimp_scampi_981841ca2668_1,External CSV,External food ingredients dataset,1,"Shrimp, Butter, Garlic, lemon",Shrimp Scampi,Shrimp Scampi External Food Ingredients Dataset External Csv Shrimp Butter Garlic Lemon
0,[],AUG_external_csv_spaghetti_bolognese_8c41ed0e5aa1_0,External CSV,External food ingredients dataset,1,"Ground beef, Sugar, Olive oil, Tomato sauce",Spaghetti Bolognese,spaghetti bolognese external food ingredients dataset external csv ground beef sugar olive oil tomato sauce
0,[],AUG_external_csv_spaghetti_bolognese_8c41ed0e5aa1_1,External CSV,External food ingredients dataset,1,"Ground beef, Sugar, Olive oil, Tomato sauce",Spaghetti Bolognese,Spaghetti Bolognese External Food Ingredients Dataset External Csv Ground Beef Sugar Olive Oil Tomato Sauce
0,[],AUG_external_csv_pesto_chicken_3508598cc15e_0,External CSV,External food ingredients dataset,0,"Chicken, Pesto sauce",Pesto Chicken,pesto chicken external food ingredients dataset external csv chicken pesto sauce
0,[],AUG_external_csv_pesto_chicken_3508598cc15e_1,External CSV,External food ingredients dataset,0,"Chicken, Pesto sauce",Pesto Chicken,Pesto Chicken External Food Ingredients Dataset External Csv Chicken Pesto Sauce
1,['Milk'],AUG_external_csv_vanilla_yogurt_bcb45a2f4e00_0,External CSV,External food ingredients dataset,1,"Yogurt (milk, cultures), Sugar, Vanilla extract",Vanilla Yogurt,vanilla yogurt external food ingredients dataset external csv yogurt milk cultures sugar vanilla extract
1,['Milk'],AUG_external_csv_vanilla_yogurt_bcb45a2f4e00_1,External CSV,External food ingredients dataset,1,"Yogurt (milk, cultures), Sugar, Vanilla extract",Vanilla Yogurt,Vanilla Yogurt External Food Ingredients Dataset External Csv Yogurt Milk Cultures Sugar Vanilla Extract
3,"['Wheat', 'Dairy', 'Nuts']",AUG_external_csv_banana_bread_ea5652b83b79_0,External CSV,External food ingredients dataset,1,"Bananas, Sugar, Butter, Cinnamon, nuts",Banana Bread,banana bread external food ingredients dataset external csv bananas sugar butter cinnamon nuts
3,"['Wheat', 'Dairy', 'Nuts']",AUG_external_csv_banana_bread_ea5652b83b79_1,External CSV,External food ingredients dataset,1,"Bananas, Sugar, Butter, Cinnamon, nuts",Banana Bread,Banana Bread External Food Ingredients Dataset External Csv Bananas Sugar Butter Cinnamon Nuts
0,[],AUG_SYNTHETIC_NEG_0198_0,Natural,Condiment,0,,Lime Juice Organic,juice lime pure
0,[],AUG_SYNTHETIC_NEG_0198_1,Natural,Condiment,0,,Lime Juice Organic,Juice Lime Pure
1,['shellfish'],AUG_ENHANCED_SEAFOOD_57_0,Enhanced Training,Seafood Training Data,1,crawfish etouffee,crawfish etouffee,crawfish etouffee
1,['shellfish'],AUG_ENHANCED_SEAFOOD_57_1,Enhanced Training,Seafood Training Data,1,crawfish etouffee,crawfish etouffee,Crawfish Etouffee
0,[],AUG_ENHANCED_SEAFOOD_70_0,Enhanced Training,Seafood Training Data,0,vegetable sushi (no fish),vegetable sushi (no fish),vegetable sushi (no fish)
0,[],AUG_ENHANCED_SEAFOOD_70_1,Enhanced Training,Seafood Training Data,0,vegetable sushi (no fish),vegetable sushi (no fish),Vegetable Sushi (No Fish)
0,[],AUG_SYNTHETIC_NEG_0089_0,Pure,Oils,0,,Coconut Oil Pure,coconut oil virgin
0,[],AUG_SYNTHETIC_NEG_0089_1,Pure,Oils,0,,Coconut Oil Pure,Coconut Oil Virgin
2,"['milk', 'soybeans']",AUG_00002600_0,Herbalife,"Dietary supplements,Bodybuilding supplements,Protein powders,Protein shakes",1,,Protein Drink Mix,protein drink mix dietary supplements bodybuilding supplements protein powders protein shakes herbalife
2,"['milk', 'soybeans']",AUG_00002600_1,Herbalife,"Dietary supplements,Bodybuilding supplements,Protein powders,Protein shakes",1,,Protein Drink Mix,Protein Drink Mix Dietary Supplements Bodybuilding Supplements Protein Powders Protein Shakes Herbalife
2,"['shellfish', 'fish']",AUG_ENHANCED_SEAFOOD_63_0,Enhanced Training,Seafood Training Data,1,seafood gumbo,seafood gumbo,seafood gumbo
2,"['shellfish', 'fish']",AUG_ENHANCED_SEAFOOD_63_1,Enhanced Training,Seafood Training Data,1,seafood gumbo,seafood gumbo,Seafood Gumbo
0,[],AUG_external_csv_zucchini_noodles_ac1669ebbd42_0,External CSV,External food ingredients dataset,0,"Zucchini, Olive oil, Garlic, herbs",Zucchini Noodles,zucchini noodles external food ingredients dataset external csv zucchini olive oil garlic herbs
0,[],AUG_external_csv_zucchini_noodles_ac1669ebbd42_1,External CSV,External food ingredients dataset,0,"Zucchini, Olive oil, Garlic, herbs",Zucchini Noodles,Zucchini Noodles External Food Ingredients Dataset External Csv Zucchini Olive Oil Garlic Herbs
0,[],AUG_SYNTHETIC_NEG_0130_0,Essential,Oils,0,,Canola Oil,vegetable canola oil
0,[],AUG_SYNTHETIC_NEG_0130_1,Essential,Oils,0,,Canola Oil,Vegetable Canola Oil
0,[],AUG_SYNTHETIC_NEG_0120_0,Essential,Seasoning,0,,Pure Sea Salt Pure,sea sodium chloride salt
0,[],AUG_SYNTHETIC_NEG_0120_1,Essential,Seasoning,0,,Pure Sea Salt Pure,Sea Sodium Chloride Salt
0,[],AUG_external_csv_veggie_omelette_3c100eb695ba_0,External CSV,External food ingredients dataset,0,"Mixed vegetables, Olive oil, Salt, pepper",Veggie Omelette,veggie omelette external food ingredients dataset external csv mixed vegetables olive oil salt pepper
0,[],AUG_external_csv_veggie_omelette_3c100eb695ba_1,External CSV,External food ingredients dataset,0,"Mixed vegetables, Olive oil, Salt, pepper",Veggie Omelette,Veggie Omelette External Food Ingredients Dataset External Csv Mixed Vegetables Olive Oil Salt Pepper
0,[],AUG_external_csv_tomato_bruschetta_64c3371b6140_0,External CSV,External food ingredients dataset,0,"Tomatoes, Olive oil, Garlic, basil",Tomato Bruschetta,tomato bruschetta external food ingredients dataset external csv tomatoes olive oil garlic basil
0,[],AUG_external_csv_tomato_bruschetta_64c3371b6140_1,External CSV,External food ingredients dataset,0,"Tomatoes, Olive oil, Garlic, basil",Tomato Bruschetta,Tomato Bruschetta External Food Ingredients Dataset External Csv Tomatoes Olive Oil Garlic Basil
2,"['Wheat', 'Dairy']",AUG_external_csv_cinnamon_rolls_5801beb1f591_0,External CSV,External food ingredients dataset,1,"Flour, Sugar, Butter, Cinnamon",Cinnamon Rolls,cinnamon rolls external food ingredients dataset external csv flour sugar butter cinnamon
2,"['Wheat', 'Dairy']",AUG_external_csv_cinnamon_rolls_5801beb1f591_1,External CSV,External food ingredients dataset,1,"Flour, Sugar, Butter, Cinnamon",Cinnamon Rolls,Cinnamon Rolls External Food Ingredients Dataset External Csv Flour Sugar Butter Cinnamon
3,"['Wheat', 'Dairy', 'Eggs']",AUG_external_csv_lemon_bars_64fce0033feb_0,External CSV,External food ingredients dataset,1,"Lemon juice, Sugar, Butter, Flour, eggs",Lemon Bars,lemon bars external food ingredients dataset external csv lemon juice sugar butter flour eggs
3,"['Wheat', 'Dairy', 'Eggs']",AUG_external_csv_lemon_bars_64fce0033feb_1,External CSV,External food ingredients dataset,1,"Lemon juice, Sugar, Butter, Flour, eggs",Lemon Bars,Lemon Bars External Food Ingredients Dataset External Csv Lemon Juice Sugar Butter Flour Eggs
0,[],AUG_external_csv_lemon_garlic_chicken_b15b8ba6176d_0,External CSV,External food ingredients dataset,0,"Chicken, Olive oil, Lemon juice, garlic",Lemon Garlic Chicken,lemon garlic chicken external food ingredients dataset external csv chicken olive oil lemon juice garlic
0,[],AUG_external_csv_lemon_garlic_chicken_b15b8ba6176d_1,External CSV,External food ingredients dataset,0,"Chicken, Olive oil, Lemon juice, garlic",Lemon Garlic Chicken,Lemon Garlic Chicken External Food Ingredients Dataset External Csv Chicken Olive Oil Lemon Juice Garlic
0,[],AUG_SYNTHETIC_NEG_0137_0,Pure,Thickener,0,,Corn Starch Organic,pure corn starch
0,[],AUG_SYNTHETIC_NEG_0137_1,Pure,Thickener,0,,Corn Starch Organic,Pure Corn Starch
2,"['Wheat', 'Dairy']",AUG_external_csv_banana_bread_df768338a057_0,External CSV,External food ingredients dataset,1,"Bananas, Sugar, Butter, Flour",Banana Bread,banana bread external food ingredients dataset external csv bananas sugar butter flour
2,"['Wheat', 'Dairy']",AUG_external_csv_banana_bread_df768338a057_1,External CSV,External food ingredients dataset,1,"Bananas, Sugar, Butter, Flour",Banana Bread,Banana Bread External Food Ingredients Dataset External Csv Bananas Sugar Butter Flour
0,[],AUG_external_csv_lentil_salad_398873a56d39_0,External CSV,External food ingredients dataset,0,"Lentils, Olive oil, Lemon juice, vegetables",Lentil Salad,lentil salad external food ingredients dataset external csv lentils olive oil lemon juice vegetables
0,[],AUG_external_csv_lentil_salad_398873a56d39_1,External CSV,External food ingredients dataset,0,"Lentils, Olive oil, Lemon juice, vegetables",Lentil Salad,Lentil Salad External Food Ingredients Dataset External Csv Lentils Olive Oil Lemon Juice Vegetables
0,[],AUG_SYNTHETIC_NEG_0102_0,Basic,Beverages,0,,Club Soda Natural,water sodium carbonated bicarbonate
0,[],AUG_SYNTHETIC_NEG_0102_1,Basic,Beverages,0,,Club Soda Natural,Water Sodium Carbonated Bicarbonate
0,[],AUG_SYNTHETIC_NEG_0170_0,Essential,Oils,0,,Canola Oil,oil canola vegetable
0,[],AUG_SYNTHETIC_NEG_0170_1,Essential,Oils,0,,Canola Oil,Oil Canola Vegetable
0,[],AUG_external_csv_fruit_salad_6a130e8dc050_0,External CSV,External food ingredients dataset,0,"Mixed fruits, Sugar, Lemon juice",Fruit Salad,fruit salad external food ingredients dataset external csv mixed fruits sugar lemon juice
0,[],AUG_external_csv_fruit_salad_6a130e8dc050_1,External CSV,External food ingredients dataset,0,"Mixed fruits, Sugar, Lemon juice",Fruit Salad,Fruit Salad External Food Ingredients Dataset External Csv Mixed Fruits Sugar Lemon Juice
1,['Dairy'],AUG_external_csv_banana_pudding_186038dc65d7_0,External CSV,External food ingredients dataset,1,"Bananas, Sugar, Milk, Vanilla pudding mix, cookies",Banana Pudding,banana pudding external food ingredients dataset external csv bananas sugar milk vanilla pudding mix cookies
1,['Dairy'],AUG_external_csv_banana_pudding_186038dc65d7_1,External CSV,External food ingredients dataset,1,"Bananas, Sugar, Milk, Vanilla pudding mix, cookies",Banana Pudding,Banana Pudding External Food Ingredients Dataset External Csv Bananas Sugar Milk Vanilla Pudding Mix Cookies
0,[],AUG_external_csv_mango_coconut_popsicles_cea2a1600237_0,External CSV,External food ingredients dataset,0,"Mango, Sugar, Coconut milk",Mango Coconut Popsicles,mango coconut popsicles external food ingredients dataset external csv mango sugar coconut milk
0,[],AUG_external_csv_mango_coconut_popsicles_cea2a1600237_1,External CSV,External food ingredients dataset,0,"Mango, Sugar, Coconut milk",Mango Coconut Popsicles,Mango Coconut Popsicles External Food Ingredients Dataset External Csv Mango Sugar Coconut Milk
2,"['Wheat', 'Dairy']",AUG_external_csv_sausage_and_pepper_pizza_ad5b9d046a27_0,External CSV,External food ingredients dataset,1,"Pizza dough, Sausage, bell peppers",Sausage and Pepper Pizza,sausage and pepper pizza external food ingredients dataset external csv pizza dough sausage bell peppers
2,"['Wheat', 'Dairy']",AUG_external_csv_sausage_and_pepper_pizza_ad5b9d046a27_1,External CSV,External food ingredients dataset,1,"Pizza dough, Sausage, bell peppers",Sausage and Pepper Pizza,Sausage And Pepper Pizza External Food Ingredients Dataset External Csv Pizza Dough Sausage Bell Peppers
0,[],AUG_SYNTHETIC_NEG_0008_0,Basic,Oils,0,,Extra Virgin Olive Oil Premium,pressed cold oil olive
0,[],AUG_SYNTHETIC_NEG_0008_1,Basic,Oils,0,,Extra Virgin Olive Oil Premium,Pressed Cold Oil Olive
2,"['shellfish', 'fish']",AUG_ENHANCED_SEAFOOD_62_0,Enhanced Training,Seafood Training Data,1,seafood platter,seafood platter,seafood platter
2,"['shellfish', 'fish']",AUG_ENHANCED_SEAFOOD_62_1,Enhanced Training,Seafood Training Data,1,seafood platter,seafood platter,Seafood Platter
0,[],AUG_SYNTHETIC_NEG_0182_0,Generic,Beverages,0,,Club Soda,carbonated sodium bicarbonate water
0,[],AUG_SYNTHETIC_NEG_0182_1,Generic,Beverages,0,,Club Soda,Carbonated Sodium Bicarbonate Water
6,"['eggs', 'gluten', 'milk', 'nuts', 'soybeans', 'Arroz']",AUG_0000182602460_0,Isagenix,"Botanas, Snacks dulces, Barritas, Barritas de cereales",1,,Isabar,isabar botanas snacks dulces barritas barritas de cereales isagenix
6,"['eggs', 'gluten', 'milk', 'nuts', 'soybeans', 'Arroz']",AUG_0000182602460_1,Isagenix,"Botanas, Snacks dulces, Barritas, Barritas de cereales",1,,Isabar,Isabar Botanas Snacks Dulces Barritas Barritas De Cereales Isagenix
0,[],AUG_external_csv_vegetable_soup_8f76f7e128b9_0,External CSV,External food ingredients dataset,0,"Mixed vegetables, Olive oil, Seasonings",Vegetable Soup,vegetable soup external food ingredients dataset external csv mixed vegetables olive oil seasonings
0,[],AUG_external_csv_vegetable_soup_8f76f7e128b9_1,External CSV,External food ingredients dataset,0,"Mixed vegetables, Olive oil, Seasonings",Vegetable Soup,Vegetable Soup External Food Ingredients Dataset External Csv Mixed Vegetables Olive Oil Seasonings
0,[],AUG_SYNTHETIC_NEG_0140_0,Simple,Beverages,0,,Spring Water Premium Quality,water natural spring
0,[],AUG_SYNTHETIC_NEG_0140_1,Simple,Beverages,0,,Spring Water Premium Quality,Water Natural Spring
2,"['Wheat', 'Dairy']",AUG_external_csv_blueberry_muffins_b24e19ee9ab2_0,External CSV,External food ingredients dataset,1,"Flour, Sugar, Butter, Blueberries",Blueberry Muffins,blueberry muffins external food ingredients dataset external csv flour sugar butter blueberries
2,"['Wheat', 'Dairy']",AUG_external_csv_blueberry_muffins_b24e19ee9ab2_1,External CSV,External food ingredients dataset,1,"Flour, Sugar, Butter, Blueberries",Blueberry Muffins,Blueberry Muffins External Food Ingredients Dataset External Csv Flour Sugar Butter Blueberries
0,[],AUG_SYNTHETIC_NEG_0153_0,Pure,Sweetener,0,,Coconut Sugar Organic,palm coconut sugar
0,[],AUG_SYNTHETIC_NEG_0153_1,Pure,Sweetener,0,,Coconut Sugar Organic,Palm Coconut Sugar
1,['Dairy'],AUG_external_csv_greek_salad_1130a6705c59_0,External CSV,External food ingredients dataset,1,"Cucumbers, Olive oil, Feta cheese, olives",Greek Salad,greek salad external food ingredients dataset external csv cucumbers olive oil feta cheese olives
1,['Dairy'],AUG_external_csv_greek_salad_1130a6705c59_1,External CSV,External food ingredients dataset,1,"Cucumbers, Olive oil, Feta cheese, olives",Greek Salad,Greek Salad External Food Ingredients Dataset External Csv Cucumbers Olive Oil Feta Cheese Olives
0,[],AUG_SYNTHETIC_NEG_0015_0,Essential,Baking,0,,Baking Soda Natural,sodium bicarbonate pure
0,[],AUG_SYNTHETIC_NEG_0015_1,Essential,Baking,0,,Baking Soda Natural,Sodium Bicarbonate Pure
0,[],AUG_SYNTHETIC_NEG_0080_0,Generic,Seasoning,0,,Pure Sea Salt Organic,sea salt sodium chloride
0,[],AUG_SYNTHETIC_NEG_0080_1,Generic,Seasoning,0,,Pure Sea Salt Organic,Sea Salt Sodium Chloride
1,['Dairy'],AUG_external_csv_greek_yogurt_parfait_056046d8f284_0,External CSV,External food ingredients dataset,1,"Greek yogurt, Honey, Granola, mixed berries",Greek Yogurt Parfait,greek yogurt parfait external food ingredients dataset external csv greek yogurt honey granola mixed berries
1,['Dairy'],AUG_external_csv_greek_yogurt_parfait_056046d8f284_1,External CSV,External food ingredients dataset,1,"Greek yogurt, Honey, Granola, mixed berries",Greek Yogurt Parfait,Greek Yogurt Parfait External Food Ingredients Dataset External Csv Greek Yogurt Honey Granola Mixed Berries
0,[],AUG_SYNTHETIC_NEG_0082_0,Generic,Sweetener,0,,Brown Sugar Pure,brown sugar cane sugar molasses
0,[],AUG_SYNTHETIC_NEG_0082_1,Generic,Sweetener,0,,Brown Sugar Pure,Brown Sugar Cane Sugar Molasses
2,"['Dairy', 'Nuts']",AUG_external_csv_sweet_potato_casserole_eb714bd12350_0,External CSV,External food ingredients dataset,1,"Sweet potatoes, Brown sugar, Butter, Cinnamon, nutmeg",Sweet Potato Casserole,sweet potato casserole external food ingredients dataset external csv sweet potatoes brown sugar butter cinnamon nutmeg
2,"['Dairy', 'Nuts']",AUG_external_csv_sweet_potato_casserole_eb714bd12350_1,External CSV,External food ingredients dataset,1,"Sweet potatoes, Brown sugar, Butter, Cinnamon, nutmeg",Sweet Potato Casserole,Sweet Potato Casserole External Food Ingredients Dataset External Csv Sweet Potatoes Brown Sugar Butter Cinnamon Nutmeg
0,[],AUG_SYNTHETIC_NEG_0096_0,Generic,Baking,0,,Baking Powder Organic,bicarbonate corn sodium phosphate monocalcium starch
0,[],AUG_SYNTHETIC_NEG_0096_1,Generic,Baking,0,,Baking Powder Organic,Bicarbonate Corn Sodium Phosphate Monocalcium Starch
1,['Dairy'],AUG_external_csv_caramel_popcorn_f1a3f2bb93bb_0,External CSV,External food ingredients dataset,1,"Popcorn, Sugar, Butter, Salt",Caramel Popcorn,caramel popcorn external food ingredients dataset external csv popcorn sugar butter salt
1,['Dairy'],AUG_external_csv_caramel_popcorn_f1a3f2bb93bb_1,External CSV,External food ingredients dataset,1,"Popcorn, Sugar, Butter, Salt",Caramel Popcorn,Caramel Popcorn External Food Ingredients Dataset External Csv Popcorn Sugar Butter Salt
0,[],AUG_SYNTHETIC_NEG_0036_0,Simple,Flavoring,0,,Vanilla Extract Premium Quality,alcohol bean water extract vanilla
0,[],AUG_SYNTHETIC_NEG_0036_1,Simple,Flavoring,0,,Vanilla Extract Premium Quality,Alcohol Bean Water Extract Vanilla
0,[],AUG_ENHANCED_SEAFOOD_75_0,Enhanced Training,Seafood Training Data,0,"coconut shrimp (contains no shrimp, coconut flavor)","coconut shrimp (contains no shrimp, coconut flavor)","coconut shrimp (contains no shrimp, coconut flavor)"
0,[],AUG_ENHANCED_SEAFOOD_75_1,Enhanced Training,Seafood Training Data,0,"coconut shrimp (contains no shrimp, coconut flavor)","coconut shrimp (contains no shrimp, coconut flavor)","Coconut Shrimp (Contains No Shrimp, Coconut Flavor)"
0,[],AUG_SYNTHETIC_NEG_0110_0,Pure,Sweetener,0,,Pure Honey Organic,honey wildflower raw
0,[],AUG_SYNTHETIC_NEG_0110_1,Pure,Sweetener,0,,Pure Honey Organic,Honey Wildflower Raw
0,[],AUG_external_csv_mango_salsa_adf3b4f27036_0,External CSV,External food ingredients dataset,0,"Mango, Lime juice, cilantro",Mango Salsa,mango salsa external food ingredients dataset external csv mango lime juice cilantro
0,[],AUG_external_csv_mango_salsa_adf3b4f27036_1,External CSV,External food ingredients dataset,0,"Mango, Lime juice, cilantro",Mango Salsa,Mango Salsa External Food Ingredients Dataset External Csv Mango Lime Juice Cilantro
1,['nuts'],AUG_0000200000005_0,Kazidomi,"Aliments et boissons à base de végétaux, Aliments d'origine végétale, Produits à tartiner, Fruits à coques et dérivés, Pâtes à tartiner végétales, Fruits à coques, Purées d'oléagineux, Beurres de fruits à coques, Purées de noix de cajou, Noix de cajou, Pâte de noix",1,,Purée de Noix de Cajou grillées Bio,pur e de noix de cajou grill es bio aliments et boissons base de v g taux aliments d origine v g tale produits tartiner fruits coques et d riv s p tes tartiner v g tales fruits coques pur es d ol agineux beurres de fruits coques pur es de noix de cajou noix de cajou p te de noix kazidomi
1,['nuts'],AUG_0000200000005_1,Kazidomi,"Aliments et boissons à base de végétaux, Aliments d'origine végétale, Produits à tartiner, Fruits à coques et dérivés, Pâtes à tartiner végétales, Fruits à coques, Purées d'oléagineux, Beurres de fruits à coques, Purées de noix de cajou, Noix de cajou, Pâte de noix",1,,Purée de Noix de Cajou grillées Bio,Pur E De Noix De Cajou Grill Es Bio Aliments Et Boissons Base De V G Taux Aliments D Origine V G Tale Produits Tartiner Fruits Coques Et D Riv S P Tes Tartiner V G Tales Fruits Coques Pur Es D Ol Agineux Beurres De Fruits Coques Pur Es De Noix De Cajou Noix De Cajou P Te De Noix Kazidomi
1,['Shellfish'],AUG_external_csv_shrimp_scampi_pasta_a9f347d61e33_0,External CSV,External food ingredients dataset,1,"Shrimp, Butter, Garlic, lemon",Shrimp Scampi Pasta,shrimp scampi pasta external food ingredients dataset external csv shrimp butter garlic lemon
1,['Shellfish'],AUG_external_csv_shrimp_scampi_pasta_a9f347d61e33_1,External CSV,External food ingredients dataset,1,"Shrimp, Butter, Garlic, lemon",Shrimp Scampi Pasta,Shrimp Scampi Pasta External Food Ingredients Dataset External Csv Shrimp Butter Garlic Lemon
1,['Dairy'],AUG_external_csv_butternut_squash_soup_6a95c6c033ea_0,External CSV,External food ingredients dataset,1,"Butternut squash, Butter, Nutmeg, cream",Butternut Squash Soup,butternut squash soup external food ingredients dataset external csv butternut squash butter nutmeg cream
1,['Dairy'],AUG_external_csv_butternut_squash_soup_6a95c6c033ea_1,External CSV,External food ingredients dataset,1,"Butternut squash, Butter, Nutmeg, cream",Butternut Squash Soup,Butternut Squash Soup External Food Ingredients Dataset External Csv Butternut Squash Butter Nutmeg Cream
0,[],AUG_external_csv_beef_and_broccoli_4046f8152eb6_0,External CSV,External food ingredients dataset,0,"Beef, Vegetable oil, Soy sauce",Beef and Broccoli,beef and broccoli external food ingredients dataset external csv beef vegetable oil soy sauce
0,[],AUG_external_csv_beef_and_broccoli_4046f8152eb6_1,External CSV,External food ingredients dataset,0,"Beef, Vegetable oil, Soy sauce",Beef and Broccoli,Beef And Broccoli External Food Ingredients Dataset External Csv Beef Vegetable Oil Soy Sauce
0,[],AUG_ENHANCED_SEAFOOD_71_0,Enhanced Training,Seafood Training Data,0,"tofu (soy, not seafood)","tofu (soy, not seafood)","tofu (soy, not seafood)"
0,[],AUG_ENHANCED_SEAFOOD_71_1,Enhanced Training,Seafood Training Data,0,"tofu (soy, not seafood)","tofu (soy, not seafood)","Tofu (Soy, Not Seafood)"
1,['Fish'],AUG_external_csv_baked_salmon_e6842ca02c5d_0,External CSV,External food ingredients dataset,1,"Salmon, Olive oil, Lemon, herbs",Baked Salmon,baked salmon external food ingredients dataset external csv salmon olive oil lemon herbs
1,['Fish'],AUG_external_csv_baked_salmon_e6842ca02c5d_1,External CSV,External food ingredients dataset,1,"Salmon, Olive oil, Lemon, herbs",Baked Salmon,Baked Salmon External Food Ingredients Dataset External Csv Salmon Olive Oil Lemon Herbs
2,"['Wheat', 'Dairy']",AUG_external_csv_chicken_enchiladas_fa7b776ae698_0,External CSV,External food ingredients dataset,1,"Chicken, Enchilada sauce, Cheese, tortillas",Chicken Enchiladas,chicken enchiladas external food ingredients dataset external csv chicken enchilada sauce cheese tortillas
2,"['Wheat', 'Dairy']",AUG_external_csv_chicken_enchiladas_fa7b776ae698_1,External CSV,External food ingredients dataset,1,"Chicken, Enchilada sauce, Cheese, tortillas",Chicken Enchiladas,Chicken Enchiladas External Food Ingredients Dataset External Csv Chicken Enchilada Sauce Cheese Tortillas
0,[],AUG_ENHANCED_SEAFOOD_74_0,Enhanced Training,Seafood Training Data,0,seitan (wheat gluten),seitan (wheat gluten),seitan (wheat gluten)
0,[],AUG_ENHANCED_SEAFOOD_74_1,Enhanced Training,Seafood Training Data,0,seitan (wheat gluten),seitan (wheat gluten),Seitan (Wheat Gluten)
2,"['Wheat', 'Dairy']",AUG_external_csv_beef_wellington_662659192de8_0,External CSV,External food ingredients dataset,1,"Beef, Butter, Mushrooms, puff pastry",Beef Wellington,beef wellington external food ingredients dataset external csv beef butter mushrooms puff pastry
2,"['Wheat', 'Dairy']",AUG_external_csv_beef_wellington_662659192de8_1,External CSV,External food ingredients dataset,1,"Beef, Butter, Mushrooms, puff pastry",Beef Wellington,Beef Wellington External Food Ingredients Dataset External Csv Beef Butter Mushrooms Puff Pastry
0,[],AUG_external_csv_sweet_potato_fries_1cf4f8554e68_0,External CSV,External food ingredients dataset,0,"Sweet potatoes, Vegetable oil, Salt, paprika",Sweet Potato Fries,sweet potato fries external food ingredients dataset external csv sweet potatoes vegetable oil salt paprika
0,[],AUG_external_csv_sweet_potato_fries_1cf4f8554e68_1,External CSV,External food ingredients dataset,0,"Sweet potatoes, Vegetable oil, Salt, paprika",Sweet Potato Fries,Sweet Potato Fries External Food Ingredients Dataset External Csv Sweet Potatoes Vegetable Oil Salt Paprika
0,[],AUG_SYNTHETIC_NEG_0029_0,Pure,Spice,0,,Sea Salt Grinder Organic,salt sea coarse
0,[],AUG_SYNTHETIC_NEG_0029_1,Pure,Spice,0,,Sea Salt Grinder Organic,Salt Sea Coarse
4,"['eggs', 'gluten', 'milk', 'soybeans']",AUG_00000020_0,Nestlé,"Snacks, Snacks sucrés, Biscuits et gâteaux, Gâteaux, Quatre-quarts, Gâteaux au chocolat, Madeleines, Madeleines au chocolat",1,,Nesquik moins de sucre,nesquik moins de sucre snacks snacks sucr s biscuits et g teaux g teaux quatre quarts g teaux au chocolat madeleines madeleines au chocolat nestl
4,"['eggs', 'gluten', 'milk', 'soybeans']",AUG_00000020_1,Nestlé,"Snacks, Snacks sucrés, Biscuits et gâteaux, Gâteaux, Quatre-quarts, Gâteaux au chocolat, Madeleines, Madeleines au chocolat",1,,Nesquik moins de sucre,Nesquik Moins De Sucre Snacks Snacks Sucr S Biscuits Et G Teaux G Teaux Quatre Quarts G Teaux Au Chocolat Madeleines Madeleines Au Chocolat Nestl
2,"['Wheat', 'Dairy']",AUG_external_csv_vanilla_cupcakes_fedcb81aeba8_0,External CSV,External food ingredients dataset,1,"Flour, Sugar, Butter, Vanilla extract",Vanilla Cupcakes,vanilla cupcakes external food ingredients dataset external csv flour sugar butter vanilla extract
2,"['Wheat', 'Dairy']",AUG_external_csv_vanilla_cupcakes_fedcb81aeba8_1,External CSV,External food ingredients dataset,1,"Flour, Sugar, Butter, Vanilla extract",Vanilla Cupcakes,Vanilla Cupcakes External Food Ingredients Dataset External Csv Flour Sugar Butter Vanilla Extract
0,[],AUG_SYNTHETIC_NEG_0072_0,Essential,Sweetener,0,,Agave Nectar Premium,blue agave syrup
0,[],AUG_SYNTHETIC_NEG_0072_1,Essential,Sweetener,0,,Agave Nectar Premium,Blue Agave Syrup
0,[],AUG_external_csv_ratatouille_675cb33586a3_0,External CSV,External food ingredients dataset,0,"Eggplant, Olive oil, Tomatoes, zucchini",Ratatouille,ratatouille external food ingredients dataset external csv eggplant olive oil tomatoes zucchini
0,[],AUG_external_csv_ratatouille_675cb33586a3_1,External CSV,External food ingredients dataset,0,"Eggplant, Olive oil, Tomatoes, zucchini",Ratatouille,Ratatouille External Food Ingredients Dataset External Csv Eggplant Olive Oil Tomatoes Zucchini
3,"['fish', 'wheat', 'eggs']",AUG_ENHANCED_SEAFOOD_30_0,Enhanced Training,Seafood Training Data,1,fish fingers,fish fingers,fish fingers
3,"['fish', 'wheat', 'eggs']",AUG_ENHANCED_SEAFOOD_30_1,Enhanced Training,Seafood Training Data,1,fish fingers,fish fingers,Fish Fingers
0,[],AUG_SYNTHETIC_NEG_0173_0,Natural,Condiment,0,,Distilled White Vinegar Fine,vinegar acid acetic water white
0,[],AUG_SYNTHETIC_NEG_0173_1,Natural,Condiment,0,,Distilled White Vinegar Fine,Vinegar Acid Acetic Water White
0,[],AUG_external_csv_stuffed_bell_peppers_fcbfdca61b34_0,External CSV,External food ingredients dataset,0,"Bell peppers, Olive oil, Ground meat, rice",Stuffed Bell Peppers,stuffed bell peppers external food ingredients dataset external csv bell peppers olive oil ground meat rice
0,[],AUG_external_csv_stuffed_bell_peppers_fcbfdca61b34_1,External CSV,External food ingredients dataset,0,"Bell peppers, Olive oil, Ground meat, rice",Stuffed Bell Peppers,Stuffed Bell Peppers External Food Ingredients Dataset External Csv Bell Peppers Olive Oil Ground Meat Rice
1,['Soybeans'],AUG_external_csv_chicken_teriyaki_d5bcd358c952_0,External CSV,External food ingredients dataset,1,"Chicken, Soy sauce, Honey, ginger",Chicken Teriyaki,chicken teriyaki external food ingredients dataset external csv chicken soy sauce honey ginger
1,['Soybeans'],AUG_external_csv_chicken_teriyaki_d5bcd358c952_1,External CSV,External food ingredients dataset,1,"Chicken, Soy sauce, Honey, ginger",Chicken Teriyaki,Chicken Teriyaki External Food Ingredients Dataset External Csv Chicken Soy Sauce Honey Ginger
2,"['Shellfish', 'Dairy']",AUG_external_csv_caesar_shrimp_skewers_135f513f1df8_0,External CSV,External food ingredients dataset,1,"Shrimp, Olive oil, Caesar dressing",Caesar Shrimp Skewers,caesar shrimp skewers external food ingredients dataset external csv shrimp olive oil caesar dressing
2,"['Shellfish', 'Dairy']",AUG_external_csv_caesar_shrimp_skewers_135f513f1df8_1,External CSV,External food ingredients dataset,1,"Shrimp, Olive oil, Caesar dressing",Caesar Shrimp Skewers,Caesar Shrimp Skewers External Food Ingredients Dataset External Csv Shrimp Olive Oil Caesar Dressing
2,"['Wheat', 'Dairy']",AUG_external_csv_chocolate_chip_cookies_e961f7655db2_0,External CSV,External food ingredients dataset,1,"Flour, Sugar, Butter, Chocolate chips",Chocolate Chip Cookies,chocolate chip cookies external food ingredients dataset external csv flour sugar butter chocolate chips
2,"['Wheat', 'Dairy']",AUG_external_csv_chocolate_chip_cookies_e961f7655db2_1,External CSV,External food ingredients dataset,1,"Flour, Sugar, Butter, Chocolate chips",Chocolate Chip Cookies,Chocolate Chip Cookies External Food Ingredients Dataset External Csv Flour Sugar Butter Chocolate Chips
1,['Dairy'],AUG_external_csv_margherita_pasta_75738243c377_0,External CSV,External food ingredients dataset,1,"Pasta, Olive oil, Mozzarella cheese, tomatoes, basil",Margherita Pasta,margherita pasta external food ingredients dataset external csv pasta olive oil mozzarella cheese tomatoes basil
1,['Dairy'],AUG_external_csv_margherita_pasta_75738243c377_1,External CSV,External food ingredients dataset,1,"Pasta, Olive oil, Mozzarella cheese, tomatoes, basil",Margherita Pasta,Margherita Pasta External Food Ingredients Dataset External Csv Pasta Olive Oil Mozzarella Cheese Tomatoes Basil
1,['mustard'],AUG_00000100_0,Healthy Home,"Condiments, Sauces, Moutardes, en:groceries",1,,Unknown Product,unknown product condiments sauces moutardes en groceries healthy home
1,['mustard'],AUG_00000100_1,Healthy Home,"Condiments, Sauces, Moutardes, en:groceries",1,,Unknown Product,Unknown Product Condiments Sauces Moutardes En Groceries Healthy Home
0,[],AUG_external_csv_caramel_apple_f079c48dd850_0,External CSV,External food ingredients dataset,0,"Apples, Caramel",Caramel Apple,caramel apple external food ingredients dataset external csv apples caramel
0,[],AUG_external_csv_caramel_apple_f079c48dd850_1,External CSV,External food ingredients dataset,0,"Apples, Caramel",Caramel Apple,Caramel Apple External Food Ingredients Dataset External Csv Apples Caramel
1,['fish'],AUG_ENHANCED_SEAFOOD_22_0,Enhanced Training,Seafood Training Data,1,baked cod with herbs,baked cod with herbs,baked cod with herbs
1,['fish'],AUG_ENHANCED_SEAFOOD_22_1,Enhanced Training,Seafood Training Data,1,baked cod with herbs,baked cod with herbs,Baked Cod With Herbs
3,"['shellfish', 'wheat', 'eggs']",AUG_ENHANCED_SEAFOOD_42_0,Enhanced Training,Seafood Training Data,1,shrimp tempura,shrimp tempura,shrimp tempura
3,"['shellfish', 'wheat', 'eggs']",AUG_ENHANCED_SEAFOOD_42_1,Enhanced Training,Seafood Training Data,1,shrimp tempura,shrimp tempura,Shrimp Tempura
1,['Dairy'],AUG_external_csv_chicken_alfredo_5fda31bf8202_0,External CSV,External food ingredients dataset,1,"Chicken, Butter, Cream, Parmesan cheese",Chicken Alfredo,chicken alfredo external food ingredients dataset external csv chicken butter cream parmesan cheese
1,['Dairy'],AUG_external_csv_chicken_alfredo_5fda31bf8202_1,External CSV,External food ingredients dataset,1,"Chicken, Butter, Cream, Parmesan cheese",Chicken Alfredo,Chicken Alfredo External Food Ingredients Dataset External Csv Chicken Butter Cream Parmesan Cheese
0,[],AUG_SYNTHETIC_NEG_0083_0,Classic,Sweetener,0,,Powdered Sugar Premium Quality,confectioners sugar corn starch
0,[],AUG_SYNTHETIC_NEG_0083_1,Classic,Sweetener,0,,Powdered Sugar Premium Quality,Confectioners Sugar Corn Starch
1,['milk'],AUG_0000137007224_0,Unknown Brand,"Snacks, Snacks sucrés, Viennoiseries, Croissants, Croissants au beurre",1,,Croissant pure beurre X2,croissant pure beurre x2 snacks snacks sucr s viennoiseries croissants croissants au beurre unknown brand
1,['milk'],AUG_0000137007224_1,Unknown Brand,"Snacks, Snacks sucrés, Viennoiseries, Croissants, Croissants au beurre",1,,Croissant pure beurre X2,Croissant Pure Beurre X2 Snacks Snacks Sucr S Viennoiseries Croissants Croissants Au Beurre Unknown Brand
0,[],AUG_SYNTHETIC_NEG_0022_0,Natural,Beverages,0,,Club Soda Organic,carbonated water sodium bicarbonate
0,[],AUG_SYNTHETIC_NEG_0022_1,Natural,Beverages,0,,Club Soda Organic,Carbonated Water Sodium Bicarbonate
0,[],AUG_SYNTHETIC_NEG_0133_0,Essential,Condiment,0,,Distilled White Vinegar Premium,water acid vinegar acetic white
0,[],AUG_SYNTHETIC_NEG_0133_1,Essential,Condiment,0,,Distilled White Vinegar Premium,Water Acid Vinegar Acetic White
1,['shellfish'],AUG_ENHANCED_SEAFOOD_37_0,Enhanced Training,Seafood Training Data,1,garlic shrimp,garlic shrimp,garlic shrimp
1,['shellfish'],AUG_ENHANCED_SEAFOOD_37_1,Enhanced Training,Seafood Training Data,1,garlic shrimp,garlic shrimp,Garlic Shrimp
0,[],AUG_external_csv_quinoa_stuffed_peppers_aca7ab0d77b5_0,External CSV,External food ingredients dataset,0,"Quinoa, Olive oil, Vegetables, spices",Quinoa Stuffed Peppers,quinoa stuffed peppers external food ingredients dataset external csv quinoa olive oil vegetables spices
0,[],AUG_external_csv_quinoa_stuffed_peppers_aca7ab0d77b5_1,External CSV,External food ingredients dataset,0,"Quinoa, Olive oil, Vegetables, spices",Quinoa Stuffed Peppers,Quinoa Stuffed Peppers External Food Ingredients Dataset External Csv Quinoa Olive Oil Vegetables Spices
1,['shellfish'],AUG_ENHANCED_SEAFOOD_40_0,Enhanced Training,Seafood Training Data,1,shrimp paste,shrimp paste,shrimp paste
1,['shellfish'],AUG_ENHANCED_SEAFOOD_40_1,Enhanced Training,Seafood Training Data,1,shrimp paste,shrimp paste,Shrimp Paste
1,['fish'],AUG_ENHANCED_SEAFOOD_1_0,Enhanced Training,Seafood Training Data,1,canned tuna in water,canned tuna in water,canned tuna in water
1,['fish'],AUG_ENHANCED_SEAFOOD_1_1,Enhanced Training,Seafood Training Data,1,canned tuna in water,canned tuna in water,Canned Tuna In Water
2,"['gluten', 'soybeans']",AUG_0000111111231_0,More,"Plant-based foods and beverages,Plant-based foods,Cereals and potatoes,Breads",1,,More Fresh 100% whole wheat bread,more fresh 100 whole wheat bread plant based foods and beverages plant based foods cereals and potatoes breads more
2,"['gluten', 'soybeans']",AUG_0000111111231_1,More,"Plant-based foods and beverages,Plant-based foods,Cereals and potatoes,Breads",1,,More Fresh 100% whole wheat bread,More Fresh 100 Whole Wheat Bread Plant Based Foods And Beverages Plant Based Foods Cereals And Potatoes Breads More
1,['Dairy'],AUG_external_csv_strawberry_smoothie_251ef580634f_0,External CSV,External food ingredients dataset,1,"Strawberries, Sugar, Yogurt, Milk",Strawberry Smoothie,strawberry smoothie external food ingredients dataset external csv strawberries sugar yogurt milk
1,['Dairy'],AUG_external_csv_strawberry_smoothie_251ef580634f_1,External CSV,External food ingredients dataset,1,"Strawberries, Sugar, Yogurt, Milk",Strawberry Smoothie,Strawberry Smoothie External Food Ingredients Dataset External Csv Strawberries Sugar Yogurt Milk
1,['Dairy'],AUG_external_csv_rasmalai_94271cfc861e_0,External CSV,External food ingredients dataset,1,"Paneer, Sugar, Milk, Ghee, Cardamom, nuts",Rasmalai,rasmalai external food ingredients dataset external csv paneer sugar milk ghee cardamom nuts
1,['Dairy'],AUG_external_csv_rasmalai_94271cfc861e_1,External CSV,External food ingredients dataset,1,"Paneer, Sugar, Milk, Ghee, Cardamom, nuts",Rasmalai,Rasmalai External Food Ingredients Dataset External Csv Paneer Sugar Milk Ghee Cardamom Nuts
1,['Eggs'],AUG_external_csv_egg_salad_a08b1fcfad60_0,External CSV,External food ingredients dataset,1,"Eggs, Mayonnaise, Celery, onion",Egg Salad,egg salad external food ingredients dataset external csv eggs mayonnaise celery onion
1,['Eggs'],AUG_external_csv_egg_salad_a08b1fcfad60_1,External CSV,External food ingredients dataset,1,"Eggs, Mayonnaise, Celery, onion",Egg Salad,Egg Salad External Food Ingredients Dataset External Csv Eggs Mayonnaise Celery Onion
0,[],AUG_SYNTHETIC_NEG_0056_0,Generic,Baking,0,,Baking Powder Organic,monocalcium phosphate bicarbonate corn sodium starch
0,[],AUG_SYNTHETIC_NEG_0056_1,Generic,Baking,0,,Baking Powder Organic,Monocalcium Phosphate Bicarbonate Corn Sodium Starch
3,"['shellfish', 'wheat', 'eggs']",AUG_ENHANCED_SEAFOOD_43_0,Enhanced Training,Seafood Training Data,1,crab cakes,crab cakes,crab cakes
3,"['shellfish', 'wheat', 'eggs']",AUG_ENHANCED_SEAFOOD_43_1,Enhanced Training,Seafood Training Data,1,crab cakes,crab cakes,Crab Cakes
1,['fish'],AUG_ENHANCED_SEAFOOD_13_0,Enhanced Training,Seafood Training Data,1,fish oil supplement,fish oil supplement,fish oil supplement
1,['fish'],AUG_ENHANCED_SEAFOOD_13_1,Enhanced Training,Seafood Training Data,1,fish oil supplement,fish oil supplement,Fish Oil Supplement
3,"['fish', 'soy', 'seaweed']",AUG_ENHANCED_SEAFOOD_24_0,Enhanced Training,Seafood Training Data,1,sushi (salmon roll),sushi (salmon roll),sushi (salmon roll)
3,"['fish', 'soy', 'seaweed']",AUG_ENHANCED_SEAFOOD_24_1,Enhanced Training,Seafood Training Data,1,sushi (salmon roll),sushi (salmon roll),Sushi (Salmon Roll)
0,[],AUG_SYNTHETIC_NEG_0024_0,Classic,Beverages,0,,Black Coffee Premium Quality,coffee arabica beans
0,[],AUG_SYNTHETIC_NEG_0024_1,Classic,Beverages,0,,Black Coffee Premium Quality,Coffee Arabica Beans
1,['Dairy'],AUG_external_csv_mushroom_risotto_e78be9c4af59_0,External CSV,External food ingredients dataset,1,"Mushrooms, Butter, Arborio rice, Parmesan cheese",Mushroom Risotto,mushroom risotto external food ingredients dataset external csv mushrooms butter arborio rice parmesan cheese
1,['Dairy'],AUG_external_csv_mushroom_risotto_e78be9c4af59_1,External CSV,External food ingredients dataset,1,"Mushrooms, Butter, Arborio rice, Parmesan cheese",Mushroom Risotto,Mushroom Risotto External Food Ingredients Dataset External Csv Mushrooms Butter Arborio Rice Parmesan Cheese
0,[],AUG_external_csv_sausage_pizza_62ea239e2725_0,External CSV,External food ingredients dataset,0,"Sausage, Mozzarella cheese",Sausage Pizza,sausage pizza external food ingredients dataset external csv sausage mozzarella cheese
0,[],AUG_external_csv_sausage_pizza_62ea239e2725_1,External CSV,External food ingredients dataset,0,"Sausage, Mozzarella cheese",Sausage Pizza,Sausage Pizza External Food Ingredients Dataset External Csv Sausage Mozzarella Cheese
2,"['Shellfish', 'Dairy']",AUG_external_csv_prawn_curry_fdd6b959cadd_0,External CSV,External food ingredients dataset,1,"Prawns, Coconut milk, Curry spices",Prawn Curry,prawn curry external food ingredients dataset external csv prawns coconut milk curry spices
2,"['Shellfish', 'Dairy']",AUG_external_csv_prawn_curry_fdd6b959cadd_1,External CSV,External food ingredients dataset,1,"Prawns, Coconut milk, Curry spices",Prawn Curry,Prawn Curry External Food Ingredients Dataset External Csv Prawns Coconut Milk Curry Spices
0,[],AUG_external_csv_chicken_curry_68ed864578a2_0,External CSV,External food ingredients dataset,0,"Chicken, Oil, Curry spices",Chicken Curry,chicken curry external food ingredients dataset external csv chicken oil curry spices
0,[],AUG_external_csv_chicken_curry_68ed864578a2_1,External CSV,External food ingredients dataset,0,"Chicken, Oil, Curry spices",Chicken Curry,Chicken Curry External Food Ingredients Dataset External Csv Chicken Oil Curry Spices
3,"['eggs', 'milk', 'soybeans']",AUG_0000103227577_0,4life,"Dietary supplements, Bodybuilding supplements, Protein powders",1,,PRO-TF Chocolate,pro tf chocolate dietary supplements bodybuilding supplements protein powders 4life
3,"['eggs', 'milk', 'soybeans']",AUG_0000103227577_1,4life,"Dietary supplements, Bodybuilding supplements, Protein powders",1,,PRO-TF Chocolate,Pro Tf Chocolate Dietary Supplements Bodybuilding Supplements Protein Powders 4Life
1,['sesame-seeds'],AUG_0000200000007_0,Kazidomi,"Aliments et boissons à base de végétaux, Aliments d'origine végétale, Petit-déjeuners, Céréales et pommes de terre, Produits à tartiner, Céréales et dérivés, Pâtes à tartiner végétales, Produits à tartiner sucrés, Purées d'oléagineux, Pâtes à tartiner, Purées de céréales, Purées de sésame, Pâte de noix",1,,Purée de Sésame Tahini Bio,pur e de s same tahini bio aliments et boissons base de v g taux aliments d origine v g tale petit d jeuners c r ales et pommes de terre produits tartiner c r ales et d riv s p tes tartiner v g tales produits tartiner sucr s pur es d ol agineux p tes tartiner pur es de c r ales pur es de s same p te de noix kazidomi
1,['sesame-seeds'],AUG_0000200000007_1,Kazidomi,"Aliments et boissons à base de végétaux, Aliments d'origine végétale, Petit-déjeuners, Céréales et pommes de terre, Produits à tartiner, Céréales et dérivés, Pâtes à tartiner végétales, Produits à tartiner sucrés, Purées d'oléagineux, Pâtes à tartiner, Purées de céréales, Purées de sésame, Pâte de noix",1,,Purée de Sésame Tahini Bio,Pur E De S Same Tahini Bio Aliments Et Boissons Base De V G Taux Aliments D Origine V G Tale Petit D Jeuners C R Ales Et Pommes De Terre Produits Tartiner C R Ales Et D Riv S P Tes Tartiner V G Tales Produits Tartiner Sucr S Pur Es D Ol Agineux P Tes Tartiner Pur Es De C R Ales Pur Es De S Same P Te De Noix Kazidomi
0,[],AUG_SYNTHETIC_NEG_0197_0,Pure,Condiment,0,,Lemon Juice Pure,juice lemon pure
0,[],AUG_SYNTHETIC_NEG_0197_1,Pure,Condiment,0,,Lemon Juice Pure,Juice Lemon Pure
0,[],AUG_external_csv_baked_chicken_wings_f30aaf2f34e1_0,External CSV,External food ingredients dataset,0,"Chicken wings, Olive oil, Seasonings",Baked Chicken Wings,baked chicken wings external food ingredients dataset external csv chicken wings olive oil seasonings
0,[],AUG_external_csv_baked_chicken_wings_f30aaf2f34e1_1,External CSV,External food ingredients dataset,0,"Chicken wings, Olive oil, Seasonings",Baked Chicken Wings,Baked Chicken Wings External Food Ingredients Dataset External Csv Chicken Wings Olive Oil Seasonings
0,[],AUG_external_csv_black_bean_soup_b30f30931989_0,External CSV,External food ingredients dataset,0,"Black beans, Olive oil, Vegetables",Black Bean Soup,black bean soup external food ingredients dataset external csv black beans olive oil vegetables
0,[],AUG_external_csv_black_bean_soup_b30f30931989_1,External CSV,External food ingredients dataset,0,"Black beans, Olive oil, Vegetables",Black Bean Soup,Black Bean Soup External Food Ingredients Dataset External Csv Black Beans Olive Oil Vegetables
1,['milk'],AUG_00001417_0,"Herbalife Nutrition,Herbalife","Dietary supplements, Bodybuilding supplements, Protein shakes",1,,Rebuild 24,rebuild 24 dietary supplements bodybuilding supplements protein shakes herbalife nutrition herbalife
1,['milk'],AUG_00001417_1,"Herbalife Nutrition,Herbalife","Dietary supplements, Bodybuilding supplements, Protein shakes",1,,Rebuild 24,Rebuild 24 Dietary Supplements Bodybuilding Supplements Protein Shakes Herbalife Nutrition Herbalife
0,[],AUG_SYNTHETIC_NEG_0118_0,Generic,Condiment,0,,Lime Juice Natural,pure juice lime
0,[],AUG_SYNTHETIC_NEG_0118_1,Generic,Condiment,0,,Lime Juice Natural,Pure Juice Lime
2,"['shellfish', 'wheat']",AUG_ENHANCED_SEAFOOD_45_0,Enhanced Training,Seafood Training Data,1,crab rangoon,crab rangoon,crab rangoon
2,"['shellfish', 'wheat']",AUG_ENHANCED_SEAFOOD_45_1,Enhanced Training,Seafood Training Data,1,crab rangoon,crab rangoon,Crab Rangoon
4,"['eggs', 'gluten', 'milk', 'soybeans']",AUG_00000227_0,Bijou,"Snacks, Snacks sucrés, Biscuits et gâteaux, Gâteaux, Pâtisseries, Gâteaux au chocolat, Gâteaux fourrés",1,,Bijou Caramel ChocoLait,bijou caramel chocolait snacks snacks sucr s biscuits et g teaux g teaux p tisseries g teaux au chocolat g teaux fourr s bijou
4,"['eggs', 'gluten', 'milk', 'soybeans']",AUG_00000227_1,Bijou,"Snacks, Snacks sucrés, Biscuits et gâteaux, Gâteaux, Pâtisseries, Gâteaux au chocolat, Gâteaux fourrés",1,,Bijou Caramel ChocoLait,Bijou Caramel Chocolait Snacks Snacks Sucr S Biscuits Et G Teaux G Teaux P Tisseries G Teaux Au Chocolat G Teaux Fourr S Bijou
2,"['shellfish', 'fish']",AUG_ENHANCED_SEAFOOD_64_0,Enhanced Training,Seafood Training Data,1,cioppino (seafood stew),cioppino (seafood stew),cioppino (seafood stew)
2,"['shellfish', 'fish']",AUG_ENHANCED_SEAFOOD_64_1,Enhanced Training,Seafood Training Data,1,cioppino (seafood stew),cioppino (seafood stew),Cioppino (Seafood Stew)
2,"['milk', 'soybeans']",AUG_00001242_0,GOMAN AS,Compléments alimentaires,1,,Formula 1 Ciocolat boisson nutritionnelle,formula 1 ciocolat boisson nutritionnelle compl ments alimentaires goman as
2,"['milk', 'soybeans']",AUG_00001242_1,GOMAN AS,Compléments alimentaires,1,,Formula 1 Ciocolat boisson nutritionnelle,Formula 1 Ciocolat Boisson Nutritionnelle Compl Ments Alimentaires Goman As
1,['celery'],AUG_00000050_0,Bulk Supplements,Compléments alimentaires,1,,Thermo complete,thermo complete compl ments alimentaires bulk supplements
1,['celery'],AUG_00000050_1,Bulk Supplements,Compléments alimentaires,1,,Thermo complete,Thermo Complete Compl Ments Alimentaires Bulk Supplements
1,['shellfish'],AUG_ENHANCED_SEAFOOD_46_0,Enhanced Training,Seafood Training Data,1,king crab legs,king crab legs,king crab legs
1,['shellfish'],AUG_ENHANCED_SEAFOOD_46_1,Enhanced Training,Seafood Training Data,1,king crab legs,king crab legs,King Crab Legs
2,"['Fish', 'Soybeans']",AUG_external_csv_teriyaki_salmon_9b335799c1c4_0,External CSV,External food ingredients dataset,1,"Salmon fillet, Sugar, Soy sauce, Ginger, garlic",Teriyaki Salmon,teriyaki salmon external food ingredients dataset external csv salmon fillet sugar soy sauce ginger garlic
2,"['Fish', 'Soybeans']",AUG_external_csv_teriyaki_salmon_9b335799c1c4_1,External CSV,External food ingredients dataset,1,"Salmon fillet, Sugar, Soy sauce, Ginger, garlic",Teriyaki Salmon,Teriyaki Salmon External Food Ingredients Dataset External Csv Salmon Fillet Sugar Soy Sauce Ginger Garlic
2,"['Shellfish', 'Pork']",AUG_external_csv_bacon_wrapped_shrimp_959757b1cd03_0,External CSV,External food ingredients dataset,1,"Shrimp, Bacon, Seasonings",Bacon-Wrapped Shrimp,bacon wrapped shrimp external food ingredients dataset external csv shrimp bacon seasonings
2,"['Shellfish', 'Pork']",AUG_external_csv_bacon_wrapped_shrimp_959757b1cd03_1,External CSV,External food ingredients dataset,1,"Shrimp, Bacon, Seasonings",Bacon-Wrapped Shrimp,Bacon Wrapped Shrimp External Food Ingredients Dataset External Csv Shrimp Bacon Seasonings
1,['milk'],AUG_00000452_0,Unknown Brand,Unknown Category,1,,Unknown Product,unknown product unknown category unknown brand
1,['milk'],AUG_00000452_1,Unknown Brand,Unknown Category,1,,Unknown Product,Unknown Product Unknown Category Unknown Brand
0,[],AUG_SYNTHETIC_NEG_0009_0,Essential,Oils,0,,Coconut Oil Pure,oil coconut virgin
0,[],AUG_SYNTHETIC_NEG_0009_1,Essential,Oils,0,,Coconut Oil Pure,Oil Coconut Virgin
0,[],AUG_external_csv_lemon_herb_roasted_chicken_3aafb1cb04c7_0,External CSV,External food ingredients dataset,0,"Chicken, Olive oil, Lemon, herbs",Lemon Herb Roasted Chicken,lemon herb roasted chicken external food ingredients dataset external csv chicken olive oil lemon herbs
0,[],AUG_external_csv_lemon_herb_roasted_chicken_3aafb1cb04c7_1,External CSV,External food ingredients dataset,0,"Chicken, Olive oil, Lemon, herbs",Lemon Herb Roasted Chicken,Lemon Herb Roasted Chicken External Food Ingredients Dataset External Csv Chicken Olive Oil Lemon Herbs
0,[],AUG_ENHANCED_SEAFOOD_77_0,Enhanced Training,Seafood Training Data,0,shrimp flavor chips (no actual shrimp),shrimp flavor chips (no actual shrimp),shrimp flavor chips (no actual shrimp)
0,[],AUG_ENHANCED_SEAFOOD_77_1,Enhanced Training,Seafood Training Data,0,shrimp flavor chips (no actual shrimp),shrimp flavor chips (no actual shrimp),Shrimp Flavor Chips (No Actual Shrimp)
0,[],AUG_SYNTHETIC_NEG_0047_0,Classic,Grains,0,,Basmati Rice Organic,rice basmati grain long
0,[],AUG_SYNTHETIC_NEG_0047_1,Classic,Grains,0,,Basmati Rice Organic,Rice Basmati Grain Long
0,[],AUG_external_csv_honey_mustard_chicken_c7e0e25fdd3e_0,External CSV,External food ingredients dataset,0,"Chicken, Honey, Olive oil, Mustard, herbs",Honey Mustard Chicken,honey mustard chicken external food ingredients dataset external csv chicken honey olive oil mustard herbs
0,[],AUG_external_csv_honey_mustard_chicken_c7e0e25fdd3e_1,External CSV,External food ingredients dataset,0,"Chicken, Honey, Olive oil, Mustard, herbs",Honey Mustard Chicken,Honey Mustard Chicken External Food Ingredients Dataset External Csv Chicken Honey Olive Oil Mustard Herbs
0,[],AUG_SYNTHETIC_NEG_0179_0,Pure,Thickener,0,,Potato Starch Natural,potato starch
0,[],AUG_SYNTHETIC_NEG_0179_1,Pure,Thickener,0,,Potato Starch Natural,Potato Starch
0,[],AUG_external_csv_honey_glazed_carrots_14e88dfb5665_0,External CSV,External food ingredients dataset,0,"Carrots, Honey, Butter",Honey Glazed Carrots,honey glazed carrots external food ingredients dataset external csv carrots honey butter
0,[],AUG_external_csv_honey_glazed_carrots_14e88dfb5665_1,External CSV,External food ingredients dataset,0,"Carrots, Honey, Butter",Honey Glazed Carrots,Honey Glazed Carrots External Food Ingredients Dataset External Csv Carrots Honey Butter
0,[],AUG_external_csv_cabbage_rolls_fe05e9b6f466_0,External CSV,External food ingredients dataset,0,"Cabbage, Olive oil, Ground meat, rice",Cabbage Rolls,cabbage rolls external food ingredients dataset external csv cabbage olive oil ground meat rice
0,[],AUG_external_csv_cabbage_rolls_fe05e9b6f466_1,External CSV,External food ingredients dataset,0,"Cabbage, Olive oil, Ground meat, rice",Cabbage Rolls,Cabbage Rolls External Food Ingredients Dataset External Csv Cabbage Olive Oil Ground Meat Rice
1,['Dairy'],AUG_external_csv_berry_smoothie_c44b67bec6c0_0,External CSV,External food ingredients dataset,1,"Mixed berries, Sugar, Yogurt (milk, cultures)",Berry Smoothie,berry smoothie external food ingredients dataset external csv mixed berries sugar yogurt milk cultures
1,['Dairy'],AUG_external_csv_berry_smoothie_c44b67bec6c0_1,External CSV,External food ingredients dataset,1,"Mixed berries, Sugar, Yogurt (milk, cultures)",Berry Smoothie,Berry Smoothie External Food Ingredients Dataset External Csv Mixed Berries Sugar Yogurt Milk Cultures
0,[],AUG_SYNTHETIC_NEG_0166_0,Generic,Grains,0,,Jasmine Rice Pure,jasmine fragrant rice
0,[],AUG_SYNTHETIC_NEG_0166_1,Generic,Grains,0,,Jasmine Rice Pure,Jasmine Fragrant Rice
1,['Peanuts'],AUG_external_csv_chicken_satay_b9cc8b9d802b_0,External CSV,External food ingredients dataset,1,"Chicken, Peanut butter, Soy sauce",Chicken Satay,chicken satay external food ingredients dataset external csv chicken peanut butter soy sauce
1,['Peanuts'],AUG_external_csv_chicken_satay_b9cc8b9d802b_1,External CSV,External food ingredients dataset,1,"Chicken, Peanut butter, Soy sauce",Chicken Satay,Chicken Satay External Food Ingredients Dataset External Csv Chicken Peanut Butter Soy Sauce
0,[],AUG_external_csv_ratatouille_tart_3e91dbe58dd9_0,External CSV,External food ingredients dataset,0,"Vegetables, Olive oil, Puff pastry, herbs",Ratatouille Tart,ratatouille tart external food ingredients dataset external csv vegetables olive oil puff pastry herbs
0,[],AUG_external_csv_ratatouille_tart_3e91dbe58dd9_1,External CSV,External food ingredients dataset,0,"Vegetables, Olive oil, Puff pastry, herbs",Ratatouille Tart,Ratatouille Tart External Food Ingredients Dataset External Csv Vegetables Olive Oil Puff Pastry Herbs
1,['fish'],AUG_ENHANCED_SEAFOOD_14_0,Enhanced Training,Seafood Training Data,1,worcestershire sauce (contains anchovies),worcestershire sauce (contains anchovies),worcestershire sauce (contains anchovies)
1,['fish'],AUG_ENHANCED_SEAFOOD_14_1,Enhanced Training,Seafood Training Data,1,worcestershire sauce (contains anchovies),worcestershire sauce (contains anchovies),Worcestershire Sauce (Contains Anchovies)
2,"['Wheat', 'Dairy']",AUG_external_csv_key_lime_pie_657c5b1ffb36_0,External CSV,External food ingredients dataset,1,"Lime juice, Sugar, Butter, Graham cracker crust",Key Lime Pie,key lime pie external food ingredients dataset external csv lime juice sugar butter graham cracker crust
2,"['Wheat', 'Dairy']",AUG_external_csv_key_lime_pie_657c5b1ffb36_1,External CSV,External food ingredients dataset,1,"Lime juice, Sugar, Butter, Graham cracker crust",Key Lime Pie,Key Lime Pie External Food Ingredients Dataset External Csv Lime Juice Sugar Butter Graham Cracker Crust
0,[],AUG_ENHANCED_SEAFOOD_78_0,Enhanced Training,Seafood Training Data,0,lobster mushroom,lobster mushroom,lobster mushroom
0,[],AUG_ENHANCED_SEAFOOD_78_1,Enhanced Training,Seafood Training Data,0,lobster mushroom,lobster mushroom,Lobster Mushroom
0,[],AUG_external_csv_salsa_6ae6203823c3_0,External CSV,External food ingredients dataset,0,"Tomatoes, Onion, cilantro",Salsa,salsa external food ingredients dataset external csv tomatoes onion cilantro
0,[],AUG_external_csv_salsa_6ae6203823c3_1,External CSV,External food ingredients dataset,0,"Tomatoes, Onion, cilantro",Salsa,Salsa External Food Ingredients Dataset External Csv Tomatoes Onion Cilantro
0,[],AUG_SYNTHETIC_NEG_0098_0,Essential,Thickener,0,,Tapioca Starch Pure,cassava root tapioca flour
0,[],AUG_SYNTHETIC_NEG_0098_1,Essential,Thickener,0,,Tapioca Starch Pure,Cassava Root Tapioca Flour
0,[],AUG_external_csv_beef_tacos_9b57226f7852_0,External CSV,External food ingredients dataset,0,"Ground beef, Vegetable oil, Taco seasoning",Beef Tacos,beef tacos external food ingredients dataset external csv ground beef vegetable oil taco seasoning
0,[],AUG_external_csv_beef_tacos_9b57226f7852_1,External CSV,External food ingredients dataset,0,"Ground beef, Vegetable oil, Taco seasoning",Beef Tacos,Beef Tacos External Food Ingredients Dataset External Csv Ground Beef Vegetable Oil Taco Seasoning
0,[],AUG_external_csv_greek_lemon_chicken_2cf27091e907_0,External CSV,External food ingredients dataset,0,"Chicken, Olive oil, Lemon juice, herbs",Greek Lemon Chicken,greek lemon chicken external food ingredients dataset external csv chicken olive oil lemon juice herbs
0,[],AUG_external_csv_greek_lemon_chicken_2cf27091e907_1,External CSV,External food ingredients dataset,0,"Chicken, Olive oil, Lemon juice, herbs",Greek Lemon Chicken,Greek Lemon Chicken External Food Ingredients Dataset External Csv Chicken Olive Oil Lemon Juice Herbs
0,[],AUG_SYNTHETIC_NEG_0116_0,Pure,Flavoring,0,,Vanilla Extract Premium,vanilla bean extract alcohol water
0,[],AUG_SYNTHETIC_NEG_0116_1,Pure,Flavoring,0,,Vanilla Extract Premium,Vanilla Bean Extract Alcohol Water
0,[],AUG_SYNTHETIC_NEG_0124_0,Classic,Grains,0,,White Rice,long grain rice white
0,[],AUG_SYNTHETIC_NEG_0124_1,Classic,Grains,0,,White Rice,Long Grain Rice White
0,[],AUG_external_csv_gazpacho_42293a920b18_0,External CSV,External food ingredients dataset,0,"Tomatoes, Olive oil, Garlic, herbs",Gazpacho,gazpacho external food ingredients dataset external csv tomatoes olive oil garlic herbs
0,[],AUG_external_csv_gazpacho_42293a920b18_1,External CSV,External food ingredients dataset,0,"Tomatoes, Olive oil, Garlic, herbs",Gazpacho,Gazpacho External Food Ingredients Dataset External Csv Tomatoes Olive Oil Garlic Herbs
0,[],AUG_SYNTHETIC_NEG_0162_0,Essential,Sweetener,0,,Brown Sugar Pure,sugar cane sugar molasses brown
0,[],AUG_SYNTHETIC_NEG_0162_1,Essential,Sweetener,0,,Brown Sugar Pure,Sugar Cane Sugar Molasses Brown
1,['Dairy'],AUG_external_csv_caesar_salad_wrap_404a2a9a8d29_0,External CSV,External food ingredients dataset,1,"Grilled chicken, Caesar dressing, Lettuce, Parmesan cheese",Caesar Salad Wrap,caesar salad wrap external food ingredients dataset external csv grilled chicken caesar dressing lettuce parmesan cheese
1,['Dairy'],AUG_external_csv_caesar_salad_wrap_404a2a9a8d29_1,External CSV,External food ingredients dataset,1,"Grilled chicken, Caesar dressing, Lettuce, Parmesan cheese",Caesar Salad Wrap,Caesar Salad Wrap External Food Ingredients Dataset External Csv Grilled Chicken Caesar Dressing Lettuce Parmesan Cheese
1,['Shellfish'],AUG_external_csv_lemon_garlic_shrimp_587ba860c468_0,External CSV,External food ingredients dataset,1,"Shrimp, Olive oil, Lemon juice, garlic",Lemon Garlic Shrimp,lemon garlic shrimp external food ingredients dataset external csv shrimp olive oil lemon juice garlic
1,['Shellfish'],AUG_external_csv_lemon_garlic_shrimp_587ba860c468_1,External CSV,External food ingredients dataset,1,"Shrimp, Olive oil, Lemon juice, garlic",Lemon Garlic Shrimp,Lemon Garlic Shrimp External Food Ingredients Dataset External Csv Shrimp Olive Oil Lemon Juice Garlic
0,[],AUG_SYNTHETIC_NEG_0025_0,Essential,Beverages,0,,Green Tea Pure,green tea leaves
0,[],AUG_SYNTHETIC_NEG_0025_1,Essential,Beverages,0,,Green Tea Pure,Green Tea Leaves
0,[],AUG_external_csv_cucumber_salad_ad8952ae5831_0,External CSV,External food ingredients dataset,0,"Cucumber, Olive oil, Lemon juice, dill",Cucumber Salad,cucumber salad external food ingredients dataset external csv cucumber olive oil lemon juice dill
0,[],AUG_external_csv_cucumber_salad_ad8952ae5831_1,External CSV,External food ingredients dataset,0,"Cucumber, Olive oil, Lemon juice, dill",Cucumber Salad,Cucumber Salad External Food Ingredients Dataset External Csv Cucumber Olive Oil Lemon Juice Dill
0,[],AUG_external_csv_lentil_soup_e61efffdc487_0,External CSV,External food ingredients dataset,0,"Lentils, Olive oil, Vegetables",Lentil Soup,lentil soup external food ingredients dataset external csv lentils olive oil vegetables
0,[],AUG_external_csv_lentil_soup_e61efffdc487_1,External CSV,External food ingredients dataset,0,"Lentils, Olive oil, Vegetables",Lentil Soup,Lentil Soup External Food Ingredients Dataset External Csv Lentils Olive Oil Vegetables
0,[],AUG_SYNTHETIC_NEG_0016_0,Basic,Baking,0,,Baking Powder,monocalcium bicarbonate corn sodium starch phosphate
0,[],AUG_SYNTHETIC_NEG_0016_1,Basic,Baking,0,,Baking Powder,Monocalcium Bicarbonate Corn Sodium Starch Phosphate
0,[],AUG_SYNTHETIC_NEG_0158_0,Simple,Condiment,0,,Lime Juice,pure lime juice
0,[],AUG_SYNTHETIC_NEG_0158_1,Simple,Condiment,0,,Lime Juice,Pure Lime Juice
1,['shellfish'],AUG_ENHANCED_SEAFOOD_36_0,Enhanced Training,Seafood Training Data,1,prawn curry,prawn curry,prawn curry
1,['shellfish'],AUG_ENHANCED_SEAFOOD_36_1,Enhanced Training,Seafood Training Data,1,prawn curry,prawn curry,Prawn Curry
0,[],AUG_SYNTHETIC_NEG_0084_0,Basic,Grains,0,,White Rice Organic,long grain white rice
0,[],AUG_SYNTHETIC_NEG_0084_1,Basic,Grains,0,,White Rice Organic,Long Grain White Rice
4,"['gluten', 'nuts', 'peanuts', 'sesame-seeds']",AUG_00000321_0,Kazidomi,"Plant-based foods and beverages,Plant-based foods,Fruits and vegetables based foods,Fruits based foods,Nuts and their products,Dried products,Nuts,Dried plant-based foods,Dried fruits,Brazil nuts",1,,Noix du Brésil,noix du br sil plant based foods and beverages plant based foods fruits and vegetables based foods fruits based foods nuts and their products dried products nuts dried plant based foods dried fruits brazil nuts kazidomi
4,"['gluten', 'nuts', 'peanuts', 'sesame-seeds']",AUG_00000321_1,Kazidomi,"Plant-based foods and beverages,Plant-based foods,Fruits and vegetables based foods,Fruits based foods,Nuts and their products,Dried products,Nuts,Dried plant-based foods,Dried fruits,Brazil nuts",1,,Noix du Brésil,Noix Du Br Sil Plant Based Foods And Beverages Plant Based Foods Fruits And Vegetables Based Foods Fruits Based Foods Nuts And Their Products Dried Products Nuts Dried Plant Based Foods Dried Fruits Brazil Nuts Kazidomi
1,['Dairy'],AUG_external_csv_chicken_fettuccine_alfredo_eb7f7f19619c_0,External CSV,External food ingredients dataset,1,"Chicken, Butter, Cream, Parmesan cheese",Chicken Fettuccine Alfredo,chicken fettuccine alfredo external food ingredients dataset external csv chicken butter cream parmesan cheese
1,['Dairy'],AUG_external_csv_chicken_fettuccine_alfredo_eb7f7f19619c_1,External CSV,External food ingredients dataset,1,"Chicken, Butter, Cream, Parmesan cheese",Chicken Fettuccine Alfredo,Chicken Fettuccine Alfredo External Food Ingredients Dataset External Csv Chicken Butter Cream Parmesan Cheese
3,"['Chicken', 'Wheat', 'Celery']",AUG_external_csv_chicken_noodle_soup_6929f715241d_0,External CSV,External food ingredients dataset,1,"Chicken broth, Salt",Chicken Noodle Soup,chicken noodle soup external food ingredients dataset external csv chicken broth salt
3,"['Chicken', 'Wheat', 'Celery']",AUG_external_csv_chicken_noodle_soup_6929f715241d_1,External CSV,External food ingredients dataset,1,"Chicken broth, Salt",Chicken Noodle Soup,Chicken Noodle Soup External Food Ingredients Dataset External Csv Chicken Broth Salt
0,[],AUG_external_csv_lemonade_5fe899c396b1_0,External CSV,External food ingredients dataset,0,"Lemon juice, Sugar, Water",Lemonade,lemonade external food ingredients dataset external csv lemon juice sugar water
0,[],AUG_external_csv_lemonade_5fe899c396b1_1,External CSV,External food ingredients dataset,0,"Lemon juice, Sugar, Water",Lemonade,Lemonade External Food Ingredients Dataset External Csv Lemon Juice Sugar Water
1,['peanuts'],AUG_0000200000015_0,Kazidomi,"Aliments et boissons à base de végétaux, Aliments d'origine végétale, Produits à tartiner, Fruits à coques et dérivés, Pâtes à tartiner végétales, Purées d'oléagineux, Beurres de fruits à coques, Purées d'amande, Pâte de noix",1,,Purée d'Amandes Blanches Grillées Bio,pur e d amandes blanches grill es bio aliments et boissons base de v g taux aliments d origine v g tale produits tartiner fruits coques et d riv s p tes tartiner v g tales pur es d ol agineux beurres de fruits coques pur es d amande p te de noix kazidomi
1,['peanuts'],AUG_0000200000015_1,Kazidomi,"Aliments et boissons à base de végétaux, Aliments d'origine végétale, Produits à tartiner, Fruits à coques et dérivés, Pâtes à tartiner végétales, Purées d'oléagineux, Beurres de fruits à coques, Purées d'amande, Pâte de noix",1,,Purée d'Amandes Blanches Grillées Bio,Pur E D Amandes Blanches Grill Es Bio Aliments Et Boissons Base De V G Taux Aliments D Origine V G Tale Produits Tartiner Fruits Coques Et D Riv S P Tes Tartiner V G Tales Pur Es D Ol Agineux Beurres De Fruits Coques Pur Es D Amande P Te De Noix Kazidomi
1,['Dairy'],AUG_external_csv_tandoori_chicken_c815a0811f02_0,External CSV,External food ingredients dataset,1,"Chicken, Yogurt, Tandoori spices",Tandoori Chicken,tandoori chicken external food ingredients dataset external csv chicken yogurt tandoori spices
1,['Dairy'],AUG_external_csv_tandoori_chicken_c815a0811f02_1,External CSV,External food ingredients dataset,1,"Chicken, Yogurt, Tandoori spices",Tandoori Chicken,Tandoori Chicken External Food Ingredients Dataset External Csv Chicken Yogurt Tandoori Spices
1,['Soybeans'],AUG_external_csv_tofu_scramble_77df3f5c217d_0,External CSV,External food ingredients dataset,1,"Tofu, Vegetable oil, Turmeric, spices",Tofu Scramble,tofu scramble external food ingredients dataset external csv tofu vegetable oil turmeric spices
1,['Soybeans'],AUG_external_csv_tofu_scramble_77df3f5c217d_1,External CSV,External food ingredients dataset,1,"Tofu, Vegetable oil, Turmeric, spices",Tofu Scramble,Tofu Scramble External Food Ingredients Dataset External Csv Tofu Vegetable Oil Turmeric Spices
0,[],AUG_external_csv_roasted_brussels_sprouts_956306d49c28_0,External CSV,External food ingredients dataset,0,"Brussels sprouts, Olive oil, Balsamic glaze",Roasted Brussels Sprouts,roasted brussels sprouts external food ingredients dataset external csv brussels sprouts olive oil balsamic glaze
0,[],AUG_external_csv_roasted_brussels_sprouts_956306d49c28_1,External CSV,External food ingredients dataset,0,"Brussels sprouts, Olive oil, Balsamic glaze",Roasted Brussels Sprouts,Roasted Brussels Sprouts External Food Ingredients Dataset External Csv Brussels Sprouts Olive Oil Balsamic Glaze
2,"['Fish', 'Dairy']",AUG_external_csv_baked_cod_a21f79e5f7a8_0,External CSV,External food ingredients dataset,1,"Cod, Butter, Lemon, herbs",Baked Cod,baked cod external food ingredients dataset external csv cod butter lemon herbs
2,"['Fish', 'Dairy']",AUG_external_csv_baked_cod_a21f79e5f7a8_1,External CSV,External food ingredients dataset,1,"Cod, Butter, Lemon, herbs",Baked Cod,Baked Cod External Food Ingredients Dataset External Csv Cod Butter Lemon Herbs
0,[],AUG_SYNTHETIC_NEG_0028_0,Pure,Spice,0,,Ground Black Pepper Fine,black peppercorns
0,[],AUG_SYNTHETIC_NEG_0028_1,Pure,Spice,0,,Ground Black Pepper Fine,Black Peppercorns
0,[],AUG_external_csv_orange_chicken_2819fcff380f_0,External CSV,External food ingredients dataset,0,"Chicken, Vegetable oil, Orange sauce",Orange Chicken,orange chicken external food ingredients dataset external csv chicken vegetable oil orange sauce
0,[],AUG_external_csv_orange_chicken_2819fcff380f_1,External CSV,External food ingredients dataset,0,"Chicken, Vegetable oil, Orange sauce",Orange Chicken,Orange Chicken External Food Ingredients Dataset External Csv Chicken Vegetable Oil Orange Sauce
1,['Dairy'],AUG_external_csv_mushroom_soup_4c797924fb45_0,External CSV,External food ingredients dataset,1,"Mushrooms, Butter, Vegetable broth",Mushroom Soup,mushroom soup external food ingredients dataset external csv mushrooms butter vegetable broth
1,['Dairy'],AUG_external_csv_mushroom_soup_4c797924fb45_1,External CSV,External food ingredients dataset,1,"Mushrooms, Butter, Vegetable broth",Mushroom Soup,Mushroom Soup External Food Ingredients Dataset External Csv Mushrooms Butter Vegetable Broth
0,[],AUG_external_csv_greek_lemon_potatoes_fcdb908c83c5_0,External CSV,External food ingredients dataset,0,"Potatoes, Olive oil, Lemon juice, herbs",Greek Lemon Potatoes,greek lemon potatoes external food ingredients dataset external csv potatoes olive oil lemon juice herbs
0,[],AUG_external_csv_greek_lemon_potatoes_fcdb908c83c5_1,External CSV,External food ingredients dataset,0,"Potatoes, Olive oil, Lemon juice, herbs",Greek Lemon Potatoes,Greek Lemon Potatoes External Food Ingredients Dataset External Csv Potatoes Olive Oil Lemon Juice Herbs
0,[],AUG_SYNTHETIC_NEG_0044_0,Classic,Grains,0,,White Rice,white long rice grain
0,[],AUG_SYNTHETIC_NEG_0044_1,Classic,Grains,0,,White Rice,White Long Rice Grain
2,"['Wheat', 'Dairy']",AUG_external_csv_blueberry_muffins_76a77a2f3670_0,External CSV,External food ingredients dataset,1,"Blueberries, Sugar, Butter, Flour",Blueberry Muffins,blueberry muffins external food ingredients dataset external csv blueberries sugar butter flour
2,"['Wheat', 'Dairy']",AUG_external_csv_blueberry_muffins_76a77a2f3670_1,External CSV,External food ingredients dataset,1,"Blueberries, Sugar, Butter, Flour",Blueberry Muffins,Blueberry Muffins External Food Ingredients Dataset External Csv Blueberries Sugar Butter Flour
0,[],AUG_external_csv_chicken_curry_e3015c6a90f5_0,External CSV,External food ingredients dataset,0,"Chicken, Coconut milk, Curry powder",Chicken Curry,chicken curry external food ingredients dataset external csv chicken coconut milk curry powder
0,[],AUG_external_csv_chicken_curry_e3015c6a90f5_1,External CSV,External food ingredients dataset,0,"Chicken, Coconut milk, Curry powder",Chicken Curry,Chicken Curry External Food Ingredients Dataset External Csv Chicken Coconut Milk Curry Powder
0,[],AUG_external_csv_chicken_shawarma_fb5a6bf5fee0_0,External CSV,External food ingredients dataset,0,"Chicken, Olive oil, Shawarma seasoning",Chicken Shawarma,chicken shawarma external food ingredients dataset external csv chicken olive oil shawarma seasoning
0,[],AUG_external_csv_chicken_shawarma_fb5a6bf5fee0_1,External CSV,External food ingredients dataset,0,"Chicken, Olive oil, Shawarma seasoning",Chicken Shawarma,Chicken Shawarma External Food Ingredients Dataset External Csv Chicken Olive Oil Shawarma Seasoning
1,['Dairy'],AUG_external_csv_margherita_pizza_c8f6fc5c491d_0,External CSV,External food ingredients dataset,1,"Pizza dough, Olive oil, Mozzarella cheese, tomatoes, basil",Margherita Pizza,margherita pizza external food ingredients dataset external csv pizza dough olive oil mozzarella cheese tomatoes basil
1,['Dairy'],AUG_external_csv_margherita_pizza_c8f6fc5c491d_1,External CSV,External food ingredients dataset,1,"Pizza dough, Olive oil, Mozzarella cheese, tomatoes, basil",Margherita Pizza,Margherita Pizza External Food Ingredients Dataset External Csv Pizza Dough Olive Oil Mozzarella Cheese Tomatoes Basil
0,[],AUG_external_csv_caramelized_onions_abbbb281dc0f_0,External CSV,External food ingredients dataset,0,"Onions, Sugar, Butter",Caramelized Onions,caramelized onions external food ingredients dataset external csv onions sugar butter
0,[],AUG_external_csv_caramelized_onions_abbbb281dc0f_1,External CSV,External food ingredients dataset,0,"Onions, Sugar, Butter",Caramelized Onions,Caramelized Onions External Food Ingredients Dataset External Csv Onions Sugar Butter
2,"['Wheat', 'Dairy']",AUG_external_csv_baked_ziti_0e5ba89ad14f_0,External CSV,External food ingredients dataset,1,"Pasta, Tomato sauce, cheese",Baked Ziti,baked ziti external food ingredients dataset external csv pasta tomato sauce cheese
2,"['Wheat', 'Dairy']",AUG_external_csv_baked_ziti_0e5ba89ad14f_1,External CSV,External food ingredients dataset,1,"Pasta, Tomato sauce, cheese",Baked Ziti,Baked Ziti External Food Ingredients Dataset External Csv Pasta Tomato Sauce Cheese
0,[],AUG_external_csv_beef_and_mushroom_stir_fry_1a2921a72f02_0,External CSV,External food ingredients dataset,0,"Beef, Vegetable oil, Soy sauce",Beef and Mushroom Stir-Fry,beef and mushroom stir fry external food ingredients dataset external csv beef vegetable oil soy sauce
0,[],AUG_external_csv_beef_and_mushroom_stir_fry_1a2921a72f02_1,External CSV,External food ingredients dataset,0,"Beef, Vegetable oil, Soy sauce",Beef and Mushroom Stir-Fry,Beef And Mushroom Stir Fry External Food Ingredients Dataset External Csv Beef Vegetable Oil Soy Sauce
1,['Dairy'],AUG_external_csv_rabri_d80f9154ab69_0,External CSV,External food ingredients dataset,1,"Milk, Sugar, Ghee, Cardamom, nuts",Rabri,rabri external food ingredients dataset external csv milk sugar ghee cardamom nuts
1,['Dairy'],AUG_external_csv_rabri_d80f9154ab69_1,External CSV,External food ingredients dataset,1,"Milk, Sugar, Ghee, Cardamom, nuts",Rabri,Rabri External Food Ingredients Dataset External Csv Milk Sugar Ghee Cardamom Nuts
0,[],AUG_external_csv_tofu_curry_bada18d721a5_0,External CSV,External food ingredients dataset,0,"Tofu, Coconut milk, Curry paste",Tofu Curry,tofu curry external food ingredients dataset external csv tofu coconut milk curry paste
0,[],AUG_external_csv_tofu_curry_bada18d721a5_1,External CSV,External food ingredients dataset,0,"Tofu, Coconut milk, Curry paste",Tofu Curry,Tofu Curry External Food Ingredients Dataset External Csv Tofu Coconut Milk Curry Paste
3,"['Wheat', 'Dairy', 'Cocoa']",AUG_external_csv_chocolate_chip_pancakes_a8c83b60d6aa_0,External CSV,External food ingredients dataset,1,"Flour, Sugar, Butter, Chocolate chips",Chocolate Chip Pancakes,chocolate chip pancakes external food ingredients dataset external csv flour sugar butter chocolate chips
3,"['Wheat', 'Dairy', 'Cocoa']",AUG_external_csv_chocolate_chip_pancakes_a8c83b60d6aa_1,External CSV,External food ingredients dataset,1,"Flour, Sugar, Butter, Chocolate chips",Chocolate Chip Pancakes,Chocolate Chip Pancakes External Food Ingredients Dataset External Csv Flour Sugar Butter Chocolate Chips
0,[],AUG_SYNTHETIC_NEG_0048_0,Generic,Oils,0,,Extra Virgin Olive Oil Organic,cold pressed olive oil
0,[],AUG_SYNTHETIC_NEG_0048_1,Generic,Oils,0,,Extra Virgin Olive Oil Organic,Cold Pressed Olive Oil
2,"['Rice', 'Dairy']",AUG_external_csv_rice_pudding_2e9e34cbc0fc_0,External CSV,External food ingredients dataset,1,"Rice, Sugar, Milk, Cinnamon, raisins",Rice Pudding,rice pudding external food ingredients dataset external csv rice sugar milk cinnamon raisins
2,"['Rice', 'Dairy']",AUG_external_csv_rice_pudding_2e9e34cbc0fc_1,External CSV,External food ingredients dataset,1,"Rice, Sugar, Milk, Cinnamon, raisins",Rice Pudding,Rice Pudding External Food Ingredients Dataset External Csv Rice Sugar Milk Cinnamon Raisins
2,"['Wheat', 'Dairy']",AUG_external_csv_strawberry_shortcake_a7e895579344_0,External CSV,External food ingredients dataset,1,"Strawberries, Sugar, Whipped cream, Shortcake",Strawberry Shortcake,strawberry shortcake external food ingredients dataset external csv strawberries sugar whipped cream shortcake
2,"['Wheat', 'Dairy']",AUG_external_csv_strawberry_shortcake_a7e895579344_1,External CSV,External food ingredients dataset,1,"Strawberries, Sugar, Whipped cream, Shortcake",Strawberry Shortcake,Strawberry Shortcake External Food Ingredients Dataset External Csv Strawberries Sugar Whipped Cream Shortcake
1,['Dairy'],AUG_external_csv_paneer_tikka_2971c945a478_0,External CSV,External food ingredients dataset,1,"Paneer, Oil, Tikka masala, spices",Paneer Tikka,paneer tikka external food ingredients dataset external csv paneer oil tikka masala spices
1,['Dairy'],AUG_external_csv_paneer_tikka_2971c945a478_1,External CSV,External food ingredients dataset,1,"Paneer, Oil, Tikka masala, spices",Paneer Tikka,Paneer Tikka External Food Ingredients Dataset External Csv Paneer Oil Tikka Masala Spices
1,['milk'],AUG_00000536_0,Unknown Brand,"Petit-déjeuners,Produits à tartiner,Produits à tartiner sucrés,Produits de la ruche,Produits d'élevages,Édulcorants,Miels,Fromages à pâte pressée non cuite",1,,Natural Honey Wildflower,natural honey wildflower petit d jeuners produits tartiner produits tartiner sucr s produits de la ruche produits d levages dulcorants miels fromages p te press e non cuite unknown brand
1,['milk'],AUG_00000536_1,Unknown Brand,"Petit-déjeuners,Produits à tartiner,Produits à tartiner sucrés,Produits de la ruche,Produits d'élevages,Édulcorants,Miels,Fromages à pâte pressée non cuite",1,,Natural Honey Wildflower,Natural Honey Wildflower Petit D Jeuners Produits Tartiner Produits Tartiner Sucr S Produits De La Ruche Produits D Levages Dulcorants Miels Fromages P Te Press E Non Cuite Unknown Brand
2,"['gluten', 'milk']",AUG_0000112407510_0,liebig,"Plats préparés,Soupes,Veloutés,soupe de cresson",1,,velouté de cresson.,velout de cresson plats pr par s soupes velout s soupe de cresson liebig
2,"['gluten', 'milk']",AUG_0000112407510_1,liebig,"Plats préparés,Soupes,Veloutés,soupe de cresson",1,,velouté de cresson.,Velout De Cresson Plats Pr Par S Soupes Velout S Soupe De Cresson Liebig
3,"['Almonds', 'Wheat', 'Dairy']",AUG_external_csv_almond_cookies_323ecfb64d5b_0,External CSV,External food ingredients dataset,1,"Almonds, Sugar, Butter, Flour",Almond Cookies,almond cookies external food ingredients dataset external csv almonds sugar butter flour
3,"['Almonds', 'Wheat', 'Dairy']",AUG_external_csv_almond_cookies_323ecfb64d5b_1,External CSV,External food ingredients dataset,1,"Almonds, Sugar, Butter, Flour",Almond Cookies,Almond Cookies External Food Ingredients Dataset External Csv Almonds Sugar Butter Flour
1,['gluten'],AUG_0000112302688_0,Liebig,Unknown Category,1,,Unknown Product,unknown product unknown category liebig
1,['gluten'],AUG_0000112302688_1,Liebig,Unknown Category,1,,Unknown Product,Unknown Product Unknown Category Liebig
0,[],AUG_SYNTHETIC_NEG_0050_0,Basic,Oils,0,,Canola Oil Organic,oil vegetable canola
0,[],AUG_SYNTHETIC_NEG_0050_1,Basic,Oils,0,,Canola Oil Organic,Oil Vegetable Canola
0,[],AUG_SYNTHETIC_NEG_0097_0,Natural,Thickener,0,,Corn Starch Fine,corn starch pure
0,[],AUG_SYNTHETIC_NEG_0097_1,Natural,Thickener,0,,Corn Starch Fine,Corn Starch Pure
1,['Dairy'],AUG_external_csv_berry_parfait_6c8824abda97_0,External CSV,External food ingredients dataset,1,"Berries, Honey, Yogurt, Granola",Berry Parfait,berry parfait external food ingredients dataset external csv berries honey yogurt granola
1,['Dairy'],AUG_external_csv_berry_parfait_6c8824abda97_1,External CSV,External food ingredients dataset,1,"Berries, Honey, Yogurt, Granola",Berry Parfait,Berry Parfait External Food Ingredients Dataset External Csv Berries Honey Yogurt Granola
2,"['Wheat', 'Dairy']",AUG_external_csv_blueberry_pancakes_a6581496130e_0,External CSV,External food ingredients dataset,1,"Flour, Sugar, Butter, Blueberries",Blueberry Pancakes,blueberry pancakes external food ingredients dataset external csv flour sugar butter blueberries
2,"['Wheat', 'Dairy']",AUG_external_csv_blueberry_pancakes_a6581496130e_1,External CSV,External food ingredients dataset,1,"Flour, Sugar, Butter, Blueberries",Blueberry Pancakes,Blueberry Pancakes External Food Ingredients Dataset External Csv Flour Sugar Butter Blueberries
1,['gluten'],AUG_00001522_0,Hacendado,"Alimentos y bebidas de origen vegetal, Alimentos de origen vegetal, Cereales y patatas, Cereales y derivados, en:Meat alternatives, Carnes vegetales, Seitanes",1,,Seitán a la plancha,seit n a la plancha alimentos y bebidas de origen vegetal alimentos de origen vegetal cereales y patatas cereales y derivados en meat alternatives carnes vegetales seitanes hacendado
1,['gluten'],AUG_00001522_1,Hacendado,"Alimentos y bebidas de origen vegetal, Alimentos de origen vegetal, Cereales y patatas, Cereales y derivados, en:Meat alternatives, Carnes vegetales, Seitanes",1,,Seitán a la plancha,Seit N A La Plancha Alimentos Y Bebidas De Origen Vegetal Alimentos De Origen Vegetal Cereales Y Patatas Cereales Y Derivados En Meat Alternatives Carnes Vegetales Seitanes Hacendado
0,[],AUG_external_csv_avocado_toast_72fa07c506db_0,External CSV,External food ingredients dataset,0,"Avocado, Olive oil, Salt, pepper",Avocado Toast,avocado toast external food ingredients dataset external csv avocado olive oil salt pepper
0,[],AUG_external_csv_avocado_toast_72fa07c506db_1,External CSV,External food ingredients dataset,0,"Avocado, Olive oil, Salt, pepper",Avocado Toast,Avocado Toast External Food Ingredients Dataset External Csv Avocado Olive Oil Salt Pepper
0,[],AUG_external_csv_minestrone_soup_6b73e64aa762_0,External CSV,External food ingredients dataset,0,"Vegetables, Olive oil, Tomato broth",Minestrone Soup,minestrone soup external food ingredients dataset external csv vegetables olive oil tomato broth
0,[],AUG_external_csv_minestrone_soup_6b73e64aa762_1,External CSV,External food ingredients dataset,0,"Vegetables, Olive oil, Tomato broth",Minestrone Soup,Minestrone Soup External Food Ingredients Dataset External Csv Vegetables Olive Oil Tomato Broth
0,[],AUG_external_csv_stuffed_tomatoes_a6bfbbe963e4_0,External CSV,External food ingredients dataset,0,"Tomatoes, Herbs, breadcrumbs",Stuffed Tomatoes,stuffed tomatoes external food ingredients dataset external csv tomatoes herbs breadcrumbs
0,[],AUG_external_csv_stuffed_tomatoes_a6bfbbe963e4_1,External CSV,External food ingredients dataset,0,"Tomatoes, Herbs, breadcrumbs",Stuffed Tomatoes,Stuffed Tomatoes External Food Ingredients Dataset External Csv Tomatoes Herbs Breadcrumbs
1,['fish'],AUG_ENHANCED_SEAFOOD_7_0,Enhanced Training,Seafood Training Data,1,halibut steak,halibut steak,halibut steak
1,['fish'],AUG_ENHANCED_SEAFOOD_7_1,Enhanced Training,Seafood Training Data,1,halibut steak,halibut steak,Halibut Steak
1,['Milk'],AUG_external_csv_vanilla_ice_cream_f9f1ec40bd77_0,External CSV,External food ingredients dataset,1,"Milk, Sugar, Cream, Vanilla extract",Vanilla Ice Cream,vanilla ice cream external food ingredients dataset external csv milk sugar cream vanilla extract
1,['Milk'],AUG_external_csv_vanilla_ice_cream_f9f1ec40bd77_1,External CSV,External food ingredients dataset,1,"Milk, Sugar, Cream, Vanilla extract",Vanilla Ice Cream,Vanilla Ice Cream External Food Ingredients Dataset External Csv Milk Sugar Cream Vanilla Extract
0,[],AUG_SYNTHETIC_NEG_0161_0,Pure,Sweetener,0,,White Sugar,sugar sweetener sucrose cane
0,[],AUG_SYNTHETIC_NEG_0161_1,Pure,Sweetener,0,,White Sugar,Sugar Sweetener Sucrose Cane
1,['sulphur-dioxide-and-sulphites'],AUG_00000383_0,Sainsburys,"Meat alternatives, Meat analogues, Breaded products, Chicken kievs substitutes",1,,No chicken kiyvs,no chicken kiyvs meat alternatives meat analogues breaded products chicken kievs substitutes sainsburys
1,['sulphur-dioxide-and-sulphites'],AUG_00000383_1,Sainsburys,"Meat alternatives, Meat analogues, Breaded products, Chicken kievs substitutes",1,,No chicken kiyvs,No Chicken Kiyvs Meat Alternatives Meat Analogues Breaded Products Chicken Kievs Substitutes Sainsburys
0,[],AUG_external_csv_aloo_gobi_249be06d86d1_0,External CSV,External food ingredients dataset,0,"Potatoes, Oil, Cauliflower, spices",Aloo Gobi,aloo gobi external food ingredients dataset external csv potatoes oil cauliflower spices
0,[],AUG_external_csv_aloo_gobi_249be06d86d1_1,External CSV,External food ingredients dataset,0,"Potatoes, Oil, Cauliflower, spices",Aloo Gobi,Aloo Gobi External Food Ingredients Dataset External Csv Potatoes Oil Cauliflower Spices
0,[],AUG_SYNTHETIC_NEG_0147_0,Simple,Beverages,0,,Herbal Tea Natural,chamomile peppermint hibiscus
0,[],AUG_SYNTHETIC_NEG_0147_1,Simple,Beverages,0,,Herbal Tea Natural,Chamomile Peppermint Hibiscus
0,[],AUG_external_csv_biryani_0126f87ae606_0,External CSV,External food ingredients dataset,0,"Rice, Ghee, Biryani masala, spices",Biryani,biryani external food ingredients dataset external csv rice ghee biryani masala spices
0,[],AUG_external_csv_biryani_0126f87ae606_1,External CSV,External food ingredients dataset,0,"Rice, Ghee, Biryani masala, spices",Biryani,Biryani External Food Ingredients Dataset External Csv Rice Ghee Biryani Masala Spices
2,"['gluten', 'milk']",AUG_00002264_0,Crous resto,Unknown Category,1,,Baguette Poitevin,baguette poitevin unknown category crous resto
2,"['gluten', 'milk']",AUG_00002264_1,Crous resto,Unknown Category,1,,Baguette Poitevin,Baguette Poitevin Unknown Category Crous Resto
0,[],AUG_SYNTHETIC_NEG_0061_0,Natural,Beverages,0,,Sparkling Water Premium,carbonated water
0,[],AUG_SYNTHETIC_NEG_0061_1,Natural,Beverages,0,,Sparkling Water Premium,Carbonated Water
0,[],AUG_external_csv_beef_kabobs_9ad61c3997c9_0,External CSV,External food ingredients dataset,0,"Beef, Olive oil, Seasonings",Beef Kabobs,beef kabobs external food ingredients dataset external csv beef olive oil seasonings
0,[],AUG_external_csv_beef_kabobs_9ad61c3997c9_1,External CSV,External food ingredients dataset,0,"Beef, Olive oil, Seasonings",Beef Kabobs,Beef Kabobs External Food Ingredients Dataset External Csv Beef Olive Oil Seasonings
1,['Fish'],AUG_external_csv_lemon_dill_salmon_e0d094d8cb9f_0,External CSV,External food ingredients dataset,1,"Salmon, Olive oil, Lemon, dill",Lemon Dill Salmon,lemon dill salmon external food ingredients dataset external csv salmon olive oil lemon dill
1,['Fish'],AUG_external_csv_lemon_dill_salmon_e0d094d8cb9f_1,External CSV,External food ingredients dataset,1,"Salmon, Olive oil, Lemon, dill",Lemon Dill Salmon,Lemon Dill Salmon External Food Ingredients Dataset External Csv Salmon Olive Oil Lemon Dill
5,"['milk', 'soybeans', 'Hühnereiweiss', 'Weizenprotein', 'Wheyprotein']",AUG_0000250632969_0,allfitnessfactory.de,"Nahrungsergänzungsmittel, Nahrungsergänzungen für Bodybuilder, Proteinpulver",1,,Mehrkomponeneten Protein 90 C6 Banane,mehrkomponeneten protein 90 c6 banane nahrungserg nzungsmittel nahrungserg nzungen f r bodybuilder proteinpulver allfitnessfactory de
5,"['milk', 'soybeans', 'Hühnereiweiss', 'Weizenprotein', 'Wheyprotein']",AUG_0000250632969_1,allfitnessfactory.de,"Nahrungsergänzungsmittel, Nahrungsergänzungen für Bodybuilder, Proteinpulver",1,,Mehrkomponeneten Protein 90 C6 Banane,Mehrkomponeneten Protein 90 C6 Banane Nahrungserg Nzungsmittel Nahrungserg Nzungen F R Bodybuilder Proteinpulver Allfitnessfactory De
0,[],AUG_external_csv_chicken_curry_7b96b4abc3e1_0,External CSV,External food ingredients dataset,0,"Chicken, Vegetable oil, Curry powder",Chicken Curry,chicken curry external food ingredients dataset external csv chicken vegetable oil curry powder
0,[],AUG_external_csv_chicken_curry_7b96b4abc3e1_1,External CSV,External food ingredients dataset,0,"Chicken, Vegetable oil, Curry powder",Chicken Curry,Chicken Curry External Food Ingredients Dataset External Csv Chicken Vegetable Oil Curry Powder
0,[],AUG_external_csv_honey_mustard_chicken_a45673d0d79a_0,External CSV,External food ingredients dataset,1,"Chicken breast, Honey, Mustard, Vegetable oil",Honey Mustard Chicken,honey mustard chicken external food ingredients dataset external csv chicken breast honey mustard vegetable oil
0,[],AUG_external_csv_honey_mustard_chicken_a45673d0d79a_1,External CSV,External food ingredients dataset,1,"Chicken breast, Honey, Mustard, Vegetable oil",Honey Mustard Chicken,Honey Mustard Chicken External Food Ingredients Dataset External Csv Chicken Breast Honey Mustard Vegetable Oil
3,"['gluten', 'milk', 'soybeans']",AUG_00001664_0,Bijou,"Snacks, Snacks sucrés, Biscuits et gâteaux, Biscuits, Biscuits au chocolat, Biscuits au chocolat au lait, Biscuits au caramel",1,,Brins de ChocoCaramel,brins de chococaramel snacks snacks sucr s biscuits et g teaux biscuits biscuits au chocolat biscuits au chocolat au lait biscuits au caramel bijou
3,"['gluten', 'milk', 'soybeans']",AUG_00001664_1,Bijou,"Snacks, Snacks sucrés, Biscuits et gâteaux, Biscuits, Biscuits au chocolat, Biscuits au chocolat au lait, Biscuits au caramel",1,,Brins de ChocoCaramel,Brins De Chococaramel Snacks Snacks Sucr S Biscuits Et G Teaux Biscuits Biscuits Au Chocolat Biscuits Au Chocolat Au Lait Biscuits Au Caramel Bijou
3,"['gluten', 'milk', 'nuts']",AUG_00000739_0,Bijou,"Snacks,Sweet snacks,Cocoa and its products,Confectioneries,Chocolate candies,Bonbons,Chocolate covered nuts,Chocolate covered almonds",1,,Assortiment d'amandes cacaotés et croustilles,assortiment d amandes cacaot s et croustilles snacks sweet snacks cocoa and its products confectioneries chocolate candies bonbons chocolate covered nuts chocolate covered almonds bijou
3,"['gluten', 'milk', 'nuts']",AUG_00000739_1,Bijou,"Snacks,Sweet snacks,Cocoa and its products,Confectioneries,Chocolate candies,Bonbons,Chocolate covered nuts,Chocolate covered almonds",1,,Assortiment d'amandes cacaotés et croustilles,Assortiment D Amandes Cacaot S Et Croustilles Snacks Sweet Snacks Cocoa And Its Products Confectioneries Chocolate Candies Bonbons Chocolate Covered Nuts Chocolate Covered Almonds Bijou
0,[],AUG_SYNTHETIC_NEG_0054_0,Pure,Condiment,0,,Apple Cider Vinegar Natural,cider unfiltered vinegar apple raw
0,[],AUG_SYNTHETIC_NEG_0054_1,Pure,Condiment,0,,Apple Cider Vinegar Natural,Cider Unfiltered Vinegar Apple Raw
1,['milk'],AUG_0000103529964_0,Unknown Brand,Unknown Category,1,,impact protein whey,impact protein whey unknown category unknown brand
1,['milk'],AUG_0000103529964_1,Unknown Brand,Unknown Category,1,,impact protein whey,Impact Protein Whey Unknown Category Unknown Brand
3,"['gluten', 'milk', 'soybeans']",AUG_00000146_0,Herbalife,"Suplementos dietéticos,Suplementos de culturismo,en:Groceries,en:Supplement",1,,Batido nutricional / Nutricional Shake,batido nutricional nutricional shake suplementos diet ticos suplementos de culturismo en groceries en supplement herbalife
3,"['gluten', 'milk', 'soybeans']",AUG_00000146_1,Herbalife,"Suplementos dietéticos,Suplementos de culturismo,en:Groceries,en:Supplement",1,,Batido nutricional / Nutricional Shake,Batido Nutricional Nutricional Shake Suplementos Diet Ticos Suplementos De Culturismo En Groceries En Supplement Herbalife
2,"['Fish', 'Soybeans']",AUG_external_csv_sushi_bowl_822bd3803336_0,External CSV,External food ingredients dataset,1,"Sushi rice, Soy sauce, Raw fish, vegetables",Sushi Bowl,sushi bowl external food ingredients dataset external csv sushi rice soy sauce raw fish vegetables
2,"['Fish', 'Soybeans']",AUG_external_csv_sushi_bowl_822bd3803336_1,External CSV,External food ingredients dataset,1,"Sushi rice, Soy sauce, Raw fish, vegetables",Sushi Bowl,Sushi Bowl External Food Ingredients Dataset External Csv Sushi Rice Soy Sauce Raw Fish Vegetables
1,['Dairy'],AUG_external_csv_malai_kofta_01b91453c2ee_0,External CSV,External food ingredients dataset,1,"Cottage cheese, Ghee, Creamy tomato sauce",Malai Kofta,malai kofta external food ingredients dataset external csv cottage cheese ghee creamy tomato sauce
1,['Dairy'],AUG_external_csv_malai_kofta_01b91453c2ee_1,External CSV,External food ingredients dataset,1,"Cottage cheese, Ghee, Creamy tomato sauce",Malai Kofta,Malai Kofta External Food Ingredients Dataset External Csv Cottage Cheese Ghee Creamy Tomato Sauce
0,[],AUG_SYNTHETIC_NEG_0180_0,Essential,Beverages,0,,Spring Water Pure,natural spring water
0,[],AUG_SYNTHETIC_NEG_0180_1,Essential,Beverages,0,,Spring Water Pure,Natural Spring Water
0,[],AUG_SYNTHETIC_NEG_0071_0,Generic,Sweetener,0,,Maple Syrup Fine,a grade pure syrup maple
0,[],AUG_SYNTHETIC_NEG_0071_1,Generic,Sweetener,0,,Maple Syrup Fine,A Grade Pure Syrup Maple
2,"['fish', 'milk']",AUG_ENHANCED_SEAFOOD_26_0,Enhanced Training,Seafood Training Data,1,fish pie,fish pie,fish pie
2,"['fish', 'milk']",AUG_ENHANCED_SEAFOOD_26_1,Enhanced Training,Seafood Training Data,1,fish pie,fish pie,Fish Pie
0,[],AUG_external_csv_pesto_pasta_c029631033a5_0,External CSV,External food ingredients dataset,0,"Pasta, Olive oil, Basil, garlic",Pesto Pasta,pesto pasta external food ingredients dataset external csv pasta olive oil basil garlic
0,[],AUG_external_csv_pesto_pasta_c029631033a5_1,External CSV,External food ingredients dataset,0,"Pasta, Olive oil, Basil, garlic",Pesto Pasta,Pesto Pasta External Food Ingredients Dataset External Csv Pasta Olive Oil Basil Garlic
2,"['shellfish', 'dairy']",AUG_ENHANCED_SEAFOOD_51_0,Enhanced Training,Seafood Training Data,1,lobster thermidor,lobster thermidor,lobster thermidor
2,"['shellfish', 'dairy']",AUG_ENHANCED_SEAFOOD_51_1,Enhanced Training,Seafood Training Data,1,lobster thermidor,lobster thermidor,Lobster Thermidor
0,[],AUG_external_csv_beef_stir_fry_2097d610c950_0,External CSV,External food ingredients dataset,0,"Beef, Vegetable oil, Soy sauce",Beef Stir-Fry,beef stir fry external food ingredients dataset external csv beef vegetable oil soy sauce
0,[],AUG_external_csv_beef_stir_fry_2097d610c950_1,External CSV,External food ingredients dataset,0,"Beef, Vegetable oil, Soy sauce",Beef Stir-Fry,Beef Stir Fry External Food Ingredients Dataset External Csv Beef Vegetable Oil Soy Sauce
1,['milk'],AUG_0000103224110_0,4life,"Plant-based foods and beverages, Beverages, Plant-based beverages, Fruit-based beverages, Juices and nectars, Fruit juices, Multifruit juices",1,,Riovida Burst,riovida burst plant based foods and beverages beverages plant based beverages fruit based beverages juices and nectars fruit juices multifruit juices 4life
1,['milk'],AUG_0000103224110_1,4life,"Plant-based foods and beverages, Beverages, Plant-based beverages, Fruit-based beverages, Juices and nectars, Fruit juices, Multifruit juices",1,,Riovida Burst,Riovida Burst Plant Based Foods And Beverages Beverages Plant Based Beverages Fruit Based Beverages Juices And Nectars Fruit Juices Multifruit Juices 4Life
0,[],AUG_SYNTHETIC_NEG_0114_0,Basic,Sweetener,0,,Date Sugar Fine,dried ground dates
0,[],AUG_SYNTHETIC_NEG_0114_1,Basic,Sweetener,0,,Date Sugar Fine,Dried Ground Dates
0,[],AUG_external_csv_chicken_stir_fry_f74741c08116_0,External CSV,External food ingredients dataset,0,"Chicken, Vegetable oil, Soy sauce",Chicken Stir-Fry,chicken stir fry external food ingredients dataset external csv chicken vegetable oil soy sauce
0,[],AUG_external_csv_chicken_stir_fry_f74741c08116_1,External CSV,External food ingredients dataset,0,"Chicken, Vegetable oil, Soy sauce",Chicken Stir-Fry,Chicken Stir Fry External Food Ingredients Dataset External Csv Chicken Vegetable Oil Soy Sauce
2,"['Wheat', 'Dairy']",AUG_external_csv_pumpkin_pie_dc399f97ad3f_0,External CSV,External food ingredients dataset,1,"Pumpkin, Sugar, Butter, Cinnamon, nutmeg",Pumpkin Pie,pumpkin pie external food ingredients dataset external csv pumpkin sugar butter cinnamon nutmeg
2,"['Wheat', 'Dairy']",AUG_external_csv_pumpkin_pie_dc399f97ad3f_1,External CSV,External food ingredients dataset,1,"Pumpkin, Sugar, Butter, Cinnamon, nutmeg",Pumpkin Pie,Pumpkin Pie External Food Ingredients Dataset External Csv Pumpkin Sugar Butter Cinnamon Nutmeg
0,[],AUG_SYNTHETIC_NEG_0035_0,Pure,Baking,0,,Cocoa Powder Fine,unsweetened cocoa powder
0,[],AUG_SYNTHETIC_NEG_0035_1,Pure,Baking,0,,Cocoa Powder Fine,Unsweetened Cocoa Powder
1,['Wheat'],AUG_external_csv_chicken_pot_pie_67e0c86b5a8f_0,External CSV,External food ingredients dataset,1,"Chicken, Butter, Vegetables, pastry",Chicken Pot Pie,chicken pot pie external food ingredients dataset external csv chicken butter vegetables pastry
1,['Wheat'],AUG_external_csv_chicken_pot_pie_67e0c86b5a8f_1,External CSV,External food ingredients dataset,1,"Chicken, Butter, Vegetables, pastry",Chicken Pot Pie,Chicken Pot Pie External Food Ingredients Dataset External Csv Chicken Butter Vegetables Pastry
1,['shellfish'],AUG_ENHANCED_SEAFOOD_66_0,Enhanced Training,Seafood Training Data,1,calamari (squid),calamari (squid),calamari (squid)
1,['shellfish'],AUG_ENHANCED_SEAFOOD_66_1,Enhanced Training,Seafood Training Data,1,calamari (squid),calamari (squid),Calamari (Squid)
2,"['Dairy', 'Wheat']",AUG_external_csv_greek_gyro_16609c3a37e3_0,External CSV,External food ingredients dataset,1,"Lamb/Chicken, Tzatziki sauce, vegetables",Greek Gyro,greek gyro external food ingredients dataset external csv lamb chicken tzatziki sauce vegetables
2,"['Dairy', 'Wheat']",AUG_external_csv_greek_gyro_16609c3a37e3_1,External CSV,External food ingredients dataset,1,"Lamb/Chicken, Tzatziki sauce, vegetables",Greek Gyro,Greek Gyro External Food Ingredients Dataset External Csv Lamb Chicken Tzatziki Sauce Vegetables
2,"['Wheat', 'Dairy']",AUG_external_csv_apple_pie_386cf4ce4c4a_0,External CSV,External food ingredients dataset,1,"Apples, Sugar, Butter, Cinnamon",Apple Pie,apple pie external food ingredients dataset external csv apples sugar butter cinnamon
2,"['Wheat', 'Dairy']",AUG_external_csv_apple_pie_386cf4ce4c4a_1,External CSV,External food ingredients dataset,1,"Apples, Sugar, Butter, Cinnamon",Apple Pie,Apple Pie External Food Ingredients Dataset External Csv Apples Sugar Butter Cinnamon
0,[],AUG_SYNTHETIC_NEG_0037_0,Simple,Condiment,0,,Lemon Juice Premium,pure lemon juice
0,[],AUG_SYNTHETIC_NEG_0037_1,Simple,Condiment,0,,Lemon Juice Premium,Pure Lemon Juice
1,['shellfish'],AUG_ENHANCED_SEAFOOD_55_0,Enhanced Training,Seafood Training Data,1,oysters on half shell,oysters on half shell,oysters on half shell
1,['shellfish'],AUG_ENHANCED_SEAFOOD_55_1,Enhanced Training,Seafood Training Data,1,oysters on half shell,oysters on half shell,Oysters On Half Shell
0,[],AUG_SYNTHETIC_NEG_0093_0,Generic,Condiment,0,,Distilled White Vinegar Premium Quality,white vinegar acetic acid water
0,[],AUG_SYNTHETIC_NEG_0093_1,Generic,Condiment,0,,Distilled White Vinegar Premium Quality,White Vinegar Acetic Acid Water
0,[],AUG_SYNTHETIC_NEG_0034_0,Simple,Sweetener,0,,Date Sugar Premium Quality,dates ground dried
0,[],AUG_SYNTHETIC_NEG_0034_1,Simple,Sweetener,0,,Date Sugar Premium Quality,Dates Ground Dried
1,['milk'],AUG_00000012_0,Toneop,"Dietary supplements,Bodybuilding supplements,Groceries,Supplement",1,,Besan chilla with stuffed chciken,besan chilla with stuffed chciken dietary supplements bodybuilding supplements groceries supplement toneop
1,['milk'],AUG_00000012_1,Toneop,"Dietary supplements,Bodybuilding supplements,Groceries,Supplement",1,,Besan chilla with stuffed chciken,Besan Chilla With Stuffed Chciken Dietary Supplements Bodybuilding Supplements Groceries Supplement Toneop
0,[],AUG_SYNTHETIC_NEG_0194_0,Simple,Sweetener,0,,Date Sugar,dried dates ground
0,[],AUG_SYNTHETIC_NEG_0194_1,Simple,Sweetener,0,,Date Sugar,Dried Dates Ground
1,['shellfish'],AUG_ENHANCED_SEAFOOD_56_0,Enhanced Training,Seafood Training Data,1,scallops with garlic,scallops with garlic,scallops with garlic
1,['shellfish'],AUG_ENHANCED_SEAFOOD_56_1,Enhanced Training,Seafood Training Data,1,scallops with garlic,scallops with garlic,Scallops With Garlic
1,['Shellfish'],AUG_external_csv_prawn_biryani_915d38473df7_0,External CSV,External food ingredients dataset,1,"Prawns, Ghee, Basmati rice, spices",Prawn Biryani,prawn biryani external food ingredients dataset external csv prawns ghee basmati rice spices
1,['Shellfish'],AUG_external_csv_prawn_biryani_915d38473df7_1,External CSV,External food ingredients dataset,1,"Prawns, Ghee, Basmati rice, spices",Prawn Biryani,Prawn Biryani External Food Ingredients Dataset External Csv Prawns Ghee Basmati Rice Spices
1,['Dairy'],AUG_external_csv_caprese_skewers_5579ae7e1133_0,External CSV,External food ingredients dataset,1,"Tomatoes, Olive oil, Mozzarella cheese, basil",Caprese Skewers,caprese skewers external food ingredients dataset external csv tomatoes olive oil mozzarella cheese basil
1,['Dairy'],AUG_external_csv_caprese_skewers_5579ae7e1133_1,External CSV,External food ingredients dataset,1,"Tomatoes, Olive oil, Mozzarella cheese, basil",Caprese Skewers,Caprese Skewers External Food Ingredients Dataset External Csv Tomatoes Olive Oil Mozzarella Cheese Basil
0,[],AUG_SYNTHETIC_NEG_0119_0,Pure,Beverages,0,,Coconut Water Organic,pure water coconut
0,[],AUG_SYNTHETIC_NEG_0119_1,Pure,Beverages,0,,Coconut Water Organic,Pure Water Coconut
0,[],AUG_external_csv_tomato_soup_e7db95442b38_0,External CSV,External food ingredients dataset,0,"Tomatoes, Salt, Sugar",Tomato Soup,tomato soup external food ingredients dataset external csv tomatoes salt sugar
0,[],AUG_external_csv_tomato_soup_e7db95442b38_1,External CSV,External food ingredients dataset,0,"Tomatoes, Salt, Sugar",Tomato Soup,Tomato Soup External Food Ingredients Dataset External Csv Tomatoes Salt Sugar
1,['nuts'],AUG_0000200000020_0,Kazidomi,Unknown Category,1,,Unknown Product,unknown product unknown category kazidomi
1,['nuts'],AUG_0000200000020_1,Kazidomi,Unknown Category,1,,Unknown Product,Unknown Product Unknown Category Kazidomi
0,[],AUG_SYNTHETIC_NEG_0192_0,Essential,Sweetener,0,,Agave Nectar Premium,agave blue syrup
0,[],AUG_SYNTHETIC_NEG_0192_1,Essential,Sweetener,0,,Agave Nectar Premium,Agave Blue Syrup
0,[],AUG_external_csv_greek_salad_8d66346b7fe6_0,External CSV,External food ingredients dataset,0,"Cucumber, Olive oil, Lemon juice",Greek Salad,greek salad external food ingredients dataset external csv cucumber olive oil lemon juice
0,[],AUG_external_csv_greek_salad_8d66346b7fe6_1,External CSV,External food ingredients dataset,0,"Cucumber, Olive oil, Lemon juice",Greek Salad,Greek Salad External Food Ingredients Dataset External Csv Cucumber Olive Oil Lemon Juice
0,[],AUG_external_csv_vegetable_stir_fry_de88a8a690b8_0,External CSV,External food ingredients dataset,0,"Mixed vegetables, Vegetable oil, Soy sauce",Vegetable Stir-Fry,vegetable stir fry external food ingredients dataset external csv mixed vegetables vegetable oil soy sauce
0,[],AUG_external_csv_vegetable_stir_fry_de88a8a690b8_1,External CSV,External food ingredients dataset,0,"Mixed vegetables, Vegetable oil, Soy sauce",Vegetable Stir-Fry,Vegetable Stir Fry External Food Ingredients Dataset External Csv Mixed Vegetables Vegetable Oil Soy Sauce
0,[],AUG_external_csv_hyderabadi_biryani_24a9143d93fe_0,External CSV,External food ingredients dataset,0,"Basmati rice, Ghee, Meat/vegetables, spices",Hyderabadi Biryani,hyderabadi biryani external food ingredients dataset external csv basmati rice ghee meat vegetables spices
0,[],AUG_external_csv_hyderabadi_biryani_24a9143d93fe_1,External CSV,External food ingredients dataset,0,"Basmati rice, Ghee, Meat/vegetables, spices",Hyderabadi Biryani,Hyderabadi Biryani External Food Ingredients Dataset External Csv Basmati Rice Ghee Meat Vegetables Spices
0,[],AUG_SYNTHETIC_NEG_0038_0,Pure,Condiment,0,,Lime Juice Natural,lime pure juice
0,[],AUG_SYNTHETIC_NEG_0038_1,Pure,Condiment,0,,Lime Juice Natural,Lime Pure Juice
2,"['Wheat', 'Dairy']",AUG_external_csv_pumpkin_pie_460b7a726121_0,External CSV,External food ingredients dataset,1,"Pumpkin, Sugar, Butter, Pumpkin spice, pastry",Pumpkin Pie,pumpkin pie external food ingredients dataset external csv pumpkin sugar butter pumpkin spice pastry
2,"['Wheat', 'Dairy']",AUG_external_csv_pumpkin_pie_460b7a726121_1,External CSV,External food ingredients dataset,1,"Pumpkin, Sugar, Butter, Pumpkin spice, pastry",Pumpkin Pie,Pumpkin Pie External Food Ingredients Dataset External Csv Pumpkin Sugar Butter Pumpkin Spice Pastry
1,['banana'],AUG_00001425_0,Wyldsson,"Dietary supplements,Bodybuilding supplements,Protein powders",1,,Earth Champ Nutritional Vegan Protein,earth champ nutritional vegan protein dietary supplements bodybuilding supplements protein powders wyldsson
1,['banana'],AUG_00001425_1,Wyldsson,"Dietary supplements,Bodybuilding supplements,Protein powders",1,,Earth Champ Nutritional Vegan Protein,Earth Champ Nutritional Vegan Protein Dietary Supplements Bodybuilding Supplements Protein Powders Wyldsson
0,[],AUG_external_csv_quinoa_salad_1d63d0291f25_0,External CSV,External food ingredients dataset,0,"Quinoa, Olive oil, Lemon juice, vegetables",Quinoa Salad,quinoa salad external food ingredients dataset external csv quinoa olive oil lemon juice vegetables
0,[],AUG_external_csv_quinoa_salad_1d63d0291f25_1,External CSV,External food ingredients dataset,0,"Quinoa, Olive oil, Lemon juice, vegetables",Quinoa Salad,Quinoa Salad External Food Ingredients Dataset External Csv Quinoa Olive Oil Lemon Juice Vegetables
0,[],AUG_ENHANCED_SEAFOOD_76_0,Enhanced Training,Seafood Training Data,0,fish-shaped crackers (no actual fish),fish-shaped crackers (no actual fish),fish-shaped crackers (no actual fish)
0,[],AUG_ENHANCED_SEAFOOD_76_1,Enhanced Training,Seafood Training Data,0,fish-shaped crackers (no actual fish),fish-shaped crackers (no actual fish),Fish-Shaped Crackers (No Actual Fish)
0,[],AUG_SYNTHETIC_NEG_0150_0,Classic,Sweetener,0,,Pure Honey Organic,raw wildflower honey
0,[],AUG_SYNTHETIC_NEG_0150_1,Classic,Sweetener,0,,Pure Honey Organic,Raw Wildflower Honey
0,[],AUG_external_csv_pav_bhaji_277932fa5730_0,External CSV,External food ingredients dataset,0,"Mixed vegetables, Butter, Pav bread, spices",Pav Bhaji,pav bhaji external food ingredients dataset external csv mixed vegetables butter pav bread spices
0,[],AUG_external_csv_pav_bhaji_277932fa5730_1,External CSV,External food ingredients dataset,0,"Mixed vegetables, Butter, Pav bread, spices",Pav Bhaji,Pav Bhaji External Food Ingredients Dataset External Csv Mixed Vegetables Butter Pav Bread Spices
0,[],AUG_external_csv_lentil_curry_a97a6d573f3d_0,External CSV,External food ingredients dataset,0,"Lentils, Coconut milk, Curry powder",Lentil Curry,lentil curry external food ingredients dataset external csv lentils coconut milk curry powder
0,[],AUG_external_csv_lentil_curry_a97a6d573f3d_1,External CSV,External food ingredients dataset,0,"Lentils, Coconut milk, Curry powder",Lentil Curry,Lentil Curry External Food Ingredients Dataset External Csv Lentils Coconut Milk Curry Powder
0,[],AUG_external_csv_stuffed_mushrooms_0e20e2f61909_0,External CSV,External food ingredients dataset,0,"Mushrooms, Garlic, herbs",Stuffed Mushrooms,stuffed mushrooms external food ingredients dataset external csv mushrooms garlic herbs
0,[],AUG_external_csv_stuffed_mushrooms_0e20e2f61909_1,External CSV,External food ingredients dataset,0,"Mushrooms, Garlic, herbs",Stuffed Mushrooms,Stuffed Mushrooms External Food Ingredients Dataset External Csv Mushrooms Garlic Herbs
0,[],AUG_SYNTHETIC_NEG_0090_0,Natural,Oils,0,,Canola Oil Fine,canola vegetable oil
0,[],AUG_SYNTHETIC_NEG_0090_1,Natural,Oils,0,,Canola Oil Fine,Canola Vegetable Oil
0,[],AUG_external_csv_dosa_6f7af15a4f0e_0,External CSV,External food ingredients dataset,0,"Rice, Oil, Potato masala, chutney",Dosa,dosa external food ingredients dataset external csv rice oil potato masala chutney
0,[],AUG_external_csv_dosa_6f7af15a4f0e_1,External CSV,External food ingredients dataset,0,"Rice, Oil, Potato masala, chutney",Dosa,Dosa External Food Ingredients Dataset External Csv Rice Oil Potato Masala Chutney
2,"['fish', 'eggs']",AUG_ENHANCED_SEAFOOD_31_0,Enhanced Training,Seafood Training Data,1,canned tuna with mayo,canned tuna with mayo,canned tuna with mayo
2,"['fish', 'eggs']",AUG_ENHANCED_SEAFOOD_31_1,Enhanced Training,Seafood Training Data,1,canned tuna with mayo,canned tuna with mayo,Canned Tuna With Mayo
1,['milk'],AUG_00002251_0,Hoosier Hill Farm,Cheese sauce mix,1,,Easy Daddy Mac,easy daddy mac cheese sauce mix hoosier hill farm
1,['milk'],AUG_00002251_1,Hoosier Hill Farm,Cheese sauce mix,1,,Easy Daddy Mac,Easy Daddy Mac Cheese Sauce Mix Hoosier Hill Farm
2,"['Wheat', 'Dairy']",AUG_external_csv_mixed_berry_pie_aaaa6380fa33_0,External CSV,External food ingredients dataset,1,"Mixed berries, Sugar, Butter, Flour",Mixed Berry Pie,mixed berry pie external food ingredients dataset external csv mixed berries sugar butter flour
2,"['Wheat', 'Dairy']",AUG_external_csv_mixed_berry_pie_aaaa6380fa33_1,External CSV,External food ingredients dataset,1,"Mixed berries, Sugar, Butter, Flour",Mixed Berry Pie,Mixed Berry Pie External Food Ingredients Dataset External Csv Mixed Berries Sugar Butter Flour
2,"['Wheat', 'Dairy']",AUG_external_csv_oatmeal_raisin_cookies_b27a77424870_0,External CSV,External food ingredients dataset,1,"Oats, Sugar, Butter, Flour",Oatmeal Raisin Cookies,oatmeal raisin cookies external food ingredients dataset external csv oats sugar butter flour
2,"['Wheat', 'Dairy']",AUG_external_csv_oatmeal_raisin_cookies_b27a77424870_1,External CSV,External food ingredients dataset,1,"Oats, Sugar, Butter, Flour",Oatmeal Raisin Cookies,Oatmeal Raisin Cookies External Food Ingredients Dataset External Csv Oats Sugar Butter Flour
1,['shellfish'],AUG_ENHANCED_SEAFOOD_41_0,Enhanced Training,Seafood Training Data,1,dried shrimp,dried shrimp,dried shrimp
1,['shellfish'],AUG_ENHANCED_SEAFOOD_41_1,Enhanced Training,Seafood Training Data,1,dried shrimp,dried shrimp,Dried Shrimp
0,[],AUG_SYNTHETIC_NEG_0049_0,Classic,Oils,0,,Coconut Oil Natural,virgin coconut oil
0,[],AUG_SYNTHETIC_NEG_0049_1,Classic,Oils,0,,Coconut Oil Natural,Virgin Coconut Oil
0,[],AUG_SYNTHETIC_NEG_0196_0,Basic,Flavoring,0,,Vanilla Extract Organic,alcohol vanilla extract water bean
0,[],AUG_SYNTHETIC_NEG_0196_1,Basic,Flavoring,0,,Vanilla Extract Organic,Alcohol Vanilla Extract Water Bean
1,['Fish'],AUG_external_csv_teriyaki_salmon_073b54de0a9a_0,External CSV,External food ingredients dataset,1,"Salmon, Vegetable oil, Teriyaki sauce",Teriyaki Salmon,teriyaki salmon external food ingredients dataset external csv salmon vegetable oil teriyaki sauce
1,['Fish'],AUG_external_csv_teriyaki_salmon_073b54de0a9a_1,External CSV,External food ingredients dataset,1,"Salmon, Vegetable oil, Teriyaki sauce",Teriyaki Salmon,Teriyaki Salmon External Food Ingredients Dataset External Csv Salmon Vegetable Oil Teriyaki Sauce
2,"['Wheat', 'Dairy']",AUG_external_csv_caesar_salad_wrap_28f51b898aeb_0,External CSV,External food ingredients dataset,1,"Romaine lettuce, Caesar dressing, Parmesan cheese, croutons",Caesar Salad Wrap,caesar salad wrap external food ingredients dataset external csv romaine lettuce caesar dressing parmesan cheese croutons
2,"['Wheat', 'Dairy']",AUG_external_csv_caesar_salad_wrap_28f51b898aeb_1,External CSV,External food ingredients dataset,1,"Romaine lettuce, Caesar dressing, Parmesan cheese, croutons",Caesar Salad Wrap,Caesar Salad Wrap External Food Ingredients Dataset External Csv Romaine Lettuce Caesar Dressing Parmesan Cheese Croutons
0,[],AUG_external_csv_spinach_salad_f01496f1669f_0,External CSV,External food ingredients dataset,0,"Spinach, Olive oil, Balsamic vinegar",Spinach Salad,spinach salad external food ingredients dataset external csv spinach olive oil balsamic vinegar
0,[],AUG_external_csv_spinach_salad_f01496f1669f_1,External CSV,External food ingredients dataset,0,"Spinach, Olive oil, Balsamic vinegar",Spinach Salad,Spinach Salad External Food Ingredients Dataset External Csv Spinach Olive Oil Balsamic Vinegar
1,['fish'],AUG_ENHANCED_SEAFOOD_19_0,Enhanced Training,Seafood Training Data,1,pickled herring,pickled herring,pickled herring
1,['fish'],AUG_ENHANCED_SEAFOOD_19_1,Enhanced Training,Seafood Training Data,1,pickled herring,pickled herring,Pickled Herring
0,[],AUG_SYNTHETIC_NEG_0142_0,Natural,Beverages,0,,Club Soda Organic,carbonated bicarbonate sodium water
0,[],AUG_SYNTHETIC_NEG_0142_1,Natural,Beverages,0,,Club Soda Organic,Carbonated Bicarbonate Sodium Water
0,[],AUG_external_csv_beef_chili_4e43f7e0abd5_0,External CSV,External food ingredients dataset,0,"Ground beef, Chili powder",Beef Chili,beef chili external food ingredients dataset external csv ground beef chili powder
0,[],AUG_external_csv_beef_chili_4e43f7e0abd5_1,External CSV,External food ingredients dataset,0,"Ground beef, Chili powder",Beef Chili,Beef Chili External Food Ingredients Dataset External Csv Ground Beef Chili Powder
2,"['Wheat', 'Dairy']",AUG_external_csv_pancakes_e37824ba0252_0,External CSV,External food ingredients dataset,1,"Flour, Sugar, Butter, Baking powder",Pancakes,pancakes external food ingredients dataset external csv flour sugar butter baking powder
2,"['Wheat', 'Dairy']",AUG_external_csv_pancakes_e37824ba0252_1,External CSV,External food ingredients dataset,1,"Flour, Sugar, Butter, Baking powder",Pancakes,Pancakes External Food Ingredients Dataset External Csv Flour Sugar Butter Baking Powder
3,"['eggs', 'gluten', 'milk']",AUG_0000112302621_0,Liebig,"Aliments et boissons à base de végétaux, Aliments d'origine végétale, Aliments à base de fruits et de légumes, Légumes et dérivés, Plats préparés, Aliments et boissons à base de légumes, Produits de la plante de courge, Soupes, Veloutés, Courges et dérivés, Soupes de légumes, Veloutés de légumes, Soupes de potiron, Veloutés de potiron",1,,Potiron et vermicelles,potiron et vermicelles aliments et boissons base de v g taux aliments d origine v g tale aliments base de fruits et de l gumes l gumes et d riv s plats pr par s aliments et boissons base de l gumes produits de la plante de courge soupes velout s courges et d riv s soupes de l gumes velout s de l gumes soupes de potiron velout s de potiron liebig
3,"['eggs', 'gluten', 'milk']",AUG_0000112302621_1,Liebig,"Aliments et boissons à base de végétaux, Aliments d'origine végétale, Aliments à base de fruits et de légumes, Légumes et dérivés, Plats préparés, Aliments et boissons à base de légumes, Produits de la plante de courge, Soupes, Veloutés, Courges et dérivés, Soupes de légumes, Veloutés de légumes, Soupes de potiron, Veloutés de potiron",1,,Potiron et vermicelles,Potiron Et Vermicelles Aliments Et Boissons Base De V G Taux Aliments D Origine V G Tale Aliments Base De Fruits Et De L Gumes L Gumes Et D Riv S Plats Pr Par S Aliments Et Boissons Base De L Gumes Produits De La Plante De Courge Soupes Velout S Courges Et D Riv S Soupes De L Gumes Velout S De L Gumes Soupes De Potiron Velout S De Potiron Liebig
2,"['Milk', 'Strawberries']",AUG_external_csv_strawberry_yogurt_aee41b244a51_0,External CSV,External food ingredients dataset,1,"Yogurt (milk, cultures), Sugar, Pectin",Strawberry Yogurt,strawberry yogurt external food ingredients dataset external csv yogurt milk cultures sugar pectin
2,"['Milk', 'Strawberries']",AUG_external_csv_strawberry_yogurt_aee41b244a51_1,External CSV,External food ingredients dataset,1,"Yogurt (milk, cultures), Sugar, Pectin",Strawberry Yogurt,Strawberry Yogurt External Food Ingredients Dataset External Csv Yogurt Milk Cultures Sugar Pectin
1,['Dairy'],AUG_external_csv_palak_paneer_a624931fcf96_0,External CSV,External food ingredients dataset,1,"Spinach, Ghee, Paneer, spices",Palak Paneer,palak paneer external food ingredients dataset external csv spinach ghee paneer spices
1,['Dairy'],AUG_external_csv_palak_paneer_a624931fcf96_1,External CSV,External food ingredients dataset,1,"Spinach, Ghee, Paneer, spices",Palak Paneer,Palak Paneer External Food Ingredients Dataset External Csv Spinach Ghee Paneer Spices
0,[],AUG_SYNTHETIC_NEG_0165_0,Natural,Grains,0,,Brown Rice Organic,grain whole brown rice
0,[],AUG_SYNTHETIC_NEG_0165_1,Natural,Grains,0,,Brown Rice Organic,Grain Whole Brown Rice
0,[],AUG_external_csv_beef_burritos_acd44ab84a9e_0,External CSV,External food ingredients dataset,0,"Beef, Vegetable oil, Burrito seasoning",Beef Burritos,beef burritos external food ingredients dataset external csv beef vegetable oil burrito seasoning
0,[],AUG_external_csv_beef_burritos_acd44ab84a9e_1,External CSV,External food ingredients dataset,0,"Beef, Vegetable oil, Burrito seasoning",Beef Burritos,Beef Burritos External Food Ingredients Dataset External Csv Beef Vegetable Oil Burrito Seasoning
2,"['milk', 'soybeans']",AUG_00000259_0,Herbalife,"Botanas,Snacks dulces,Suplementos dietéticos",1,,Barrette cioccolato e arachidi 1 barretta 35g.,barrette cioccolato e arachidi 1 barretta 35g botanas snacks dulces suplementos diet ticos herbalife
2,"['milk', 'soybeans']",AUG_00000259_1,Herbalife,"Botanas,Snacks dulces,Suplementos dietéticos",1,,Barrette cioccolato e arachidi 1 barretta 35g.,Barrette Cioccolato E Arachidi 1 Barretta 35G Botanas Snacks Dulces Suplementos Diet Ticos Herbalife
0,[],AUG_SYNTHETIC_NEG_0031_0,Classic,Sweetener,0,,Maple Syrup Premium Quality,pure maple syrup grade a
0,[],AUG_SYNTHETIC_NEG_0031_1,Classic,Sweetener,0,,Maple Syrup Premium Quality,Pure Maple Syrup Grade A
0,[],AUG_SYNTHETIC_NEG_0160_0,Natural,Seasoning,0,,Pure Sea Salt Premium,sea chloride sodium salt
0,[],AUG_SYNTHETIC_NEG_0160_1,Natural,Seasoning,0,,Pure Sea Salt Premium,Sea Chloride Sodium Salt
1,['fish'],AUG_ENHANCED_SEAFOOD_0_0,Enhanced Training,Seafood Training Data,1,fresh salmon fillet,fresh salmon fillet,fresh salmon fillet
1,['fish'],AUG_ENHANCED_SEAFOOD_0_1,Enhanced Training,Seafood Training Data,1,fresh salmon fillet,fresh salmon fillet,Fresh Salmon Fillet
0,[],AUG_external_csv_paniyaram_6077391ac7b6_0,External CSV,External food ingredients dataset,0,"Fermented batter, Oil, Mustard seeds, curry leaves",Paniyaram,paniyaram external food ingredients dataset external csv fermented batter oil mustard seeds curry leaves
0,[],AUG_external_csv_paniyaram_6077391ac7b6_1,External CSV,External food ingredients dataset,0,"Fermented batter, Oil, Mustard seeds, curry leaves",Paniyaram,Paniyaram External Food Ingredients Dataset External Csv Fermented Batter Oil Mustard Seeds Curry Leaves
0,[],AUG_SYNTHETIC_NEG_0057_0,Simple,Thickener,0,,Corn Starch Pure,corn pure starch
0,[],AUG_SYNTHETIC_NEG_0057_1,Simple,Thickener,0,,Corn Starch Pure,Corn Pure Starch
0,[],AUG_external_csv_beef_burger_6b58a78ba3bd_0,External CSV,External food ingredients dataset,0,"Ground beef, Vegetable oil, Salt, Pepper",Beef Burger,beef burger external food ingredients dataset external csv ground beef vegetable oil salt pepper
0,[],AUG_external_csv_beef_burger_6b58a78ba3bd_1,External CSV,External food ingredients dataset,0,"Ground beef, Vegetable oil, Salt, Pepper",Beef Burger,Beef Burger External Food Ingredients Dataset External Csv Ground Beef Vegetable Oil Salt Pepper
1,['Wheat'],AUG_external_csv_chicken_noodle_casserole_e7c335cf717d_0,External CSV,External food ingredients dataset,1,"Chicken, Butter, Noodles, vegetables",Chicken Noodle Casserole,chicken noodle casserole external food ingredients dataset external csv chicken butter noodles vegetables
1,['Wheat'],AUG_external_csv_chicken_noodle_casserole_e7c335cf717d_1,External CSV,External food ingredients dataset,1,"Chicken, Butter, Noodles, vegetables",Chicken Noodle Casserole,Chicken Noodle Casserole External Food Ingredients Dataset External Csv Chicken Butter Noodles Vegetables
0,[],AUG_external_csv_beef_burritos_677fe5490958_0,External CSV,External food ingredients dataset,0,"Ground beef, Vegetable oil, Taco seasoning",Beef Burritos,beef burritos external food ingredients dataset external csv ground beef vegetable oil taco seasoning
0,[],AUG_external_csv_beef_burritos_677fe5490958_1,External CSV,External food ingredients dataset,0,"Ground beef, Vegetable oil, Taco seasoning",Beef Burritos,Beef Burritos External Food Ingredients Dataset External Csv Ground Beef Vegetable Oil Taco Seasoning
1,['shellfish'],AUG_ENHANCED_SEAFOOD_44_0,Enhanced Training,Seafood Training Data,1,crab meat,crab meat,crab meat
1,['shellfish'],AUG_ENHANCED_SEAFOOD_44_1,Enhanced Training,Seafood Training Data,1,crab meat,crab meat,Crab Meat
0,[],AUG_external_csv_apple_b8787aa2821d_0,External CSV,External food ingredients dataset,0,Apples,Apple,apple external food ingredients dataset external csv apples
0,[],AUG_external_csv_apple_b8787aa2821d_1,External CSV,External food ingredients dataset,0,Apples,Apple,Apple External Food Ingredients Dataset External Csv Apples
0,[],AUG_external_csv_vegetable_biryani_b4a31157fbec_0,External CSV,External food ingredients dataset,0,"Mixed vegetables, Ghee, Basmati rice, spices",Vegetable Biryani,vegetable biryani external food ingredients dataset external csv mixed vegetables ghee basmati rice spices
0,[],AUG_external_csv_vegetable_biryani_b4a31157fbec_1,External CSV,External food ingredients dataset,0,"Mixed vegetables, Ghee, Basmati rice, spices",Vegetable Biryani,Vegetable Biryani External Food Ingredients Dataset External Csv Mixed Vegetables Ghee Basmati Rice Spices
1,['gluten'],AUG_0000112302711_0,Liebig,"Aliments et boissons à base de végétaux, Aliments d'origine végétale, Aliments à base de fruits et de légumes, Plats préparés, Soupes, Soupes de légumes, Soupes de tomate",1,,Velouté de tomates,velout de tomates aliments et boissons base de v g taux aliments d origine v g tale aliments base de fruits et de l gumes plats pr par s soupes soupes de l gumes soupes de tomate liebig
1,['gluten'],AUG_0000112302711_1,Liebig,"Aliments et boissons à base de végétaux, Aliments d'origine végétale, Aliments à base de fruits et de légumes, Plats préparés, Soupes, Soupes de légumes, Soupes de tomate",1,,Velouté de tomates,Velout De Tomates Aliments Et Boissons Base De V G Taux Aliments D Origine V G Tale Aliments Base De Fruits Et De L Gumes Plats Pr Par S Soupes Soupes De L Gumes Soupes De Tomate Liebig
0,[],AUG_external_csv_vegetable_curry_8c79a396cd11_0,External CSV,External food ingredients dataset,0,"Mixed vegetables, Coconut milk, Curry paste",Vegetable Curry,vegetable curry external food ingredients dataset external csv mixed vegetables coconut milk curry paste
0,[],AUG_external_csv_vegetable_curry_8c79a396cd11_1,External CSV,External food ingredients dataset,0,"Mixed vegetables, Coconut milk, Curry paste",Vegetable Curry,Vegetable Curry External Food Ingredients Dataset External Csv Mixed Vegetables Coconut Milk Curry Paste
0,[],AUG_SYNTHETIC_NEG_0151_0,Simple,Sweetener,0,,Maple Syrup Premium Quality,a syrup grade pure maple
0,[],AUG_SYNTHETIC_NEG_0151_1,Simple,Sweetener,0,,Maple Syrup Premium Quality,A Syrup Grade Pure Maple
2,"['Fish', 'Coconut']",AUG_external_csv_malabar_fish_curry_96c5e676c977_0,External CSV,External food ingredients dataset,1,"Fish, Coconut oil, Tamarind, spices",Malabar Fish Curry,malabar fish curry external food ingredients dataset external csv fish coconut oil tamarind spices
2,"['Fish', 'Coconut']",AUG_external_csv_malabar_fish_curry_96c5e676c977_1,External CSV,External food ingredients dataset,1,"Fish, Coconut oil, Tamarind, spices",Malabar Fish Curry,Malabar Fish Curry External Food Ingredients Dataset External Csv Fish Coconut Oil Tamarind Spices
0,[],AUG_external_csv_beef_tacos_ad7ed202fd60_0,External CSV,External food ingredients dataset,0,"Beef, Vegetable oil, Taco seasoning",Beef Tacos,beef tacos external food ingredients dataset external csv beef vegetable oil taco seasoning
0,[],AUG_external_csv_beef_tacos_ad7ed202fd60_1,External CSV,External food ingredients dataset,0,"Beef, Vegetable oil, Taco seasoning",Beef Tacos,Beef Tacos External Food Ingredients Dataset External Csv Beef Vegetable Oil Taco Seasoning
0,[],AUG_SYNTHETIC_NEG_0077_0,Generic,Condiment,0,,Lemon Juice Pure,lemon juice pure
0,[],AUG_SYNTHETIC_NEG_0077_1,Generic,Condiment,0,,Lemon Juice Pure,Lemon Juice Pure
0,[],AUG_external_csv_orange_juice_84d9c31f0c32_0,External CSV,External food ingredients dataset,0,"Oranges, Sugar",Orange Juice,orange juice external food ingredients dataset external csv oranges sugar
0,[],AUG_external_csv_orange_juice_84d9c31f0c32_1,External CSV,External food ingredients dataset,0,"Oranges, Sugar",Orange Juice,Orange Juice External Food Ingredients Dataset External Csv Oranges Sugar
0,[],AUG_ENHANCED_SEAFOOD_68_0,Enhanced Training,Seafood Training Data,0,seaweed salad,seaweed salad,seaweed salad
0,[],AUG_ENHANCED_SEAFOOD_68_1,Enhanced Training,Seafood Training Data,0,seaweed salad,seaweed salad,Seaweed Salad
1,['Dairy'],AUG_external_csv_caprese_sandwich_8b35f9eee382_0,External CSV,External food ingredients dataset,1,"Tomatoes, Olive oil, Mozzarella cheese, basil",Caprese Sandwich,caprese sandwich external food ingredients dataset external csv tomatoes olive oil mozzarella cheese basil
1,['Dairy'],AUG_external_csv_caprese_sandwich_8b35f9eee382_1,External CSV,External food ingredients dataset,1,"Tomatoes, Olive oil, Mozzarella cheese, basil",Caprese Sandwich,Caprese Sandwich External Food Ingredients Dataset External Csv Tomatoes Olive Oil Mozzarella Cheese Basil
0,[],AUG_SYNTHETIC_NEG_0146_0,Pure,Beverages,0,,Black Tea Organic,black tea leaves
0,[],AUG_SYNTHETIC_NEG_0146_1,Pure,Beverages,0,,Black Tea Organic,Black Tea Leaves
1,['eggs'],AUG_0000260814065_0,Trader Joe's,"Plant-based foods and beverages,Plant-based foods,Cereals and potatoes,Cereals and their products,Specific products,Products for specific diets,Breads,Products without gluten,Gluten-free breads",1,,Gluten free multigrain bread,gluten free multigrain bread plant based foods and beverages plant based foods cereals and potatoes cereals and their products specific products products for specific diets breads products without gluten gluten free breads trader joe s
1,['eggs'],AUG_0000260814065_1,Trader Joe's,"Plant-based foods and beverages,Plant-based foods,Cereals and potatoes,Cereals and their products,Specific products,Products for specific diets,Breads,Products without gluten,Gluten-free breads",1,,Gluten free multigrain bread,Gluten Free Multigrain Bread Plant Based Foods And Beverages Plant Based Foods Cereals And Potatoes Cereals And Their Products Specific Products Products For Specific Diets Breads Products Without Gluten Gluten Free Breads Trader Joe S
2,"['eggs', 'fish']",AUG_00000751_0,NutriVein,"Dietary supplements,Supplement",1,,Multi Collagen Protein,multi collagen protein dietary supplements supplement nutrivein
2,"['eggs', 'fish']",AUG_00000751_1,NutriVein,"Dietary supplements,Supplement",1,,Multi Collagen Protein,Multi Collagen Protein Dietary Supplements Supplement Nutrivein
4,"['celery', 'gluten', 'milk', 'none']",AUG_0000112302754_0,liebig,"Plats préparés, Soupes, Soupes à réchauffer",1,,pur soup' mouliné de 5 légumes verts,pur soup moulin de 5 l gumes verts plats pr par s soupes soupes r chauffer liebig
4,"['celery', 'gluten', 'milk', 'none']",AUG_0000112302754_1,liebig,"Plats préparés, Soupes, Soupes à réchauffer",1,,pur soup' mouliné de 5 légumes verts,Pur Soup Moulin De 5 L Gumes Verts Plats Pr Par S Soupes Soupes R Chauffer Liebig
0,[],AUG_external_csv_chole_kulche_6e101a2819ac_0,External CSV,External food ingredients dataset,0,"Chickpeas, Ghee, Kulcha bread, spices",Chole Kulche,chole kulche external food ingredients dataset external csv chickpeas ghee kulcha bread spices
0,[],AUG_external_csv_chole_kulche_6e101a2819ac_1,External CSV,External food ingredients dataset,0,"Chickpeas, Ghee, Kulcha bread, spices",Chole Kulche,Chole Kulche External Food Ingredients Dataset External Csv Chickpeas Ghee Kulcha Bread Spices
2,"['Wheat', 'Dairy']",AUG_external_csv_berry_cobbler_7c6c12bc26cc_0,External CSV,External food ingredients dataset,1,"Mixed berries, Sugar, Butter, Flour",Berry Cobbler,berry cobbler external food ingredients dataset external csv mixed berries sugar butter flour
2,"['Wheat', 'Dairy']",AUG_external_csv_berry_cobbler_7c6c12bc26cc_1,External CSV,External food ingredients dataset,1,"Mixed berries, Sugar, Butter, Flour",Berry Cobbler,Berry Cobbler External Food Ingredients Dataset External Csv Mixed Berries Sugar Butter Flour
1,['fish'],AUG_ENHANCED_SEAFOOD_29_0,Enhanced Training,Seafood Training Data,1,fish stew,fish stew,fish stew
1,['fish'],AUG_ENHANCED_SEAFOOD_29_1,Enhanced Training,Seafood Training Data,1,fish stew,fish stew,Fish Stew
2,"['Fish', 'Eggs']",AUG_external_csv_tuna_sandwich_d05451267a00_0,External CSV,External food ingredients dataset,1,"Tuna, Mayonnaise, Salt, Pepper",Tuna Sandwich,tuna sandwich external food ingredients dataset external csv tuna mayonnaise salt pepper
2,"['Fish', 'Eggs']",AUG_external_csv_tuna_sandwich_d05451267a00_1,External CSV,External food ingredients dataset,1,"Tuna, Mayonnaise, Salt, Pepper",Tuna Sandwich,Tuna Sandwich External Food Ingredients Dataset External Csv Tuna Mayonnaise Salt Pepper
1,['fish'],AUG_ENHANCED_SEAFOOD_16_0,Enhanced Training,Seafood Training Data,1,fish collagen peptides,fish collagen peptides,fish collagen peptides
1,['fish'],AUG_ENHANCED_SEAFOOD_16_1,Enhanced Training,Seafood Training Data,1,fish collagen peptides,fish collagen peptides,Fish Collagen Peptides
0,[],AUG_external_csv_pani_puri_95cb9a66c79b_0,External CSV,External food ingredients dataset,0,"Semolina, Tamarind, Spiced water, chutney",Pani Puri,pani puri external food ingredients dataset external csv semolina tamarind spiced water chutney
0,[],AUG_external_csv_pani_puri_95cb9a66c79b_1,External CSV,External food ingredients dataset,0,"Semolina, Tamarind, Spiced water, chutney",Pani Puri,Pani Puri External Food Ingredients Dataset External Csv Semolina Tamarind Spiced Water Chutney
0,[],AUG_external_csv_chicken_noodle_soup_d41cf01242b6_0,External CSV,External food ingredients dataset,0,"Chicken, Vegetable oil, Noodles, vegetables",Chicken Noodle Soup,chicken noodle soup external food ingredients dataset external csv chicken vegetable oil noodles vegetables
0,[],AUG_external_csv_chicken_noodle_soup_d41cf01242b6_1,External CSV,External food ingredients dataset,0,"Chicken, Vegetable oil, Noodles, vegetables",Chicken Noodle Soup,Chicken Noodle Soup External Food Ingredients Dataset External Csv Chicken Vegetable Oil Noodles Vegetables
0,[],AUG_external_csv_chicken_shawarma_4e1ae51da8c0_0,External CSV,External food ingredients dataset,0,"Chicken, Olive oil, Shawarma spices",Chicken Shawarma,chicken shawarma external food ingredients dataset external csv chicken olive oil shawarma spices
0,[],AUG_external_csv_chicken_shawarma_4e1ae51da8c0_1,External CSV,External food ingredients dataset,0,"Chicken, Olive oil, Shawarma spices",Chicken Shawarma,Chicken Shawarma External Food Ingredients Dataset External Csv Chicken Olive Oil Shawarma Spices
1,['Dairy'],AUG_external_csv_chicken_malai_tikka_0b234f526be5_0,External CSV,External food ingredients dataset,1,"Chicken, Cream, Spices",Chicken Malai Tikka,chicken malai tikka external food ingredients dataset external csv chicken cream spices
1,['Dairy'],AUG_external_csv_chicken_malai_tikka_0b234f526be5_1,External CSV,External food ingredients dataset,1,"Chicken, Cream, Spices",Chicken Malai Tikka,Chicken Malai Tikka External Food Ingredients Dataset External Csv Chicken Cream Spices
0,[],AUG_external_csv_mango_salsa_dbab68e71ca8_0,External CSV,External food ingredients dataset,0,"Mango, Red onion, lime",Mango Salsa,mango salsa external food ingredients dataset external csv mango red onion lime
0,[],AUG_external_csv_mango_salsa_dbab68e71ca8_1,External CSV,External food ingredients dataset,0,"Mango, Red onion, lime",Mango Salsa,Mango Salsa External Food Ingredients Dataset External Csv Mango Red Onion Lime
1,['gluten'],AUG_0000112302669_0,Liebig,"Plats préparés, Soupes, Soupes froides",1,,Gaspacho à l'andalouse,gaspacho l andalouse plats pr par s soupes soupes froides liebig
1,['gluten'],AUG_0000112302669_1,Liebig,"Plats préparés, Soupes, Soupes froides",1,,Gaspacho à l'andalouse,Gaspacho L Andalouse Plats Pr Par S Soupes Soupes Froides Liebig
0,[],AUG_external_csv_greek_moussaka_14f7e7076445_0,External CSV,External food ingredients dataset,0,"Eggplant, Olive oil, Ground meat, potatoes",Greek Moussaka,greek moussaka external food ingredients dataset external csv eggplant olive oil ground meat potatoes
0,[],AUG_external_csv_greek_moussaka_14f7e7076445_1,External CSV,External food ingredients dataset,0,"Eggplant, Olive oil, Ground meat, potatoes",Greek Moussaka,Greek Moussaka External Food Ingredients Dataset External Csv Eggplant Olive Oil Ground Meat Potatoes
0,[],AUG_SYNTHETIC_NEG_0113_0,Natural,Sweetener,0,,Coconut Sugar Natural,coconut palm sugar
0,[],AUG_SYNTHETIC_NEG_0113_1,Natural,Sweetener,0,,Coconut Sugar Natural,Coconut Palm Sugar
1,['Milk'],AUG_external_csv_milk_chocolate_c7d4643ad28b_0,External CSV,External food ingredients dataset,1,"Sugar, Cocoa butter, Milk powder, Vanilla extract",Milk Chocolate,milk chocolate external food ingredients dataset external csv sugar cocoa butter milk powder vanilla extract
1,['Milk'],AUG_external_csv_milk_chocolate_c7d4643ad28b_1,External CSV,External food ingredients dataset,1,"Sugar, Cocoa butter, Milk powder, Vanilla extract",Milk Chocolate,Milk Chocolate External Food Ingredients Dataset External Csv Sugar Cocoa Butter Milk Powder Vanilla Extract
0,[],AUG_external_csv_spinach_salad_81fe119bf9f9_0,External CSV,External food ingredients dataset,0,"Spinach, Olive oil, Balsamic vinaigrette",Spinach Salad,spinach salad external food ingredients dataset external csv spinach olive oil balsamic vinaigrette
0,[],AUG_external_csv_spinach_salad_81fe119bf9f9_1,External CSV,External food ingredients dataset,0,"Spinach, Olive oil, Balsamic vinaigrette",Spinach Salad,Spinach Salad External Food Ingredients Dataset External Csv Spinach Olive Oil Balsamic Vinaigrette
0,[],AUG_SYNTHETIC_NEG_0094_0,Generic,Condiment,0,,Apple Cider Vinegar Premium,raw vinegar apple cider unfiltered
0,[],AUG_SYNTHETIC_NEG_0094_1,Generic,Condiment,0,,Apple Cider Vinegar Premium,Raw Vinegar Apple Cider Unfiltered
0,[],AUG_external_csv_brussels_sprouts_f7681a62f0c4_0,External CSV,External food ingredients dataset,0,"Brussels sprouts, Olive oil, Balsamic glaze",Brussels Sprouts,brussels sprouts external food ingredients dataset external csv brussels sprouts olive oil balsamic glaze
0,[],AUG_external_csv_brussels_sprouts_f7681a62f0c4_1,External CSV,External food ingredients dataset,0,"Brussels sprouts, Olive oil, Balsamic glaze",Brussels Sprouts,Brussels Sprouts External Food Ingredients Dataset External Csv Brussels Sprouts Olive Oil Balsamic Glaze
0,[],AUG_external_csv_chicken_biryani_ab07ace74f1a_0,External CSV,External food ingredients dataset,0,"Chicken, Ghee, Basmati rice, spices",Chicken Biryani,chicken biryani external food ingredients dataset external csv chicken ghee basmati rice spices
0,[],AUG_external_csv_chicken_biryani_ab07ace74f1a_1,External CSV,External food ingredients dataset,0,"Chicken, Ghee, Basmati rice, spices",Chicken Biryani,Chicken Biryani External Food Ingredients Dataset External Csv Chicken Ghee Basmati Rice Spices
0,[],AUG_external_csv_gobi_manchurian_e2356af645fb_0,External CSV,External food ingredients dataset,0,"Cauliflower, Oil, Manchurian sauce",Gobi Manchurian,gobi manchurian external food ingredients dataset external csv cauliflower oil manchurian sauce
0,[],AUG_external_csv_gobi_manchurian_e2356af645fb_1,External CSV,External food ingredients dataset,0,"Cauliflower, Oil, Manchurian sauce",Gobi Manchurian,Gobi Manchurian External Food Ingredients Dataset External Csv Cauliflower Oil Manchurian Sauce
0,[],AUG_SYNTHETIC_NEG_0086_0,Natural,Grains,0,,Jasmine Rice Pure,rice jasmine fragrant
0,[],AUG_SYNTHETIC_NEG_0086_1,Natural,Grains,0,,Jasmine Rice Pure,Rice Jasmine Fragrant
2,"['Dairy', 'Eggs']",AUG_external_csv_quiche_lorraine_93cd433d116a_0,External CSV,External food ingredients dataset,1,"Bacon, Heavy cream, Cheese, eggs",Quiche Lorraine,quiche lorraine external food ingredients dataset external csv bacon heavy cream cheese eggs
2,"['Dairy', 'Eggs']",AUG_external_csv_quiche_lorraine_93cd433d116a_1,External CSV,External food ingredients dataset,1,"Bacon, Heavy cream, Cheese, eggs",Quiche Lorraine,Quiche Lorraine External Food Ingredients Dataset External Csv Bacon Heavy Cream Cheese Eggs
1,['milk'],AUG_0000300000335_0,Unknown Brand,Baby foods,1,,Unknown Product,unknown product baby foods unknown brand
1,['milk'],AUG_0000300000335_1,Unknown Brand,Baby foods,1,,Unknown Product,Unknown Product Baby Foods Unknown Brand
1,['gluten'],AUG_0000112307267_0,Liebig,"Aliments et boissons à base de végétaux, Aliments d'origine végétale, Aliments à base de fruits et de légumes, Plats préparés, Soupes, Soupes de légumes",1,,Mouliné de Légumes Verts,moulin de l gumes verts aliments et boissons base de v g taux aliments d origine v g tale aliments base de fruits et de l gumes plats pr par s soupes soupes de l gumes liebig
1,['gluten'],AUG_0000112307267_1,Liebig,"Aliments et boissons à base de végétaux, Aliments d'origine végétale, Aliments à base de fruits et de légumes, Plats préparés, Soupes, Soupes de légumes",1,,Mouliné de Légumes Verts,Moulin De L Gumes Verts Aliments Et Boissons Base De V G Taux Aliments D Origine V G Tale Aliments Base De Fruits Et De L Gumes Plats Pr Par S Soupes Soupes De L Gumes Liebig
0,[],AUG_SYNTHETIC_NEG_0199_0,Classic,Beverages,0,,Coconut Water Fine,pure coconut water
0,[],AUG_SYNTHETIC_NEG_0199_1,Classic,Beverages,0,,Coconut Water Fine,Pure Coconut Water
3,"['fish', 'milk', 'wheat']",AUG_ENHANCED_SEAFOOD_32_0,Enhanced Training,Seafood Training Data,1,smoked salmon cream cheese bagel,smoked salmon cream cheese bagel,smoked salmon cream cheese bagel
3,"['fish', 'milk', 'wheat']",AUG_ENHANCED_SEAFOOD_32_1,Enhanced Training,Seafood Training Data,1,smoked salmon cream cheese bagel,smoked salmon cream cheese bagel,Smoked Salmon Cream Cheese Bagel
0,[],AUG_external_csv_sweet_and_sour_chicken_136f7cdf81a1_0,External CSV,External food ingredients dataset,0,"Chicken, Sugar, Vegetable oil, Pineapple, bell peppers",Sweet and Sour Chicken,sweet and sour chicken external food ingredients dataset external csv chicken sugar vegetable oil pineapple bell peppers
0,[],AUG_external_csv_sweet_and_sour_chicken_136f7cdf81a1_1,External CSV,External food ingredients dataset,0,"Chicken, Sugar, Vegetable oil, Pineapple, bell peppers",Sweet and Sour Chicken,Sweet And Sour Chicken External Food Ingredients Dataset External Csv Chicken Sugar Vegetable Oil Pineapple Bell Peppers
1,['Dairy'],AUG_external_csv_chicken_korma_ab9a2534c0ab_0,External CSV,External food ingredients dataset,1,"Chicken, Ghee, Creamy sauce, spices",Chicken Korma,chicken korma external food ingredients dataset external csv chicken ghee creamy sauce spices
1,['Dairy'],AUG_external_csv_chicken_korma_ab9a2534c0ab_1,External CSV,External food ingredients dataset,1,"Chicken, Ghee, Creamy sauce, spices",Chicken Korma,Chicken Korma External Food Ingredients Dataset External Csv Chicken Ghee Creamy Sauce Spices
0,[],AUG_external_csv_chicken_and_rice_soup_ade48e7e00e3_0,External CSV,External food ingredients dataset,0,"Chicken, Vegetable oil, Rice, vegetables",Chicken and Rice Soup,chicken and rice soup external food ingredients dataset external csv chicken vegetable oil rice vegetables
0,[],AUG_external_csv_chicken_and_rice_soup_ade48e7e00e3_1,External CSV,External food ingredients dataset,0,"Chicken, Vegetable oil, Rice, vegetables",Chicken and Rice Soup,Chicken And Rice Soup External Food Ingredients Dataset External Csv Chicken Vegetable Oil Rice Vegetables
1,['sesame-seeds'],AUG_00002955_0,Kaoka,"Snacks, Snacks sucrés, Cacao et dérivés, Chocolats, Chocolats noirs, Chocolats noirs en tablette",1,,Chocolat noir sésame complet,chocolat noir s same complet snacks snacks sucr s cacao et d riv s chocolats chocolats noirs chocolats noirs en tablette kaoka
1,['sesame-seeds'],AUG_00002955_1,Kaoka,"Snacks, Snacks sucrés, Cacao et dérivés, Chocolats, Chocolats noirs, Chocolats noirs en tablette",1,,Chocolat noir sésame complet,Chocolat Noir S Same Complet Snacks Snacks Sucr S Cacao Et D Riv S Chocolats Chocolats Noirs Chocolats Noirs En Tablette Kaoka
1,['shellfish'],AUG_ENHANCED_SEAFOOD_54_0,Enhanced Training,Seafood Training Data,1,mussels marinara,mussels marinara,mussels marinara
1,['shellfish'],AUG_ENHANCED_SEAFOOD_54_1,Enhanced Training,Seafood Training Data,1,mussels marinara,mussels marinara,Mussels Marinara
0,[],AUG_SYNTHETIC_NEG_0002_0,Simple,Sweetener,0,,Brown Sugar Fine,brown sugar molasses cane sugar
0,[],AUG_SYNTHETIC_NEG_0002_1,Simple,Sweetener,0,,Brown Sugar Fine,Brown Sugar Molasses Cane Sugar
1,['sulphur-dioxide-and-sulphites'],AUG_0000131327786_0,Sainsbury's,Lime Cordial,1,,Lime Cordial,lime cordial lime cordial sainsbury s
1,['sulphur-dioxide-and-sulphites'],AUG_0000131327786_1,Sainsbury's,Lime Cordial,1,,Lime Cordial,Lime Cordial Lime Cordial Sainsbury S
5,"['eggs', 'gluten', 'milk', 'nuts', 'soybeans']",AUG_00000055_0,Carbide Forte,"Snacks,Snacks sucrés,Biscuits et gâteaux,Gâteaux,Gâteaux au chocolat,Moelleux au chocolat",1,,Calcium,calcium snacks snacks sucr s biscuits et g teaux g teaux g teaux au chocolat moelleux au chocolat carbide forte
5,"['eggs', 'gluten', 'milk', 'nuts', 'soybeans']",AUG_00000055_1,Carbide Forte,"Snacks,Snacks sucrés,Biscuits et gâteaux,Gâteaux,Gâteaux au chocolat,Moelleux au chocolat",1,,Calcium,Calcium Snacks Snacks Sucr S Biscuits Et G Teaux G Teaux G Teaux Au Chocolat Moelleux Au Chocolat Carbide Forte
2,"['eggs', 'gluten']",AUG_00000996_0,La Quinta,"Botanas, Snacks dulces, Dulces, Alimentos festivos, Gastronomía navideña, Dulces de Navidad, Alfajores",1,,Alfajor Dulce de leche,alfajor dulce de leche botanas snacks dulces dulces alimentos festivos gastronom a navide a dulces de navidad alfajores la quinta
2,"['eggs', 'gluten']",AUG_00000996_1,La Quinta,"Botanas, Snacks dulces, Dulces, Alimentos festivos, Gastronomía navideña, Dulces de Navidad, Alfajores",1,,Alfajor Dulce de leche,Alfajor Dulce De Leche Botanas Snacks Dulces Dulces Alimentos Festivos Gastronom A Navide A Dulces De Navidad Alfajores La Quinta
1,['milk'],AUG_00001437_0,Herbalife,"Compléments alimentaires, Compléments pour le Bodybuilding",1,,Rebuild,rebuild compl ments alimentaires compl ments pour le bodybuilding herbalife
1,['milk'],AUG_00001437_1,Herbalife,"Compléments alimentaires, Compléments pour le Bodybuilding",1,,Rebuild,Rebuild Compl Ments Alimentaires Compl Ments Pour Le Bodybuilding Herbalife
0,[],AUG_SYNTHETIC_NEG_0201_0,Basic,Sweetener,0,,White Sugar Pure,cane sweetener sucrose sugar
0,[],AUG_SYNTHETIC_NEG_0201_1,Basic,Sweetener,0,,White Sugar Pure,Cane Sweetener Sucrose Sugar
0,[],AUG_external_csv_coconut_curry_4137fd42f1b2_0,External CSV,External food ingredients dataset,0,"Chicken, Coconut milk, Curry paste",Coconut Curry,coconut curry external food ingredients dataset external csv chicken coconut milk curry paste
0,[],AUG_external_csv_coconut_curry_4137fd42f1b2_1,External CSV,External food ingredients dataset,0,"Chicken, Coconut milk, Curry paste",Coconut Curry,Coconut Curry External Food Ingredients Dataset External Csv Chicken Coconut Milk Curry Paste
0,[],AUG_SYNTHETIC_NEG_0184_0,Essential,Beverages,0,,Black Coffee Premium,arabica coffee beans
0,[],AUG_SYNTHETIC_NEG_0184_1,Essential,Beverages,0,,Black Coffee Premium,Arabica Coffee Beans
3,"['eggs', 'gluten', 'milk']",AUG_00000010_0,xxx,"Beverages and beverages preparations, Beverages, Snacks, Desserts, Sweet snacks, Biscuits and cakes, Biscuits and crackers, Biscuits, Cakes, Pound Cake, Madeleines, Plain madeleines",1,,xxx,xxx beverages and beverages preparations beverages snacks desserts sweet snacks biscuits and cakes biscuits and crackers biscuits cakes pound cake madeleines plain madeleines xxx
3,"['eggs', 'gluten', 'milk']",AUG_00000010_1,xxx,"Beverages and beverages preparations, Beverages, Snacks, Desserts, Sweet snacks, Biscuits and cakes, Biscuits and crackers, Biscuits, Cakes, Pound Cake, Madeleines, Plain madeleines",1,,xxx,Xxx Beverages And Beverages Preparations Beverages Snacks Desserts Sweet Snacks Biscuits And Cakes Biscuits And Crackers Biscuits Cakes Pound Cake Madeleines Plain Madeleines Xxx
